ID,Suitability: Attacking Midfielder,Suitability: Center Back,Suitability: Central Midfielder,Suitability: Defensive Midfielder,Suitability: Full Back,Suitability: Striker,Suitability: Wide Midfielder,Suitability: Winger
20801,,,,,,89.51,,
25798,,,,,,79.718,,
69957,,,,,72.914,,,
69963,,,,,,75.136,58.82808701682104,61.08356242827682
69965,,,69.78,,,,,
69967,,,,,,79.74,57.67345191078428,
69987,59.38849956024076,,,,,,74.78,52.717635726589904
69992,,,,,,75.69800000000001,,
69996,,,,,71.28999999999999,,,
69997,,,78.27,56.17873818502173,,,,
70004,,,80.67,,,,,
70005,54.267582041837244,,,,,,77.088,
70007,,72.60978524568254,,76.94,,,,
70011,,,75.496,,,,,
70012,,,,,75.482,,,
70014,71.9,,,,,,70.41356605890702,50.054835581641555
70015,,71.74000000000001,,,,,,
70017,61.47135639125209,,,,,,72.946,54.07802573889168
70018,,70.83812581481473,,,69.45,,,
70020,,,78.352,60.62538200707317,,,,
70022,73.24,,67.52133415950235,,,,,
70025,,71.7,,,,,,
70026,,,,,,63.894260516281335,72.234,
70035,,,,,,,72.956,53.54900097570024
70049,,,,,,71.54599999999999,,
70053,50.78382244405954,,73.346,,,,,
70069,,,72.50399999999999,,,,,
70084,,76.4,,,,,,
70092,,,,,,52.9262122557718,71.354,51.07953449822162
70096,52.44206016489778,,72.536,,,,,
70103,,72.0,,,,,,
70104,,74.95,,,,,,
70105,,74.0,,,,,,
70107,,,,,72.9,,,
70108,,,,,72.79,,,
70109,,,70.862,53.38136918198916,,,,
70111,,,73.498,53.87060973192043,,,,
70114,,,74.844,,,,,
70115,,,50.488321753317656,61.130854911955936,,,71.406,
70120,,,,,74.31,,,
70124,,53.24109862084275,49.90335275252579,72.91,,,,
70126,,,,,,72.584,,
70129,60.10167853599974,,,,,,63.400106541627,77.354
70136,,72.52,,,,,,
70138,,73.12,,,,,,
70149,,,,,,71.96000000000001,,
70160,,77.65,,,,,,
70162,71.2,,64.940832097541,50.882266736988484,,,,
70163,,,71.842,,,,,
70164,,,,,54.078103533739416,52.10673043598965,72.674,
70166,72.58,,62.87738419127885,,,,,
70168,,56.700108873251125,,,71.488,,,
70170,,52.174673625654705,,,72.06,,,
70176,,75.34,,,68.39967928615859,,,
70185,,,,,74.492,,54.498457538743025,
70186,69.63,,,,,,59.79843399516614,48.8580046395517
70187,,,,,,73.55199999999999,,
70191,71.05,,,,,,50.29515670484382,48.32605762873297
70192,,73.26,,,,,,
70195,,,52.52495289489047,75.42,,,,
70198,,,,,,70.17931846598763,75.368,
70203,,,74.748,60.2363424621671,,,,
70214,,76.43,,,,,,
70228,69.93,,,,,49.60545864465518,55.02647779964518,
70229,,73.16144859581894,,74.8,,,,
70230,,,53.93916574694326,70.87,,,,
70237,,,,,,70.364,,
70241,,,,,,,70.586,50.27356742997376
70249,,,,,,73.814,,
70252,,77.11,,,,,,
70253,,73.74,,,49.44102478209396,,,
70264,,,,,72.22800000000001,,50.00839894477084,
70265,,,67.01665980756638,75.49,,,,
70268,,,,,,,71.74,54.89815226470543
70273,,,,,,70.884,,
70275,71.62,,,,,,56.49442378972584,52.293661036517165
70277,,72.36,,,,,,
70283,52.09066327217733,,73.384,,,,,
70291,52.87442888250685,,73.572,,,,,
70295,,73.06,,51.15351557301662,,,,
70297,,,,,72.42,,60.99270195684948,
70298,,,75.228,62.90931392950664,,,,
70301,,,,,,74.004,,
70327,,,,,,70.99600000000001,56.59382910134279,51.82481404853046
70328,52.242833760105974,,,,,,57.642285292806115,71.428
70330,,,,,71.474,,54.041751193663124,
70331,54.04850742231372,,73.242,,,,,
70332,,75.06,,,,,,
70333,,,,,,76.806,,
70334,64.18457835909778,,,,,,60.679119286321104,78.666
70335,,,61.556571742510044,76.13,,,,
70344,,,,,78.894,,,
70415,,,,,,80.34,,
70419,,,77.032,56.83790141307157,,,,
70427,,,,,,,77.154,61.4731817806048
70430,,,,,,,71.428,63.23981242762767
70436,,,,,,70.366,,
70438,72.25999999999999,,,,,,66.87423965445325,53.88798571920657
70440,,,,,,63.410319585222375,51.57062407385934,73.924
70441,77.1,,,,,,56.31192478745898,
70448,,,,,74.56,,62.96727461020081,
70450,,,,51.635546623781345,72.75999999999999,,,
70458,,,,,,,71.98400000000001,56.384235593433075
70460,,,,,,71.818,,
70462,,72.4,,,,,,
70465,70.01,,62.63959570590288,,,,,
70471,53.76521628424063,,75.206,,,,60.81379372525913,
70473,,,,,73.29599999999999,,,
70475,,,,,,,55.84184572749464,74.324
70477,58.24009515865164,,73.324,,,,53.355935009061504,
70480,,,,,,72.166,59.69613361292992,59.38787982327685
70481,,,70.648,50.71907151901094,,,,
70482,,76.64,,,,,,
70496,,,,,,51.93102096570299,75.45,60.13939510785291
70497,77.72,,,,,,59.39775633316333,56.64412306992734
70500,,,59.54528806757317,72.47,,,,
70511,,,,,,70.348,56.77679683972026,54.65301883355537
70539,,,,,,70.678,,
70545,,,,,,,72.126,49.83735055173655
70550,,75.18,,,,,,
70569,,,75.48,61.979009018620935,,,,
70571,,,,,,,73.61085265330775,82.252
70577,,73.34,,,,,,
70582,,55.12501792125425,,,75.2,,,
70626,,,,,,,61.41604664220607,72.636
70628,59.06981926228844,,,,,,66.0783845714259,77.19200000000001
70631,47.50656752763727,,,,,,71.308,52.917106836512176
70650,,,,,,76.462,54.58880130598543,
70651,,,,,,,80.294,63.266537513547
70670,,,,,76.55199999999999,,,
70671,,,,,78.788,,,
70676,,,70.834,47.86543326686068,,,,
70679,,76.73,,,,,,
70680,,,60.6908872419103,50.84162981036715,,,70.994,
70685,,,,,,,72.74,54.840191544433644
70687,49.672812039775856,,65.98963135452516,,,,,72.724
70689,,,71.164,68.52902127158275,,,,
70690,51.65956586150606,,68.40941757239096,,,,75.658,
70693,,77.86,,,,,,
70694,53.712398432120594,,74.94800000000001,,,,,
70697,,76.46000000000001,,,,,,
70699,,70.93,,,,,,
70701,,,,,76.592,,,
70703,,,,,,,66.99894084344793,78.69200000000001
70710,56.5693865401148,,72.872,,,,,
70711,,,,,,,72.292,
70712,,,,,,73.08,,
70723,,,,,75.994,,,
70725,,,,,,,76.688,56.03567806370172
70726,,,,,,,69.16111838499808,82.368
70728,51.32811399218812,,75.362,,,,,
70730,,77.65,,,,,,
70745,,,,,72.824,,,
70746,,71.19,,,,,,
70752,,77.6,,,,,,
70753,,,69.424,53.144032409430096,,,,
70754,,,,,,70.334,,
70756,,,61.25243601482963,72.44,,,,
70765,,,,,,70.98,,
70766,,,,,73.386,,,
70768,,57.99465888047249,,76.81,,,,
70786,,,75.9,,,,,
70787,,,,,,,73.758,55.02735174839212
70801,,,,,,,75.374,60.68319010773988
70810,,,,,,76.998,,
70822,,,,,,,82.876,68.22468424610976
70824,,76.99,,,,,,
70832,,,,78.85,,,,
70838,,,53.3609465343656,,75.094,,58.26521716663003,
70841,,,69.79016046646511,57.042193937850705,,,79.72200000000001,
70843,70.09,,,,,,,
70845,54.79448935841624,,77.77,,,,,
70848,,,,,,69.294,58.06013844694655,54.64712275496289
70860,70.0,,,,,66.38043507917371,,
70862,49.83833064560149,,73.194,,,,,
70869,,72.81,,,,,,
70878,,72.37,,,,,,
70885,,,71.174,,,,,
70887,57.26603695914916,,78.018,,,,,
70888,,,57.32637602253592,,61.10881966644632,,80.27,
70893,73.47,,,,,,61.23016784176329,59.52992677234089
70902,,,,,,,66.39099980564554,79.614
70903,,,71.50379232262651,77.14,,,,
70906,,65.49386264767487,,70.05,,,,
70908,,,,,,76.576,,
70909,,,,,71.25,,,
70916,,48.741187581457304,,,70.226,,,
70918,,71.86,,,,,,
70922,,,,,,,75.9,60.55168099836457
70928,,74.64,,,,,,
70937,,,55.94394515184209,76.31,,,,
70946,,,,,,76.584,,
70948,,,73.502,,,,,
70951,,71.43,,,,,,
70953,,,70.184,49.56159620641731,,,,
70956,48.43908294331042,,,,,,73.696,55.76780321734643
70958,52.67850513790382,,76.408,,,,,
70960,,,,,74.594,,,
70963,,,,,,,71.494,50.32560569515624
70966,,73.34,,,,,,
70967,,,,,,76.408,,
70968,,,,,,,66.48224957839281,73.426
70971,,,,,,,79.728,63.639783736270566
70994,,,,,,52.13348977576411,76.77799999999999,60.4719417185614
70996,,,57.247751757993285,75.23,54.547654098308286,,,
70999,,,70.954,,,,,
71003,,,,74.88,,,,
71005,,,,,,61.95411917210345,49.3966649778322,71.21
71013,,,,,,,71.02989269891548,79.48
71046,,71.96000000000001,,,,,,
71059,48.92962791530085,,70.286,,,,,
71066,,,,,,73.894,,
71078,,,,,71.596,,50.7059992836907,
71084,51.54128453392172,,73.656,,,,,
71091,,74.1,,,,,,
71101,,,,,,72.78399999999999,,
71103,,73.45,,,,,,
71106,,,,,,,77.484,59.52311323884774
71108,,,,,72.588,,,
71110,,,,,,,66.93157230330858,77.344
71114,,,79.206,56.7206812552646,,,,
71115,,,,,74.428,,,
71151,,,71.86,52.23176388785944,54.21913073222651,,,
71169,,,64.93587244568923,71.28999999999999,,,,
71170,,,74.382,,,,,
71174,,,73.514,,,,,
71178,63.33182494364774,,,,,,75.68,54.64586082681096
71181,,,,,,73.176,,
71205,,,,,,,73.166,52.65689369681119
71215,,,,,,74.45,,
71218,,,60.113332922198566,71.55,,,,
71224,,,,,74.998,,,
71230,,,77.342,,62.30596855767849,,56.31930207865781,
71231,,,,,73.644,,,
71242,,,,,,,74.792,59.16111944430682
71243,,75.43,,,,,,
71257,,,,,,71.588,,
71258,50.57510678489785,,58.68824851921295,,,,72.656,
71259,,,57.01272811200809,80.4,,,,
71261,,76.79,,,,,,
71291,,,,,,,74.946,58.779017439951346
71292,,73.89,,56.53041961665308,,,,
71296,59.89958080226881,,70.828,,,,,
71297,53.39964236342444,,,,,75.274,,
71305,,,,,79.48400000000001,,,
71309,,71.96000000000001,,,,,,
71330,,77.44,,,,,,
71342,,,69.844,,,,,
71343,,,,,,,69.47385824513923,76.236
71350,,75.56,,,,,,
71351,,54.00557883615392,,76.48,,,,
71359,,,71.516,,,,52.21687712841985,
71388,,75.47,,,,,,
71400,,,,,73.72,,,
71401,51.696911278077884,,73.754,,,,,
71407,,71.94,,,,,,
71418,,,,,,,78.536,60.360156069572085
71420,,,,,,,58.868054942801464,72.53399999999999
71451,,,,,76.642,,55.28891889427236,
71455,48.616060717325986,,,,,,72.298,53.59044362895755
71474,54.12792843696474,,,,,70.80799999999999,63.675370703384374,
71478,52.766139622608804,,,,,,58.12570887368505,71.918
71485,60.59092162939788,,72.988,,,,54.96446337680495,
71487,,76.56,,,,,,
71491,,,,,70.898,,49.79275906472569,
71532,78.7,,71.21428715698858,,,,,
71546,,,,,69.95454005892898,,73.956,
71553,,73.4,,,,,,
71590,,,,,,,60.12132783938291,72.728
71598,,,69.098,55.04501897059107,,,,
71611,,73.52,,,,,,
71618,,,,,,,72.422,54.074551709595085
71634,,,,,57.76422055297329,,71.53,
71646,,,,,,69.74000000000001,57.758601941529164,53.59536120218444
71651,,,,,77.124,,,
71655,,72.46000000000001,,,,,,
71671,69.09,,,,,,,
71672,,,,,77.684,,,
71681,,,53.52279610630631,,74.336,,54.47112611528286,
71682,,,,,,74.762,,
71727,,,,,76.56,,,
71729,,72.53,,48.316627224178255,,,,
71730,,,,,,,66.11364476026785,74.146
71735,,,,,,,69.05314203681665,72.614
71778,,,,,72.27,,,
71786,,,72.124,61.399582630259744,,,,
71814,,,,71.32,,,,
71843,,,,,,70.51,,
71857,,,67.0277955455214,71.42999999999999,,,,
71858,,72.57,,,,,,
71861,,,,,,72.466,,
71864,,75.06,,,,,,
71867,,,,,71.48400000000001,,,
71882,,74.58,,,,,,
71897,,71.00999999999999,,51.204707730108964,,,,
71907,,,,,,70.446,,
71910,53.122976941197955,,72.756,,,,,
71911,,,,,,,70.898,51.952777224306914
71912,,,,,74.46600000000001,,,
71914,,,,,,,72.62,60.894816281985186
71925,47.91553035334819,,71.02,,,,,
71944,,,63.37532931135658,74.34,,,,
71959,,,55.4802979137944,,74.104,,53.24294055967088,
71960,,,,,73.318,,,
71972,,52.39089027954148,,72.08,,,,
71973,,,,,,70.822,,
71977,70.8,,50.67781888437216,,,,47.18288222521397,
71981,,,59.16733910542594,,74.832,,59.84453196837307,
71994,,,,,71.684,,52.450570829559894,
71996,,,46.4756264884975,70.39,,,,
71998,56.423800251136505,,,,,,78.342,59.55990609765959
72006,,52.770639864200355,,74.03,,,,
72018,,60.19798979952678,,,72.214,,,
72020,,,,,,,70.84,54.97194325843539
72034,51.32467017676775,,,,,,58.42974389351357,71.03399999999999
72071,,,,,,,68.28276377729158,76.128
72093,,,,,81.178,,,
72095,,70.89,,,,,,
72097,,73.77,,,,,,
72098,71.22,,61.90731058653,,,,50.78956944202549,
72099,,,,,73.196,,,
72100,,,,,72.468,,,
72107,,,,,68.848,,,
72128,,,,,72.64,,,
72130,,,,,72.93,,,
72133,,,,,,74.316,,
72134,,,,,,,72.246,58.30056249241632
72136,,,,,,,75.674,58.76725924703598
72137,,,53.272873041593925,,54.321111879620865,,76.318,
72138,74.27,,,,,,62.04566341490855,
72159,,,,,,,72.00491930701715,79.152
72180,,,,,59.69403217483594,,75.80199999999999,
72212,,,,,72.536,,,
72245,,,,,73.094,,,
72246,71.91,,71.31047289003689,,,,,
72250,,70.95137434491944,,,69.55799999999999,,,
72254,,75.58,,,,,,
72267,73.95,,,,,,63.890856918854105,52.33217191114166
72284,,,59.989706634070494,71.08,,,,
72293,51.30012412429594,,,,,,61.86417175658567,75.316
72299,,,,,72.556,,,
72301,,,,,70.048,,,
72315,,,,,76.03399999999999,,,
72328,,,,,,72.95,,
72335,,,72.348,50.35336636682626,51.572345545697296,,,
72337,,,,,,75.84,,
72354,56.97360722397232,,69.79333354756385,,,76.836,,
72360,70.73916826815098,,,,,75.43,56.93640914194852,
72365,71.14,,,,,,51.45315236358511,
72374,,,,,75.43,,,
72376,,72.03,,,,,,
72379,,,,,,,72.804,51.97217487597989
72382,,,,,,,74.298,52.42414990208041
72384,,,72.62,,50.141330279072825,,62.94890341668557,
72404,,,,,,71.82,,
72419,,,65.4145116785481,,,,74.092,
72420,,,,,,,73.374,53.045031260422164
72423,,,,,75.412,,,
72425,,79.26,,,,,,
72426,,,,,74.55199999999999,,,
72454,,,71.146,53.711223941175234,,,,
72456,47.52561841515175,,47.94551389738647,,,,72.078,
72457,,,,,,73.712,,
72459,,,,,,70.374,,
72465,,,,,71.22800000000001,,,
72537,,71.7,,,,,,
72538,,72.49,,,,,,
72541,,,72.25399999999999,,,,,
72542,54.33640766715377,,,,,,62.22365624596842,73.73
72555,,,,,73.812,,,
72556,,74.91,,,,,,
72561,,,75.554,53.09481676137238,64.98274163748766,,,
72586,,55.378289678599884,,74.71000000000001,,,,
72589,,,,,,75.036,,
72598,,,50.41474206900038,,64.95124586142794,,72.012,
72611,73.53999999999999,,,,,,65.56113145645486,56.04561914823894
72613,,,,,,,69.7336078306485,74.848
72616,,74.98,,,,,,
72617,,,,,73.882,,,
72618,,,,,75.356,,,
72619,,,51.29549300683121,71.71,,,,
72620,,77.17,,,,,,
72622,50.95634847917306,,,,,54.6577351856132,76.402,
72624,,,,53.21711923186341,70.638,,,
72627,,,57.252540825524214,51.77626244719522,72.42,,,
72637,,71.68,,,,,,
72654,,,73.984,74.66292757193321,,,,
72656,,,,,,,70.83680799536054,79.648
72658,,,,,,,75.886,59.6828316307234
72669,52.801059867973265,,68.4241297823456,,,,76.63,
72674,,,,,74.61,,56.31768474733473,
72675,,,,,,,73.252,54.490734372539876
72677,,,73.29,55.147823529602874,,,,
72691,,71.73,,,,,,
72694,73.49,,,,,,62.961265033437364,53.30668472914441
72695,,66.33996392031665,,71.16,,,,
72698,,74.19,,51.16615564069741,,,,
72699,71.42,,60.07469213391953,,,,50.135149812706764,
72703,,,,,72.53,,,
72707,,,49.34630914702413,72.95,,,,
72708,,76.42,,,,,,
72711,,63.27173981234989,,,73.68,,,
72721,,,,,76.626,,,
72722,,72.95,,,,,,
72745,,80.09,,,,,,
72754,,,,,,,77.194,57.8966549887152
72758,,,71.06,54.2107801125675,,,,
72775,,,,,62.351003123871855,,73.97,
72776,,,,,73.846,,,
72779,,,,,,71.644,,
72780,,57.00509013855983,,,71.736,,,
72790,,,73.438,62.645464487139876,,,,
72809,,,,,72.062,,,
72817,,,,,76.18,,57.47829264716562,
72824,70.87,,68.72359527474916,,,,,
72825,,,,,,57.46175921801247,78.012,61.61821936803611
72831,,77.51,,,,,,
72833,,,,,69.554,,,
72834,,,75.902,65.6863587093657,,,,
72845,,75.13,,,,,,
72849,,,73.134,54.21103235554576,53.339424004190356,,,
72850,,,,,76.992,,57.56013166224223,
72852,,,,,,77.28399999999999,,
72856,,,,,74.828,,,
72857,,,,,73.856,,,
72858,,,74.724,,,,,
72859,,,55.97176357612257,56.101560056465566,75.27,,,
72860,,,,51.49807058797761,73.63,,,
72861,,,,,,,76.388,59.784170556325435
72862,,,,,,,75.608,54.4131318449946
72863,,79.88,,,,,,
72866,,,,,,,63.528922135519785,79.792
72868,,,,,77.262,,55.98198464728438,
72869,,,,,75.436,,,
72870,,,,,,56.85621298769661,62.443383143588775,77.782
72871,,74.18,,,,,,
72873,,76.61,,,,,,
72874,,74.78,,,,,,
72876,52.526816433164086,,75.47800000000001,,,,,
72877,,,,,74.20400000000001,,,
72884,,68.48757536597809,,75.88,,,,
72887,,77.03999999999999,,,,,,
72888,,,76.752,64.15004279403414,,,,
72889,,,,,76.8,,,
72890,,,,,61.1880210062753,,77.144,
72891,,,,,,71.154,60.44598873082904,51.74242764969161
72892,63.092215071706285,,,,,,75.53999999999999,
72893,74.07,,,,,,55.900457002060804,
72894,,,,,70.99799999999999,,,
72898,,,51.07109191082615,73.64,55.010088683845545,,,
72905,,78.35,,,,,,
72907,,,,,72.596,,,
72909,,,,,74.674,,,
72912,,71.21,,,,,,
72916,,,,,74.61549684009849,,77.886,
72918,,,70.7,52.49041066409843,,,,
72919,,75.63,,,,,,
72936,,,,,,76.21600000000001,,
72940,50.17520512448138,,,,,,75.062,58.736006661198815
72945,,,,,72.99,,,
72954,,,,,73.806,,,
72957,63.12696818935467,,,,,,54.07869664030778,74.974
72964,,,,,69.478,,,
72967,,,51.44339277260232,73.49,,,,
72972,,,64.06801143448303,75.62,,,,
72973,,,,,,71.684,,
72974,,62.562145084801514,,74.16,,,,
72975,,,75.384,59.738488458844394,,,,
72976,,,,,48.184154495330525,,71.532,
72978,,,,,,72.872,,
72981,,74.59,,,,,,
72997,81.68,,,,,,65.74593291595492,60.86312073227053
73002,58.8359567272127,,75.526,,,,54.38980385471674,
73007,,,,,,74.574,,
73008,71.59,,,,,,63.57134042667219,52.07265823588749
73009,,,,,,,73.41,52.22815838964367
73012,,74.69,,,,,,
73016,,71.92,,,,,,
73044,,77.49,,,,,,
73045,59.97333724286155,,,,,,75.304,57.92596689307264
73048,,,,,75.742,,,
73049,,,,,75.864,,,
73050,72.61,,,,,,64.11079680556735,58.33861714228844
73051,48.350152736716794,,72.154,,,,,
73057,,,,,,,75.922,56.7763264777871
73067,,,49.73189670629289,71.28,,,,
73068,,76.23,,,,,,
73070,,,,,,82.522,,
73071,,,,,,75.218,,
73078,,,,84.85,,,,
73080,,73.47,,,,,,
73081,,,,70.72999999999999,,,,
73082,,74.16,,,51.3349689864329,,,
73083,,76.37,,,,,,
73084,,,,,,69.934,54.228891741513024,
73085,76.61,,66.5697747934456,,,,,
73086,,73.99000000000001,,,,,,
73089,,71.96000000000001,,,,,,
73094,,,75.49,53.21972847381724,,,,
73113,,69.84628593443313,,,71.258,,,
73118,70.58,,,,,54.40046407322804,,55.29089448331962
73121,,,,,71.28999999999999,,,
73125,,,,72.07,,,,
73128,,79.57,,,,,,
73133,,75.71000000000001,,,,,,
73135,,78.51,,,,,,
73136,,70.01130047873883,,72.58,,,,
73138,,,,,,71.52199999999999,,
73146,73.79,,,,,,,
73147,,,,,,70.406,,
73149,72.53999999999999,,,,,,55.32561603496283,54.340319246395104
73151,73.38,,,,,,53.58473217646204,
73157,,,,,,71.07,,
73159,48.20701960337088,,57.38855007147596,,,,74.792,
73161,55.88152883529888,,76.116,,,,59.42052332161508,
73163,,78.36,,,,,,
73169,,,55.117681215146646,72.78999999999999,,,,
73173,,52.76269500817701,,,75.322,,,
73188,,,,73.32,,,,
73192,,75.5,,,,,,
73196,,,69.25812004072782,75.86,,,,
73199,,,,,75.664,,,
73200,,74.11,,,,,,
73209,,,,,,,60.81080838602348,72.202
73217,73.29,,65.23777146635828,,,,,
73218,,,,,,47.49865436653609,61.6846275875546,73.668
73235,,,,,,72.002,,
73238,,76.72,,,,,,
73252,71.35,,60.71678836539327,,,,,
73254,53.54402207468498,,71.328,,,,,
73256,,,,,74.632,,,
73257,,74.33,,,,,,
73259,74.0,,,,,,62.84613101933439,58.167060396999865
73260,,,,,74.75999999999999,,58.95516446880569,
73282,,,76.164,,,,,
73286,,74.47,,,,,,
73288,78.46000000000001,,56.43228403154737,,,,57.95447621930297,
73294,,,,,71.366,,,
73296,,75.42,,,,,,
73298,,,,,,64.68361342130676,51.90626563714841,74.092
73300,,,,,75.568,,,
73301,51.38226009184107,,75.30799999999999,,,,52.694672016625375,
73307,55.700349358826024,,,,,,62.22391708307295,75.746
73310,,,,,70.99600000000001,,,
73311,72.42,,50.871703404201966,,,,59.74981863580418,
73316,,75.49,,,66.5494000650443,,,
73317,,,,,,,75.044,54.483389135888444
73330,,,,,,,73.434,58.89888049751086
73333,,,,,,73.142,,
73348,,,71.23117526679621,75.18,,,,
73349,,78.63,,,,,,
73350,,,75.712,,,,,
73355,,,,,,,76.578,58.13433721853178
73359,,,,,58.75018318350307,,72.548,
73364,,,72.85,,,,58.09655931961617,
73366,,,,,,50.11785629083114,75.396,60.87600218654009
73370,54.656497060732484,,53.741845217925,,,,72.884,
73374,,,75.78397648785678,,,82.288,,
73375,,,,,70.902,,,
73379,52.22626561601749,,74.432,,,,,
73381,,,70.99799999999999,,,,,
73386,,75.65,,,,,,
73392,,,,,72.798,,,
73398,,,,,,81.888,,
73404,,,,,,74.406,,
73405,,,,,73.78399999999999,,,
73406,,,,,,56.92823504780841,61.312898903374716,78.424
73408,,,,,,78.25,,
73412,,,,,75.89,,,
73413,,,,,,,75.99205384619636,80.166
73414,,,,,,,68.76113183208406,77.364
73423,,,,,,72.926,,
73424,,71.21,,,,,,
73426,,,,,,69.59,58.55188919150652,53.93655380487812
73427,,,75.064,58.98408436658955,,,,
73429,,,,,,,76.652,58.29100335140282
73430,,52.71053507812121,,73.85,,,,
73437,74.88,,,,,,58.28825727781624,58.4898830224148
73444,,76.61,,,,,,
73447,,,,,,73.622,,
73449,,,,,,79.174,,
73450,,,,,76.168,,,
73452,,72.14049273090214,,,70.834,,,
73453,,,,,79.208,,,
73456,,78.4,,,,,,
73466,,81.65,,,,,,
73470,,64.50655059129882,,74.93,,,,
73471,50.25756967587941,,,,,,62.40909956231265,73.224
73485,,,50.311484709889555,71.45,,,,
73501,,73.10952682941233,,70.33,,,,
73502,,,,,77.518,,,
73504,,,,,,,62.03886503401699,72.704
73505,56.20607473450953,,56.58937909867664,,,,78.506,
73511,53.204988328417535,,71.322,,,,,
73512,,,,,,71.22,,
73518,57.412609593233185,,73.306,,,,,
73524,,,,,71.696,,,
73561,,,,,,,75.864,57.31690614844669
73582,,,,,,,57.034265512295526,76.94
73585,,,,,,,73.42,54.773238027771775
73596,,,,,73.872,,,
73598,,,,,,73.796,,
73599,,,,,,,75.96000000000001,
73600,,,,,,71.356,,
73607,,,,,,75.874,,
73609,,,,,,,71.668,53.749047156860605
73610,69.22999999999999,,,,,,50.86572657033073,
73615,,,50.42805026444687,,74.962,,62.272133919972546,
73617,,,75.22800000000001,60.083237522021996,,,,
73621,,,,,69.59239930301375,,73.836,
73629,,,,,,75.266,,
73636,,,,,,71.56,59.306692544571895,58.81118041125406
73638,,,73.99000000000001,55.200228817235846,,,,
73642,,,,,69.526,,,
73643,,72.13,,,,,,
73644,,,71.26599999999999,50.10342915166764,,,,
73645,,79.38,,,,,,
73657,,71.81,,,64.066558478648,,,
73673,,,,,72.008,,61.84669273477495,
73680,,,,,,73.408,,
73718,,,,,76.474,,,
73722,,73.28,,50.6544150380786,,,,
73731,,74.76,,,,,,
73746,70.98,,,,,,,
73759,,72.85,,,,,,
73763,,72.78999999999999,,,,,,
73767,,,,,72.076,,,
73846,,,,,73.062,,,
73853,,,,,,77.228,,
73854,,71.39,,,,,,
73861,,,,,,,72.21600000000001,52.41732022958561
73864,,,,,,75.398,63.58647407763118,59.46561317664728
73866,48.75524012953291,,70.572,,,,,
73882,,,,,72.756,,,
73884,55.31647065235164,,77.97,,,,,
73885,,,,,,78.088,,
73887,,,,,,77.094,,
73895,56.014131497971206,,78.386,,,,,
73896,,,,,71.42,,,
73903,70.56,,,,,,53.48448574213979,49.26039097510893
73910,48.2573958045152,,,,,,70.942,53.77639464130419
73914,,,,,,74.876,,
73921,,60.57043301662919,,71.85,,,,
73927,,,71.544,,,,,
73928,,,,,,75.3,,
73930,,72.86,,,,,,
73933,,,,72.45,,,,
73934,,,71.78,51.28262535144976,51.98938382319816,,,
73949,,,,,,77.574,,
73952,,,,,,74.98,,
73956,,75.32,,,,,,
73961,,,,,,65.7361914948961,72.03399999999999,51.17220304984287
73964,74.55,,53.610199992017286,,,,52.81837366793196,
73973,,,70.748,,,,,
73989,,77.61,,,,,,
74018,,,58.768615187913134,72.6,,,,
74020,,77.63,,,,,,
74044,,74.52,,,,,,
74049,,,,,76.758,,,
74050,,73.03,,,,,,
74063,,75.71000000000001,,,52.16205448229053,,,
74067,,,,75.22,,,,
74069,,,75.348,53.04221643997616,,,,
74070,70.48,,48.644298660468465,,,,50.9597790273546,
74071,,,,,71.76221079459586,,76.488,
74072,,,74.354,,,,,
74077,,72.18,,,,,,
74086,,,,,71.604,,,
74091,,,56.464423129058446,79.75,,,,
74093,,,,,,,74.162,59.493378159866936
74094,64.4393166838513,,,,,,54.428645067481746,74.37
74097,,,,,,49.019453420977555,64.58319418510504,73.956
74102,,,,,,,68.67144196464113,75.19
74117,,,63.263328629893884,72.35,,,,
74133,,78.1,,,,,,
74136,,,,,73.67,,,
74140,,74.48,,53.650400062535994,,,,
74142,,,,,74.36,,,
74150,,,72.024,50.79688531660763,,,,
74163,,,73.564,63.35030747585038,,,,
74175,,,,,73.786,,,
74178,,73.97,,55.254471484980996,,,,
74207,,,,,78.8,,,
74209,,,,,,,67.10373188856985,77.582
74210,,,73.372,68.65997091848486,,,,
74229,,,70.02199999999999,,,,,
74232,,,74.714,53.506821340773385,,,,
74233,,,,,,,77.85,61.01488300892501
74240,,,,,71.556,,53.58876700813211,
74295,,79.12,,,,,,
74304,,,,,71.978,,,
74310,,,,,75.31,,,
74314,,,72.672,53.02578638650021,,,,
74317,,,,,,78.578,,
74321,74.33,,53.52292462503527,,,,63.282439210553164,
74322,,,71.842,54.32573392481111,,,,
74324,,77.07,,,,,,
74326,71.25,,55.54721267084302,,,,,
74328,,,,,,76.988,,
74329,,,,,72.0,,,
74340,,,,,,70.844,,
74344,,76.25,,,57.566410349290294,,,
74348,,71.35,,,,,,
74349,,,,,,,74.478,56.56242438936684
74351,,,,,,,67.47349279749318,77.952
74352,,73.88,,,,,,
74361,,,54.129974915590324,,49.98018131652767,,70.122,
74364,,,,,73.326,,57.41735311804148,
74370,54.41480774682628,,71.236,,,,56.14280439378156,
74392,,,,49.502933378346384,72.374,,,
74393,69.06829514577197,,,,,53.86951300995433,,74.328
74402,50.15155102337638,,,,,71.226,51.30183237616108,
74403,70.404784973812,,,,,,77.87,
74406,55.722602621497636,,75.708,,,,60.038211316276744,
74411,,73.25970962319569,,,75.328,,,
74413,,,64.86114851957055,75.43,,,,
74414,52.85097707435269,,,,,,70.702,52.504003859564
74416,,73.5,,,,,,
74431,,,,,,,78.72,57.57447181041484
74436,,,,,75.526,,,
74440,71.62,,,,,,57.68201546221926,51.42214092418782
74442,,,,,71.68,,,
74445,,,69.986,50.827029241105734,,,,
74448,,73.62,,,,,,
74449,,,,,,,64.97481157895737,75.564
74460,,,,,,,72.95400000000001,55.206513686109446
74462,,57.62094809480693,,,78.348,,,
74463,,,62.685809998073864,78.65,,,,
74464,61.08172775772843,,71.618,,,,47.81002087353995,
74473,,,77.836,,56.89879714791238,,,
74475,,,,,,,61.37702693298841,75.55
74476,,73.94518367429859,,71.91,,,,
74477,,,70.358,,,,,
74478,,,53.62656355749318,72.78,,,,
74483,,,,,72.50399999999999,,,
74485,,,,,,69.83,,
74491,,70.85,,,64.81916458540636,,,
74496,,50.577917842246265,70.262,62.001076681416286,,,,
74502,,77.63,,,,,,
74504,,,,,,72.656,,
74505,,,56.507752720249584,70.17,,,,
74512,71.47,,,,,,61.27409447839453,52.983481636134904
74514,,,,,,52.40972715223,76.888,54.50607639325801
74533,,,70.054,,,,,
74536,,71.25,,,,,,
74544,,72.85,,,,,,
74545,,51.184676215709835,71.67,62.83877141609192,,,,
74548,,76.18,,,,,,
74554,,,,,,75.65,,
74555,73.05,,,,,,55.616280330586896,51.72453631296463
74556,,,,,70.11,,,
74557,70.42,,,,,,59.389089732331904,
74559,,72.06,,,,,,
74566,,,,,,,78.824,60.89842344319868
74567,,,,,70.182,,,
74583,,,,,,70.94800000000001,,
74584,,,,,72.776,,,
74591,,,,,70.22,,,
74603,59.12001562592343,,,,,,73.354,53.835975526896576
74608,,,,,68.98400000000001,,,
74626,,,,,,,65.54936785878465,73.612
74627,71.61,,,,,,64.2847018023424,53.589326549985145
74628,,,,,,49.93768455492294,71.492,52.320024685927
74631,,71.07,,,,,,
74641,,,,,70.03,,,
74643,,,,71.37,,,,
74645,,,,,,,71.974,59.94894348276897
74655,,,,,,70.63,,
74674,,,,,,72.03999999999999,,
74697,,,73.774,,,,,
74699,,75.0,,,,,,
74705,,,,,,52.71116867918779,71.748,51.001889291134034
74734,70.55,,49.17753319425736,,,,,
74735,70.56,,68.32046167494342,,,,,
74742,,,,,,,62.36274906147494,75.19800000000001
74749,,,,,,72.21,,
74753,,,,,,77.428,,
74755,,71.62,,,,,,
74759,,,,,,,74.73,56.726335115213864
74774,,,63.4346661755467,77.21000000000001,,,,
74784,,,,,72.332,,,
74785,,73.76,,,,,,
74788,,76.32,,,,,,
74835,56.338804651297046,,,,,,64.19051553960726,77.658
74853,,72.58763237228584,,,70.77,,,
74854,,,,,72.99990041136253,,74.906,
74856,,,71.48990027896977,,,,74.236,
74857,,64.76796599844428,,,73.606,,,
74862,,,74.118,57.559017347325124,,,,
74865,,,,,,76.974,,
74866,,,,83.74,,,,
74871,,81.16,,,,,,
74874,,,,,,72.724,,
74877,,,,,73.848,,,
74879,,,,,,73.348,52.63656653979565,
74881,,55.652054472249105,,72.42,,,,
74883,,,,,,71.896,,
74886,,,,,,64.32299767667055,48.21922465405685,72.422
74896,,,,,,81.882,,
74913,,,,,,,63.97312155673812,78.65
74917,48.67018677532601,,70.146,,,,,
74924,,,,,,74.1,,
74938,,,,,73.28399999999999,,,
74939,,,75.468,69.93461572056971,,,,
74953,,,,,71.718,,,
74956,,,,,,,69.1567397255289,74.97
74959,51.523367072733855,,71.31,,,,,
74962,,,,,76.426,,,
74963,,,,,64.39073551873842,,77.836,
74965,,,,,71.55799999999999,,,
74966,,,,,,70.758,,
74970,,,,,71.3,,,
74978,,,,,,76.556,60.850794295303835,60.035532252291674
74980,,,,,,71.24799999999999,61.84649651779302,59.30912275288516
74981,,78.2,,,,,,
74992,,,54.78942124229245,76.03999999999999,,,,
74995,,74.65,,,,,,
74997,,,,,,69.74199999999999,48.51578872797542,51.74246399350514
75027,,,,,,70.654,,
75051,,,,,,,71.586,50.75984108806072
75055,,,,,,,80.032,63.54417980914039
75056,,63.26761593699977,,72.11,,,,
75057,,70.57,,,60.156997458831896,,,
75073,,,,,,60.12677498973886,71.958,54.780284961948055
75074,51.50958791030895,,,,,,76.696,59.71435860856712
75081,,71.26,,,69.77504730316495,,,
75084,,,,,,71.866,,
75085,69.3,,,,,,,
75087,,77.25,,,,,,
75093,51.685697596263836,,74.05199999999999,,,,,
75097,,,,,,,73.676,57.54485383397355
75112,,55.655569237369036,,,72.102,,,
75117,,76.84,,,,,,
75148,,79.74,,,,,,
75150,52.99605640887568,,77.206,,,,,
75164,,,62.4765721211376,70.86,,,,
75187,,,,,74.366,,,
75209,,,,,,73.488,,
75211,,,61.328066571666135,73.92,,,,
75213,,,,,,70.87,,
75214,,,74.504,52.04498942959754,,,,
75222,,,,,,69.78999999999999,48.59589691680874,
75248,,,69.00365981756221,70.85,,,,
75252,53.42609320861306,,,,,,70.63,49.688299700715994
75256,,,,,,,67.85320101912134,73.42
75264,,,,,,,64.98153009250072,72.612
75272,,,,,,73.088,,
75280,56.24252607682631,,71.374,,,,54.179549532873125,
75285,58.32383584715121,,,,,,55.4144488134076,73.798
75286,,,50.84106885932055,72.47,51.073009474742044,,,
75295,,,,,,73.428,,
75308,48.908954578835704,,,,,,73.746,59.509931765051306
75309,,,,,70.646,,,
75316,,72.77,,,,,,
75318,,,,,,,75.19800000000001,54.41138388369568
75319,,73.18,,,,,,
75320,,,,,75.464,,,
75343,59.544689567048295,,,,,,78.93,58.88123417139114
75409,,,,,,77.094,,
75421,,,,,,,70.888,53.231881073241134
75437,51.746517984588834,,,,,,73.398,56.92761001066221
75452,,,,,,72.322,,
75499,60.765080055764045,,76.304,,,,59.09620187004226,
75516,,,,,73.956,,,
75519,,,,,,,75.738,54.75660937767217
75533,50.00829241036385,,,,,,71.066,52.86404661645412
75535,,,,,,,68.27746584079249,74.0
75541,,,,,,,73.012,57.36063230614805
75577,,76.3,,,,,,
75598,,,,,,77.014,,
75605,,83.03,,,,,,
75612,,,,,,71.18,,
75615,,,,,69.466,,,
75628,65.41736242426973,,,,,,62.49820602692702,78.994
75690,,,,,,71.746,,
75697,,,70.394,55.735902547320904,,,,
75734,,,57.938666190761175,72.21,,,,
75736,,73.47,,50.420363580829935,50.08636146132998,,,
75751,49.27665201300035,,,,,,72.014,52.69699439431923
75754,,,,,,,72.694,54.28428347168056
75768,,72.32,,,,,,
75787,,72.1,,,,,,
75790,,,,,,,59.63933619597673,72.782
75831,,,,,68.662,,,
75838,70.66,,55.19602317182728,,,,,
75839,,,55.120109856666105,73.21000000000001,,,,
75866,,,,,,71.62,,
75895,,72.83,,,,,,
75923,,,,,,72.178,,
75964,,,,,,,60.03651984911255,78.968
76016,,,,,,70.574,,
76042,,,,,,,63.34715746596093,74.186
76043,,,,,,73.22200000000001,,
76062,,,,,,,61.69888754596393,72.696
76097,,78.16,,,,,,
76098,,,75.56,58.56141720391935,,,,
76105,,,49.974436007695026,70.65,,,,
76106,,78.51,,,,,,
76108,,,71.14,61.400171518432806,,,,
76111,71.07,,,,,,54.621528220129555,
76116,,73.2,,,,,,
76133,,,,,,72.648,,
76153,,,,,,72.632,,
76196,,,,,,,72.934,52.838705943218116
76227,,78.46000000000001,,,,,,
76228,,,,,,73.39,,
76236,,,,,,54.76038135995189,70.658,51.100722000878406
76240,,,72.02,51.758537275046216,,,,
76244,,,,,,69.71,,
76250,,73.5,,,,,,
76263,,,,,71.46000000000001,,,
76274,,,,,,72.066,,
76282,46.59054133985727,,,,,70.084,,
76289,,,,,70.144,,,
76294,,,57.44089848876035,72.75999999999999,,,,
76298,,,,,75.65,,,
76299,,,,,71.25,,,
76304,72.16,,,,,,,
76307,,,,,73.068,,,
76311,,,73.046,55.64079639273509,,,,
76313,,,,,,69.654,65.90267892196115,53.415582897075794
76315,,75.16,,,,,,
76338,,,,,,71.038,,
76339,,,,,56.55889079630327,,75.26,
76410,,,,,,71.306,49.183531836078906,
76411,,,,,,77.38,,
76416,,,,,,76.0,,
76427,,72.15,,,,,,
76445,,,,,,71.794,,
76449,,,,,77.238,,,
76456,,,,,,71.612,,
76477,,,56.54869155802943,75.09,,,,
76478,71.28,,53.58455467783058,,,,53.316944619907574,
76480,,70.69,,,,,,
76486,,76.11,,,,,,
76488,,,73.786,62.60205205121709,,,,
76500,,,,,,71.62,,
76513,,72.28,,,,,,
76519,69.32000000000001,,,,,,51.27732255944028,50.43513341907187
76524,,,,,,,70.85386317597573,76.096
76536,,71.53,,,,,,
76540,,,,,,51.37449013782295,62.046541413710614,74.55799999999999
76568,51.00277300281025,,,,,71.978,,
76602,,,,,,,78.944,61.72606220090323
76603,,,,,75.792,,,
76624,,77.76,,,,,,
76625,,,,,,,63.51791729808393,72.342
76626,,74.78999999999999,,,,,,
76638,,,,,73.322,,,
76639,,,,,68.95,,,
76645,,,,,,72.56,,
76646,,,,,,73.988,,
76647,,,,,,70.134,,
76658,,72.36,,,,,,
76660,51.33970448793415,,,,,,59.15220417557363,71.976
76666,,73.4,,,,,,
76667,,,,,72.196,,,
76668,,,,,69.708,,,
76672,,,71.754,,,,,
76686,,71.63,,,,,,
76687,,,,,,,83.77199999999999,68.79142045878353
76706,,75.9,,,,,,
76710,,,,,,,74.012,55.07798389166164
76713,,49.107496744684695,,70.41,,,,
76716,,,,,,71.916,,
76717,,,72.616,63.33756475170255,,,,
76718,70.61,,,,,,56.36683804801116,
76730,,,,,71.958,,,
76731,70.76,,55.206439658970396,,,,,
76732,,,,,,,73.492,52.84807412686495
76739,56.249678373215325,,,,,,74.76,56.808004279701414
76740,,,,,75.66,,,
76744,,56.005999662849625,57.69646486565748,76.43,,,,
76746,,75.14,,,,,,
76784,,,,,,,65.20535450567434,71.762
76788,,,,,69.896,,,
76803,,,,,,58.9408724991485,57.41079141108368,74.93
76809,,,,,,73.304,,
76821,,64.16693381099745,,72.36,,,,
76839,,,,,,73.024,,
76851,,71.41,,,,,,
76858,,,,,71.862,,,
76859,,,51.47647493642219,,,,58.85298991487485,73.34
76860,,72.18,,,,,,
76863,,,,,,75.94800000000001,,
76864,,75.47,,,,,,
76865,,,,,,,71.818,56.63535760239423
76869,,,,,,70.332,,
76870,,75.16,,,,,,
76879,,,63.7948238243145,73.59,,,,
76883,,,,,,70.75,48.1986165361433,47.94568448623174
76888,72.64,,,,,,56.08411219503085,
76904,47.369869584676465,,70.556,,,,,
76905,,70.40578893076571,,,70.368,,,
76908,72.14,,,,,,63.00176776300758,54.59259055190101
76911,50.2047477680264,,72.178,,,,,
76912,,73.19,,,,,,
76917,,,,,,75.858,,
76922,,,,,69.612,,,
76924,,,70.134,56.75241121722678,,,,
76934,,,72.908,,50.05665742301066,,54.17460680497554,
76944,53.84264070589491,,,,,,56.5730454189036,73.426
76945,,,,,,80.078,,
76964,70.86,,,,,,54.00092238708602,50.92093787139535
76966,,76.3,,,,,,
76967,,,,,,70.388,,
76995,,,,,73.592,,,
77005,,71.97,,,,,,
77006,,,,,71.918,,,
77007,,73.35,,,,,,
77010,,,,,,72.116,,
77014,,,,,72.162,,,
77021,71.84,,66.23617183686554,,,,,
77026,68.24000000000001,,,,,,,
77028,,,72.376,57.95227966290922,,,,
77029,,,,,,,57.02666561530846,70.798
77033,,,,,,,70.0228790882095,76.764
77035,,,,,72.532,,,
77036,,,,,73.488,,,
77043,,,,,71.218,,,
77045,,,,,,70.556,60.02150077563213,51.005243600255014
77051,,,,,,74.832,,
77056,,73.94,,,,,,
77074,,,71.56,52.441256347126114,54.70512114979463,,,
77078,,,,,,,56.727200536883515,72.878
77080,,,72.548,,,,,
77081,,,70.054,,,,52.13158169515299,
77083,,49.92236521075583,46.43894722055109,70.03,,,,
77084,,,,,70.874,,,
77090,,,70.524,,,,,
77092,49.956300931612574,,,,,72.682,50.00894281248769,
77103,60.5696698652138,,73.372,,,,,
77104,,,,,,,67.25725209705229,76.49799999999999
77105,,,72.616,57.152720701557904,,,,
77114,69.81,,,,,,61.20189687616046,53.79323059587237
77115,,73.14,,,,,,
77144,72.36,,,,,50.10424592602238,51.72298725938961,
77146,,,,,,,65.3688746365953,77.376
77148,,73.91,,,,,,
77149,,75.85,,,,,,
77151,,,72.468,57.365723892869966,,,,
77152,54.07113331068049,,71.556,,,,61.40276866841728,
77163,,77.25759158389667,,,77.74,,,
77170,,,,,,,63.206885356153805,74.97
77233,,,54.95681757497748,74.78999999999999,,,,
77266,68.71,,50.73444668369595,,,,,
77296,,,,,72.418,,,
77325,,70.77,,,69.65554876503167,,,
77336,,,,72.22,,,,
77338,,72.44,,,,,,
77354,,,,,,73.91,,
77424,,,,,71.05,,,
77445,,76.38,,,,,,
77446,,,,,,71.476,,
77450,,,63.17133604287533,51.75711042429523,,,74.902,
77483,,,,,71.084,,,
77496,,70.89,,,,,,
77520,,,,,71.74199999999999,,,
77521,,,,,,72.514,,
77524,,72.81,,,,,,
77539,,,,70.61,,,,
77559,,,49.6573434305049,,71.26,,50.032117520449304,
77560,,,69.814,,,,,
77572,,,,74.53999999999999,,,,
77592,71.28,,,,,,56.006021486524254,
77603,,,,48.07010711487621,70.634,,,
77633,,,,,,72.12,,
77640,,,,,,71.646,,
77652,,,,,,,59.76753027168835,73.336
77657,70.3,,,,,53.97321433419957,55.027959064418425,
77671,,,,,71.814,,,
77688,,,,72.00999999999999,,,,
77727,,,65.7263720195756,73.82,,,,
77730,,,,,,74.244,,
77759,,,50.905837943423826,,70.85,,,
77760,,,,,,77.594,58.62893788237135,
77793,,71.35,,,,,,
77814,,,,,73.62,,52.84959296952381,
77829,,,60.711438538907124,72.23,,,,
77840,,,,,,76.054,,
77883,,,,,,,72.54430554533464,78.484
77906,,,71.788,59.641836665271875,,,,
77951,,,,,72.002,,,
78012,,,,,,55.826936674560336,73.932,53.716466102061894
78014,51.588894307594785,,,,,,71.59,53.64087826687469
78037,,75.07,,,,,,
78049,,74.27,,,,,,
78060,,,74.52,,,,,
78063,72.09,,,,,,65.37586582442934,52.006642086297866
78085,,,54.43013611075483,73.77,62.55688559921168,,,
78086,,,,,,72.09855586892384,,74.94
78087,,75.68,,,,,,
78101,,,,,71.556,,,
78127,69.72999999999999,,,,,,50.31257956053127,
78145,,,,,,70.964,,
78216,,71.5,,,48.517147713320384,,,
78261,59.571092557931905,,,,,74.69,54.73287464207981,
78268,,,,,,70.126,,
78288,,,,,70.7,,,
78314,51.020062006425256,,70.532,,,,,
78315,70.78,,,,,,,
78317,,,,,,,71.436,56.16990551755868
78318,,,,,,70.884,,
78339,,,,,75.048,,,
78340,,74.61,,,,,,
78342,,,,,,64.8394634193785,75.596,53.94130378785382
78343,,,67.52024430480533,72.7,,,,
78345,55.44353539334054,,75.852,,,,,
78346,51.381881313657644,,72.85,,,,,
78347,,,,,,74.07,,
78349,,,73.51,,,,,
78356,,72.69,,,,,,
78377,,,,,,69.614,,
78407,,72.01,,,,,,
78415,71.2,,,,,55.19103255728483,54.84235708889795,
78418,,,,,72.73,,54.25112510867529,
78423,76.33,,64.07683843652556,,,,,
78426,57.55896310049793,,,,,55.108815645154905,76.202,
78445,,,,71.74000000000001,,,,
78448,,,69.81,49.102191399445964,,,,
78469,74.43,,,,,,60.52887190261512,53.271319459344696
78474,,,,,,,56.114720979910324,73.354
78482,,,,,70.378,,,
78484,,,,,68.714,,,
78523,,71.03,,,,,,
78524,,73.53999999999999,,,,,,
78528,,,,,72.482,,,
78529,71.35,,52.102701368010116,,,,53.39341405702256,
78540,50.148076747945204,,,,,,71.164,54.07936133686805
78558,,71.64,,,,,,
78612,,,,,70.246,,,
78614,,,69.764,,,,,
78621,,,,,,50.15848862171504,57.89798951188939,71.586
78651,,,,,71.108,,,
78655,,,,,,70.814,,
78657,,,,,,73.55199999999999,,
78658,73.55,,,,,,57.900674615853774,53.40631591594976
78659,,,,,,71.964,,
78660,,,,,,,71.906,51.389462989564464
78661,,,,,,70.42,64.54095869785272,54.053664507122726
78662,,,,,,,72.384,55.49022964337309
78670,,,72.988,63.440695689321075,,,,
78676,53.99961754266099,,72.24000000000001,,,,,
78686,,52.99271440996198,,,76.332,,,
78695,,71.38,,,,,,
78699,,68.28670441898653,,,71.06400000000001,,,
78701,,71.50999999999999,,,,,,
78704,51.57642423221921,,,,,,72.11,51.44356557359659
78757,,75.93,,,,,,
78758,,,,,69.37,,,
78761,,73.3,,,,,,
78764,,51.3979630538948,,73.34,,,,
78765,73.9,,,,,,52.43708556833717,
78766,,,70.592,,,,,
78771,,,,,,,54.56799924461188,72.436
78776,,,,,69.818,,,
78778,,,,,,,62.41424895973291,74.008
78784,,,,,79.52,,,
78788,,,52.09342128355951,,69.4191408300757,,74.838,
78793,75.86,,58.217365632964835,,,,,
78795,,,,,,,71.848,52.8769899044969
78797,,,,,,54.30035839054014,56.72131861770609,72.382
78799,,,,,,71.58,,
78877,,,,,,,73.036,53.45253140510571
78878,,,,,,74.5,,
79000,,72.73,,,,,,
79002,,,,,,73.584,,
79007,,,,,,,67.68533071254208,77.178
79008,,74.71000000000001,,,,,,
79009,70.08,,,,,,56.763265978369674,54.49557179495558
79026,,,,,69.816,,,
79029,,73.7,,,,,,
79030,,72.16,,,,,,
79039,49.36794464632623,,73.088,,,,,
79040,,,,,,,72.262,55.131683296236176
79053,,,,,,70.326,,
79058,,,,,51.97091689148045,,72.514,
79059,,71.66,,,,,,
79069,,73.4,,,,,,
79070,71.69,,,,,,56.79103606712782,
79071,69.75,,61.8589765888051,,,,,
79078,,,,71.0,,,,
79080,,,,,,,73.684,
79082,,,,,,72.766,,
79091,54.44013735479465,,63.92488304994213,77.03999999999999,,,,
79098,,54.86060878225003,,,74.79599999999999,,,
79107,63.076768438369214,,,,,,64.14564982506175,78.026
79109,53.3197080013388,,74.174,,,,66.03820370616134,
79110,72.25999999999999,,,,,,65.51381282309983,56.43361329716769
79112,,72.01,,,,,,
79113,,,,,,,68.35595806746709,72.96
79115,51.537838358017154,,70.658,,,,,
79124,53.84358597078321,,,,,72.806,58.344902667256875,
79125,,72.2,,,,,,
79132,,,73.896,56.416247307784786,,,,
79135,,,,,,,63.01388469463804,72.73
79136,,60.28488440637555,,,72.608,,,
79147,51.12284187117921,,72.592,,,,,
79160,,73.37,,,,,,
79161,,,,,,,55.83490716283717,71.598
79163,,71.88,,,,,,
79168,,72.37,,,,,,
79175,,,,72.19,,,,
79181,,,,,71.15,,,
79197,50.498565477856,,,,,,74.196,49.903943172089846
79207,,,,,,72.666,,
79212,,,,,,73.456,,
79231,,,,,,,64.1643395076578,73.584
79242,,,74.316,55.36039265732921,,,,
79248,,58.521286797561054,,73.86,,,,
79252,,,,,73.408,,51.81286685266801,
79253,73.71000000000001,,52.96017636076734,,,,56.56749321483556,
79263,50.54681910637983,,72.358,,,,,
79270,,,,,,,69.05113116773731,76.128
79274,,,,,,74.1,,
79280,,75.61,,,,,,
79293,,,,,,47.82123882603198,60.140045867681756,72.764
79298,,,69.938,52.7924935427781,,,,
79300,,,,,,,74.06,61.48664732922921
79311,,73.31,,,,,,
79326,,,,,,70.182,,
79327,53.71163844483347,,71.036,,,,52.4982113411792,
79330,,,,,,54.91010195178655,55.663544510225,73.234
79331,54.349681122040266,,72.632,,,,51.981134054847516,
79333,69.91,,,,,47.00289659721127,61.17008358933694,
79334,59.11573314824105,,,,,57.602687433214015,,78.304
79335,,71.57,,,,,,
79338,,,,,,,68.14715809384387,79.988
79342,,,,,,71.14,,
79343,,,,,71.654,,,
79373,55.11094965178047,,,,,,58.655282178176755,74.83
79378,,,,,,71.21,,
79381,,74.81,,,,,,
79389,53.03204796779297,,,,,73.342,53.235887615108474,
79390,52.027194493946666,,75.64,,,,,
79394,,,,,,72.898,,
79397,,51.76648528322971,72.616,,65.44668971550234,,,
79401,,,,,,70.04599999999999,48.90612571551265,
79402,,,,,,83.262,,
79427,,76.53999999999999,,,,,,
79428,,,,,,73.046,,
79455,,,,,,71.126,,
79458,70.39588036504088,,,,,,,72.566
79496,,,,,,71.23,,
79499,51.95072034624206,,71.446,,,,,
79505,,77.57,,,,,,
79513,,64.58339846335002,,71.08,,,,
79514,,,,,72.788,,,
79554,48.86865948163768,,70.992,,,,53.49364138475252,
79556,,,,,,70.532,51.52756404793986,51.37730688545043
79557,,,,,,73.228,55.294699515706384,57.91639484619503
79607,,,54.00117938217832,73.27,,,,
79608,53.793204968720396,,73.236,,,,51.570287326693624,
79609,,53.66721275159617,,,73.88,,,
79629,,81.38,,,,,,
79634,71.21,,49.705886218380215,,,,,
79637,,71.49,,,,,,
79638,,,,70.68,,,,
79639,,73.31,,,,,,
79640,,72.7,,,,,,
79641,,,,,,,72.512,57.960502295317106
79642,,,,,,72.428,,
79687,,74.94,,,,,,
79690,,72.41,,,,,,
79691,,50.21314518274993,51.29788544385649,71.36,,,,
79694,,58.40616535572602,,71.4,,,,
79746,,,60.81413529867039,75.2,,,,
79755,71.45,,,,,61.68226954472972,53.708013581170874,
79757,,,71.71,56.049536616267126,60.15577289942188,,,
79772,,73.03,,,,,,
79781,,75.03999999999999,,,,,,
79787,,71.39,,,,,,
79791,,51.141476246410214,,71.15,,,,
79794,71.49,,,,,,50.300370706309394,50.836945764333954
79797,,,,,,70.678,,
79800,,,,,70.924,,,
79801,,49.199604189911845,,,69.798,,,
79804,,,,,,,67.00344871054605,74.434
79805,,,,,,71.434,,
79813,,,,,,,64.43591359294592,72.83
79814,,,,,73.152,,,
79818,,,71.178,48.50541956701174,,,,
79821,,,72.34,,,,,
79837,,,,,72.556,,52.49738372980163,
79916,,72.73,,,53.25396841687184,,,
79918,,71.53,,,,,,
79920,,,,,,,69.14611734898804,74.604
79927,,,,,70.714,,,
79931,,,,,,74.44200000000001,,
79934,,52.90830654944216,50.14268390194025,73.75,,,,
79948,79.18,,,,,,64.67554503313798,59.35532062580037
79980,,,,,76.064,,,
79981,,,,,,,71.39171538736018,77.46000000000001
79991,,78.39,,,,,,
80004,,75.62,,,,,,
80012,70.43,,,,,,61.1399691723535,49.0463128480357
80025,,,,,,,67.94531155202435,72.902
80029,,74.65,,,,,,
80030,,73.48,,,,,,
80065,,,50.05676621812638,72.09,,,,
80067,52.95130181466517,,72.568,,,,,
80073,53.077009444917856,,,,,,68.84162703346679,77.0
80075,,,,,72.602,,,
80076,,72.63,,,,,,
80094,,,51.11314032175919,71.07,,,,
80096,,,,,52.980498623478084,,70.69,
80136,,,,,,75.626,,
80163,,,,,,,74.01,55.74328211597803
80165,,,,,71.658,,,
80170,,,,,83.13,,,
80285,,,,70.37,,,,
80346,,,,,,71.014,,
80376,,,,,,,77.208,60.62998188829715
80481,,,,70.50999999999999,,,,
80570,,75.75,,,,,,
80578,,,,,70.094,,,
80593,,,59.63822085792961,76.53,,,,
80596,,71.5,,,,,,
80597,51.378624841105015,,70.63,,,,,
80603,,,,,,76.09,,
80665,51.597204151373475,,70.65,,,,49.885211347505724,
80821,,74.17,,,,,,
138412,,,79.338,70.54185290112031,,,,
143121,81.07,,73.31602877783997,,,,,
146562,82.19,,69.339956476529,,,,,
146947,,,64.50063452974948,80.26,,,,
150516,58.457639836368735,,,,,79.69800000000001,,
150525,,,,,,80.464,,
152908,,,62.36749704230341,63.97869140843935,76.818,,,
153048,80.78,,,,,,,
153060,,78.66,,,,,,
155355,65.03197919388991,,56.461507798366355,,,,72.702,
158023,85.87459609970868,,,,,,,88.96000000000001
158625,,83.58,,63.17884812424054,,,,
162347,,,83.95,,,,,
163050,,,,,,73.196,,
165153,67.3631512719298,,,,,88.966,,
165531,78.02,,,,,,65.12009595620266,58.7335437462547
166539,,,,,,,75.4,56.05176003504088
167512,70.6,,,,,,61.33770234629045,
167663,,,66.71848454940984,74.99,,,,
169115,,77.13,,,,,,
169708,,72.26,,51.4225921610901,,,,
169792,,,,,,75.628,,
170114,,,,,,71.086,,
170320,,58.55218567041389,,,75.902,,,
171791,,80.16,,,,,,
171923,,71.39,49.18989660189376,65.01357386593116,,,,
172522,,,78.91,56.28851553934965,59.11217674471082,,,
173030,78.45,,70.63248131739294,55.4899743626601,,,,
173671,,74.26,,,,,,
173734,,73.84,,,,,,
175254,,,,,,78.206,,
176048,,,,,,75.554,,
176137,,,,,,79.586,,
176246,73.79,,,,,,60.426974672785704,54.4660672793977
176580,,,,,,85.85,,
176920,,76.56,,61.13119565621431,,,,
176930,,,59.45819768771278,78.23,,,,
177003,67.53984361344102,,87.81,,,,,
177279,,,64.01117864650496,75.37,,,,
177373,,,56.21722032682774,61.3262782822691,76.458,,,
177413,,82.77,,63.36935943433542,,,,
177448,,77.0,,62.47085082060824,,,,
177569,55.7034445899853,,75.188,,,,,
177790,,74.2,,53.46097489870537,,,,
177922,60.56376573327313,,,,,,81.264,59.93395186842855
178287,,,76.044,55.93574258850008,,,,
178509,,,,,,86.298,,
178562,,,83.582,60.92928797633866,,,,
179543,,56.337377540957405,,52.65744261764361,69.238,,,
179746,,,,,,75.432,,
179752,,,,,,80.538,,
179789,,76.15,,,,,,
179813,,,,,,84.03999999999999,,
179947,,,,,,76.62,,
180216,,59.617531510454256,,57.69699630020086,72.876,,,
180283,,,78.212,62.04916480021246,,,,
180818,53.043249885847985,,,,,74.438,,
180903,,,76.896,57.30109649811989,,,,
180930,,,,,,86.646,,
181291,83.25999999999999,,77.05790393190506,61.80719118445878,,,,
181318,,,66.18508318473894,75.82,,,,
181458,65.50580793617308,,,,,,71.07064598007815,84.67
181872,,65.71343146349533,79.506,65.5256968328891,,,,
182091,,,,,,76.176,,
182411,,,,,,58.26081846139636,70.07,49.56929287991207
182896,,,,,77.43,,,
183256,75.81,,57.773216488504495,,63.5701480349968,,,
183339,,,54.236423935479465,,,75.866,52.89560627480016,
183394,,,79.248,66.66128282306296,,,,
183491,,78.28,,,,,,
183512,,62.43064592919948,,61.64853537382106,83.542,,,
183540,,,80.726,,,,,
183544,63.69549508999985,,,,,73.862,,
183569,,,,,,81.922,,
183632,,,61.31817702359537,73.85,,,,
183711,,,72.9243182718421,84.23,,,,
183807,,,,,,74.202,,
183895,79.6,,,,,,55.494426733484055,
183898,83.94606832296148,,,,,,,85.696
183966,,77.05,,,,,,
184111,,,,,,83.186,,
184143,,,,,,72.602,,
184156,,,,57.3645902151784,56.397020581505785,,71.842,
184242,,,72.446,59.866207824052246,,,,
184392,,62.013012203470076,,62.83738331720681,83.47,,,
184457,,,,,,80.358,,
184472,,74.98,,51.50251964875881,66.64157642269996,,,
184901,,,53.2554350797498,60.416332141476296,74.738,,,
184941,77.38346198553324,,,,,81.6,,
185068,,,,,,62.638055595321234,61.18197953112079,78.01599999999999
185144,,,,,,81.556,,
185422,,,,,,80.268,57.992627701514955,
186101,,75.6,,,,,,
186122,,71.92999999999999,,,,,,
186127,,,,,,76.538,,
186139,,,61.99402297396393,75.66,,,,
186143,,,58.946215338065635,77.21000000000001,,,,
186146,,,,,,84.5,,
186156,,57.98020761481079,,58.39123586402951,75.71000000000001,,,
186190,,,62.376804545668705,56.061610009436066,79.38,,,
186267,,,,,76.11,,,
186296,,77.65,,71.24674722496118,,,,
186345,,,,,82.9,,,
186395,,,66.13491631143005,58.07509959515296,,,74.908,
186449,,,,74.02,,,,
186507,,67.45131716471415,,70.78999999999999,,,,
186537,,,,,,83.982,,
186562,,,,,,74.854,,
186651,,,,,77.048,,,
186695,,77.65,,,,,,
186783,,,,,,70.422,63.17589590346664,49.49836524306853
186905,,,,,,79.084,,
186942,,,86.50999999999999,,,,,
187075,58.29279927184005,,,,,81.914,,
187132,,81.22,,,,,,
187154,,73.37,,,,,,
187157,,,,,,76.992,,
187800,,,,56.79690966568327,77.17,,,
187916,,71.54,,49.12635646517738,57.507872508115774,,,
187936,,70.7502189040667,,78.16,,,,
188091,,,,,,76.71600000000001,56.03027343582292,
188154,,,77.396,54.98797757793159,,,,
188166,,,,,,53.34194022698313,74.542,54.32733843361216
188268,78.64,,,,,,73.42766617734931,57.630907872129136
188335,,,,,,87.292,,
188350,85.27,,,,,,,
188377,,62.73446103950765,,,83.014,,,
188537,,,,,77.816,,,
188538,,79.45,,,,,,
188545,,,,,,91.50399999999999,,
188554,52.872825365687326,,71.25044183139562,73.53999999999999,,,,
188567,,,,,,86.03,,
188621,,66.30013710240326,,51.25257442541622,72.34,,,
188782,,73.57,,,,,,
188803,81.27,,,,,,68.07058752880998,64.40308109853157
188825,,,54.14625125955791,77.73,,,,
188988,80.98,,,,,,61.295925793618956,
188989,,,,,73.12920846999695,,74.348,
189060,,81.42,,58.8806628763783,,,,
189153,76.85,,,,,,57.671991081673035,
189155,,75.32,,,,,,
189160,,,,,,,74.644,53.97531734842373
189177,,,72.402,56.98404579570345,,,,
189186,51.82182155190259,,73.648,,,,54.12934164530149,
189221,,,57.148929211112275,53.908360193237186,74.0,,,
189250,,,,,,82.028,,
189271,,,81.014,73.87743959501566,,,,
189280,,,63.80851999830987,80.09,,,,
189303,,,,,,78.97,,
189332,,,67.0678558669066,,83.912,,67.55301772404162,
189462,,,,,,,76.85,55.61427707427904
189505,82.1905480687386,,,,,,81.186,
189511,,,69.83195707451344,84.74000000000001,,,,
189513,,,86.792,,,,,
189558,,77.08,,,,,,
189573,59.428868793655326,,,,,76.486,55.4359115048321,
189596,85.80000000000001,,,,,74.00185545993847,,
189615,,79.43,,,65.8894801738575,,,
189619,,,72.53200000000001,62.70998147780729,,,,
189776,,,,,,73.486,,
189805,,,,,,85.71600000000001,,
189808,,,,,,72.26,,
189860,,,,,79.634,,,
189881,,85.7,,,,,,
189930,,,54.57290629033763,,75.21000000000001,,54.71571272130267,
190034,,77.05,,,51.8726425538704,,,
190059,60.53732692931911,,,,,80.34,67.31362019926553,
190180,,75.56,,,,,,
190199,,,79.012,62.841234223142344,,,,
190239,,72.43,,,70.49814517499574,,50.606025938416366,
190276,,78.03,,,,,,
190324,,79.52,,,,,,
190362,,,,,,79.082,,
190456,,,,,73.148,,,
190547,,74.41,,,,,,
190560,,73.37,,,,,,
190583,,,,,,78.462,,
190589,,,73.934,57.591236389770444,,,,
190592,,74.24000000000001,,,,,,
190602,,77.65,,,,,,
190620,,,,50.13269310017404,71.774,,,
190633,,77.48,,,54.15907341942717,,,
190674,,65.03841030338812,,85.52000000000001,,,,
190738,,,,,,75.778,54.20196763424326,
190765,64.35318587872959,,81.99259935590919,84.52,,,,
190813,66.25142611636694,,,,,,83.162,62.970500474388636
190815,,82.78999999999999,64.95480320564607,73.98010945450757,,,,
190852,53.71227185111101,,,,,,71.244,52.494185926752316
190868,,79.13,,62.03752330769233,,,,
190885,,60.832732403347535,,59.225268903866514,77.19800000000001,,,
190939,,,,,,76.104,,
190962,,75.78,,52.22870697990836,,,,
190972,,,,,,,82.092,61.232526073062
191058,,,,52.084578673395136,71.994,,,
191083,,,,,,80.68,,
191173,54.413203949699124,,76.866,54.35080576849698,,,,
191202,,,,81.89,,,,
191269,,,77.178,,,,,
191390,,52.45378174211929,,,74.958,,,
191572,,70.85,55.213599065933195,55.55144265714216,,,,
191627,,,79.2,66.41619929565279,,,,
191648,,78.2,,,,,,
191730,,,,,75.01,,,
191740,,,64.54262191577041,83.76,,,,
191783,57.36685683576108,,67.66201379052679,,,,75.816,
191856,,,,,,81.214,,
191915,,74.37,,,,,,
192071,,,,,,,78.372,
192102,,,,,77.968,,,
192123,,,,,,87.82,,
192126,51.920814840123256,,,,,73.19200000000001,54.072512026584874,
192231,,,54.45805545787239,63.1833462578076,74.806,,,
192241,,,50.92119696713334,62.098171662566386,75.624,,,
192250,,71.91,,,,,,
192318,84.34081590928511,,87.328,,,,,
192319,,,,,73.412,,,
192342,81.34,,,,,,,
192366,,87.1,,,,,,
192387,,,,,,83.9,,
192450,,,,,,75.358,,
192451,55.8075030257001,,77.648,,,,61.24800895604722,
192505,,,,,,88.272,,
192559,,78.53999999999999,,,,,,
192567,,,,77.77,61.20435460381559,,,
192622,,79.65,,,,,,
192629,66.00204974893599,,,,,76.16595285497847,,86.77
192636,,,79.958,58.57703076896044,,,,
192638,,84.37,,66.84955620389596,64.31303572313023,,,
192641,,81.37,,,,,,
192658,,,,,76.196,,,
192660,,,,,,76.06,,
192678,,,,,,83.496,,
192679,,57.28193043749607,,60.515321729865406,72.916,,,
192695,,73.13,,,,,,
192765,,73.53999999999999,,,53.63255896589647,,,
192816,,82.31,,,,,,
192840,,,,,,80.866,,
192883,66.81043468898585,,87.16999999999999,,,,,
192955,57.78146398317241,,79.154,,,,,
192985,74.37957703587912,,90.666,,,,,
192991,,,,,,80.056,,
193011,,79.64,,,,,,
193061,64.78921743330262,,81.864,,,,,
193082,,,,,77.3458753829415,,81.196,
193091,,77.81,,,,,,
193133,,,,56.52193104078886,79.16,,,
193141,,56.699933261212415,,51.999758488987496,72.482,,,
193143,,76.78999999999999,,,,,,
193144,56.63696322080355,,75.782,,,,62.72905167637256,
193177,,,,,72.44200000000001,,,
193198,,83.21000000000001,,79.06278907143268,,,,
193254,,,,,79.298,,,
193260,,,,,,75.598,,
193283,,73.17401874492973,,81.45,,,,
193301,,,,,,84.866,,
193333,,75.41,,,,,,
193348,84.52,,,,,,,
193352,,,60.79924017807218,59.24866561519423,79.508,,,
193440,,80.11,,,,,,
193468,,77.52,,56.348216804237566,57.18940525162265,,,
193474,,61.16906175115476,,84.51,,,,
193476,78.44911926333876,,,,,,79.394,
193478,,72.03,,,,,,
193532,,78.59,,66.87230323350984,,,,
193569,,74.33,,,,,,
193601,,82.88,,,,,,
193608,,,71.644,57.923097603909525,,,,
193683,,,75.998,57.92881993581391,,,,
193713,,,57.21239867735255,72.89,,,,
193716,,76.49,,63.99002235428888,,,,
193747,,,86.366,70.20049215038577,,,,
193794,,,,,,79.728,,
193881,80.43,,,,,,,
193884,,,74.632,52.71211066252861,52.537089623247816,,,
193910,,,76.196,62.3847317981931,,,,
193945,,76.4,,57.36629488401058,,,,
193957,,,,,73.038,,,
194017,76.88,,,,,75.00057332824645,,
194018,,,,,,75.756,,
194059,75.62,,70.37823876862,,,,,
194077,,76.23,,,,,,
194122,,,,,,72.674,,
194138,,,,,,77.924,,
194146,,77.85,,,,,,
194149,,,77.318,60.98688904454082,,,,
194201,,80.47,,,,,,
194209,,,,,,80.638,,
194431,,,,,73.46,,,
194759,,74.65,,,,,,
194765,83.13516150687535,,,,,88.294,,
194769,,,64.47415214844148,,,,58.09883797244469,76.0
194785,,73.33,,,,,,
194794,63.295270443706826,,,,,67.09038495501768,78.672,
194846,,,,,78.836,,,
194847,57.87511263804085,,,,,,77.906,60.6538827903387
194879,,,,,,77.918,,
194925,,,,,,73.986,,
194964,,,,,,,76.102,55.29204119649722
195033,57.324784577961815,,77.188,,,57.562792242423065,,
195037,,79.0,,,,,,
195038,81.06,,,,,,62.1884036744779,57.68774963642085
195065,79.18,,72.34789120790464,,,,,
195086,,80.03999999999999,,,,,,
195126,,,,,,72.78,,
195202,60.244989605823065,,80.416,,,,,
195262,,,,,,77.248,,
195365,60.31084971233318,,83.226,,,,,
195427,,,,,,74.264,,
195479,,,62.355752993352446,,83.35,,61.17465085665205,
195864,69.37056281627986,,83.858,,,,,
196318,,,,,,,78.89,57.58600202011813
196432,,,65.4972780052312,80.88,,,,
196688,,78.59,,,56.46883135657731,,,
196848,,,,,,76.24,,
196916,,,57.802838008067695,75.35,,,,
196935,,76.44,,,,,,
196952,,55.91053278632798,,,75.24,,,
196953,,73.17,,,,,,
196978,,,,,,83.788,,
197031,69.37197722202978,,,,,82.56,,
197170,,,,,,,73.254,
197240,79.69,,57.84987978402334,,,,,
197391,,53.4131018919335,,57.73931129053154,72.872,,,
197445,,85.4,,72.28714907492198,66.49240865227036,,,
197655,,85.33,,,,,,
197716,,,,,,73.336,,
197756,57.58109112459336,,,,,65.2309257214732,78.91,
197781,88.26,,,,,,,
197831,,74.94,,,70.58114358730977,,,
197860,,,,,76.814,,,
197891,,,,,,79.78,59.18616433962451,58.20922952091738
197926,,,55.76170764270154,77.6,,,,
197948,,83.9,,61.63149417974117,,,,
197965,64.66600656415508,,79.998,,,,,
197971,65.2717414089116,,,,,77.652,,
198006,77.77,,74.53009038898998,,,,,
198011,,,,,,74.616,,
198023,,67.63980962090857,,,77.73,,,
198024,,,73.838,,66.53434312817016,,,
198032,,84.77,,,,,,
198046,,,,76.28,67.83059102424073,,,
198141,,84.17,,61.76026635057018,,,,
198143,81.14,,,,,59.552027817603985,65.56452528716054,
198145,67.77699198661959,,,,,76.224,,
198164,79.26,,61.859064327399636,,,,56.53529328976047,
198176,,87.22,,,,,,
198177,,79.68,,,,,,
198178,,71.31,,54.917929654933005,,,,
198190,,71.31,,47.756415021139496,,,,
198200,,,58.626453945723966,79.43,,,,
198261,,78.98,,63.225516204794474,,,,
198331,,,,,,80.468,,
198347,,,,,,79.648,,
198352,,81.32,,,,,,
198377,,75.27,,53.04384311922345,66.99833356336352,,,
198437,,,,,,75.69800000000001,,
198451,81.5,,64.08206018599562,,,,61.03873639579798,
198455,,,60.76702570964275,56.34699592987536,74.752,,,
198489,,,,55.2494913944313,75.28,,,
198538,,75.98,,,,,,
198599,,,,,79.904,,,
198624,,74.39,,,,,,
198628,51.68215072713656,,,,,75.074,,
198635,,,,,,,78.3,61.7424303519158
198640,78.61,,,,,,63.2172364037714,58.82176229996018
198642,,74.86,,,,,,
198657,,,,63.11285778737445,81.71000000000001,,,
198704,,,59.250062182402,74.03999999999999,,,,
198705,,,,,77.50399999999999,,,
198717,,,,,,,73.26701230552743,83.074
198811,,60.58697725207489,,73.95,,,,
198836,,,63.43511796280026,75.72,,,,
198857,,78.5,,,,,,
198892,,72.2,,,,,,
198904,,79.61,,,,,,
198951,,,,,,82.934,,
199000,,75.91,,,,,,
199027,,78.59,,,,,,
199042,,,80.584,57.295001772767975,,,,
199051,,76.52,,,,,,
199088,,53.80860934905432,,,73.172,,,
199110,,,,,,81.904,,
199146,,,73.594,60.628964689130555,50.89067870679522,,,
199151,,,,,,,78.782,62.13764850901917
199158,,,58.19035369621088,77.8,,,,
199159,,,62.56604993015062,75.85,,,,
199174,,78.95,,,,,,
199183,57.58524895918388,,71.206,,,,,
199189,66.87251196288173,,82.418,,,,,
199191,,57.583962628013644,,,78.282,,,
199206,,81.36,,,,,,
199215,73.34,,64.5800880909516,,,,,
199218,,74.69,,,,,,
199231,,,,,75.434,,,
199236,,,,,75.044,,,
199244,,78.48,,,,,,
199247,58.00781563798625,,79.492,57.08636275514196,,,,
199266,,,,,,73.354,,
199282,,,56.53700443894084,74.68,,,,
199313,,77.53999999999999,,,55.14471791090459,,,
199323,,79.28,,,69.1862461259744,,,
199386,56.759104253090335,,,,,77.27,,
199393,,80.97,,,,,,
199422,,,63.830644181804374,83.87,,,,
199435,,79.58,,,,,,
199439,,,,,,83.56200000000001,,
199503,,,76.41757469815076,88.39,,,,
199550,,76.9,,,,,,
199562,,,78.214,75.04574026430737,,,,
199564,,,70.94046546196157,82.07,62.13636274715941,,,
199572,57.350582583581215,,66.04095373555651,,,,,73.388
199577,,79.36,,,,,,
199602,,,,,,75.94,,
199652,80.13,,73.33007869603378,,,,,
199667,,78.0,,,,,,
199669,,81.46000000000001,,,,,,
199745,,79.05,,,,,,
199761,,77.02,,54.04027394113266,,,,
199792,78.5,,69.7627747292204,,,,,
199813,,82.09,,,,,,
199829,,,75.082,73.50978588291308,,,,
199830,62.2432015648246,,75.208,,,,56.541227263356895,
199845,,88.38,,,,,,
199890,,,,,79.128,,59.379837142755164,
199897,,60.106425815976664,,79.87,,,,
199915,,83.59,,60.62784445091178,,,,
199960,75.96000000000001,,,,,,59.54598976784441,54.91179060050423
199986,,78.62,,,,,,
200054,,,55.50179811353137,76.13,,,,
200094,,,80.208,65.23392112153964,59.25229136720078,,,
200104,,,,,,69.68603522365211,72.72347984666933,88.282
200122,,76.88,,,65.51868949642882,,,
200145,,71.29370555362492,,83.6,,,,
200155,85.2,,67.80472849126326,,,,,
200197,,,,,,75.182,,
200210,72.13,,66.41976876055602,,,,,
200223,,,75.244,55.37420572234396,49.901816029676056,,,
200253,58.24787461792721,,52.623389775039776,,,71.804,,
200260,74.40332889597006,,,,,,63.65965202585345,82.75999999999999
200294,56.92727721689033,,,,,75.896,56.61017754721396,
200302,,,,77.56,69.95140560695675,,,
200309,,,,,75.80799999999999,,,
200408,,77.18,,,,,,
200425,,74.21000000000001,,52.36086546026737,,,,
200429,,,,,,78.838,59.243914091388426,
200433,,,,,,73.754,,
200440,52.71625942298877,,,,,,60.94665123587548,73.476
200458,,,,,83.104,,,
200471,,,,,,74.814,,
200473,,,,,,78.44,56.94023665225075,
200519,,79.74,,,,,,
200521,58.66303020235117,,75.55799999999999,,,,56.38700731216217,
200577,,,,58.5873675656426,73.35,,,
200588,,76.48,,,,,,
200601,54.16278012520964,,76.262,,,,,
200610,58.731979681509735,,,,,77.956,55.57063266877794,
200630,56.745347349236454,,,,,,70.04450419405914,79.592
200633,,72.56,,,,,,
200655,,72.58,,,,,,
200667,,,59.95092203550787,76.18,52.67535105194892,,,
200672,,72.52,,,49.12158746257349,,,
200689,,,56.43384857132985,68.4475208092035,78.37,,,
200697,,75.46000000000001,,,,,,
200713,55.95056460699517,,77.386,53.849167874502335,,,,
200718,,77.44,,,,,,
200724,,86.1,,,,,,
200731,,77.52,,,,,,
200741,,78.48,,,,,,
200742,,73.35,,,,,,
200746,,,69.13213395734769,80.35,,,,
200752,,81.28,,,,,,
200759,,,63.323297691586895,58.61719826032021,79.678,,,
200781,,,49.56075007238569,71.57,50.35711274104179,,,
200793,,73.7,,,,,,
200806,,,74.156,60.77999937731522,,,,
200820,,,,,74.01,,,
200840,,77.73,,,,,,
200841,,53.26360014936981,,51.898456066791276,70.018,,,
200888,,86.51,,,,,,
200904,,,,,53.827334452879,,76.21000000000001,
201024,,87.0,,,,,,
201026,,71.71,,,,,,
201041,,,,,75.752,,,
201042,,80.38,,,56.571028394155604,,,
201081,,73.68,,,,,,
201093,59.70603753017247,,74.01,,,54.81426780978224,,
201114,74.62,,,,,,64.13847726426117,55.07972625581993
201122,,76.68,,,,,,
201132,,77.06,,,,,,
201136,,56.35996654397163,,,75.482,,,
201143,,81.69,,,,,,
201153,,,,,,86.174,,
201240,,,,,,,75.256,52.87622730433531
201285,,,,,,78.46000000000001,,
201301,,78.85,,56.245893916903164,,,,
201303,,,79.172,,,,,
201305,,83.23,,,,,,
201335,,,,,,77.70400000000001,,
201346,,,,,,73.012,,
201368,,,68.46408217351129,78.96000000000001,,,,
201389,,,,,82.068,,,
201399,,,,,,87.214,,
201413,,,52.06276866960873,72.97999999999999,,,,
201417,,80.42,,,71.58892492081591,,,
201438,,,78.152,70.73525712348791,,,,
201447,,,75.56,,54.06655043323639,,57.16308993713337,
201455,,83.72,,76.53604584428862,,,,
201505,,83.13,,68.33558372003625,,,,
201514,,,,,,65.63961113642064,52.28816517237635,73.082
201528,,77.74,,,,,,
201841,,80.53,,,,,,
201862,,82.28999999999999,,,,,,
201876,,,,,,73.814,,
201877,,,72.8886411053276,79.75,,,,
201884,,,68.02051201350744,55.39100567433176,75.87,,,
201887,76.03999999999999,,59.424814731918204,,,,57.674742173347276,
201888,,,,,,75.648,,
201895,57.63390014633189,,,,,,77.68,56.91396445419851
201901,,,72.87,51.98729916802718,,,,
201911,,,,,,78.02,,
201943,,,,,,77.902,,
201955,,,,,78.87,,,
201965,,,73.842,,,,,
201967,52.067955528993934,,,,,,69.0784932516297,77.246
202014,,75.28,,,,,,
202024,,,75.35083238442436,85.99,,,,
202033,,,,,73.31,,52.26585096637796,
202048,,79.0,,62.603036122789355,,,,
202050,74.85,,72.77652662023627,,,,,
202073,,72.53999999999999,,64.20385172822992,,,,
202078,,,81.51,,,,,
202087,,,53.85038438835196,73.93,51.91380209121873,,,
202088,,,,,,,79.02799999999999,56.943166514337115
202107,,,74.644,64.85980192519462,,,,
202113,,,,,78.72200000000001,,,
202126,,,,,,92.798,,
202151,,,,59.607322385919105,72.388,,,
202157,,,55.86557868676197,53.66248530520674,75.91,,,
202170,,77.63,,,,,,
202201,,83.28999999999999,,,,,,
202208,64.35881615497367,,,,,74.956,54.5312129655533,
202259,,73.84,,,,,,
202316,,68.54036811133463,,52.1240558397152,68.416,,,
202325,,,,78.63,,,,
202331,,,,79.63,,,,
202335,,84.91,,,,,,
202371,,64.48360393575007,,,79.908,,,
202408,,75.01,,,,,,
202429,,81.57,,,70.1684226477573,,,
202464,59.71302654228507,,78.666,,,,,
202489,,,78.736,59.437707825502834,,,,
202515,59.259729514559304,,,,,75.536,54.92948133963361,
202518,,,75.342,57.83494520804674,54.5951097264942,,,
202526,51.42099001765852,,,,,70.63,50.060252952935336,
202558,76.91,,68.46433405746124,,,,,
202648,,,81.78065194502805,,,,85.438,
202651,68.04179298660273,,,,,,81.158,62.49145720353096
202652,61.753587514308144,,,,,,70.67854928468766,84.068
202676,,,,,,76.63,,
202678,,50.890142601910355,,52.134086422798575,73.932,,,
202686,,,,,,77.436,,
202693,75.03,,71.0986510155027,56.68762763415357,,,,
202695,,86.16,,,,,,
202697,,79.62,,,,,,
202698,,,65.62534487691875,72.65,,,,
202716,,,,,,79.94200000000001,,
202750,,80.71000000000001,,,,,,
202771,,,77.092,63.53135222785016,,,,
202808,,,73.48400000000001,51.589462483038986,60.85371053212505,,,
202814,,,,,78.146,,,
202819,53.468337641839014,,75.156,,,,,
202848,81.14,,,,,,67.80977606211124,60.68939861625132
202849,,81.46000000000001,,,,,,
202851,,,,,,77.332,,
202855,,,,,,75.578,,
202884,,,,,83.092,,,
202905,,,,,,78.282,,
202925,,,,,,72.744,,
202968,,,50.57296970494415,,71.50999999999999,,50.76529003296557,
202978,,71.13,,49.206771648256186,,,,
203002,,76.82,,,,,,
203026,,76.05,,54.970495537038516,,,,
203030,,78.85,,,,,,
203067,,,,78.0,,,,
203095,,59.31412981030951,,51.14190256666334,71.04599999999999,,,
203106,79.67,,60.894482499019496,,,,58.51144502992603,
203128,,58.96764978445442,52.61289607189126,74.14,,,,
203137,,78.38,,,,,,
203138,,,56.594036169614114,75.49,,,,
203161,,79.17,,,,,,
203177,,,,,79.52,,,
203263,,85.80000000000001,,63.299036337115965,,,,
203264,,74.85,,,,,,
203287,,,,,,71.436,50.256909818369486,
203292,,,,,73.884,,,
203309,,,,,,48.72936253203067,72.062,
203328,,,,,,50.711696183546906,76.172,54.49455595393623
203362,64.5521341406401,,,,,,82.32,60.474928886253124
203363,,76.67,,,,,,
203368,61.68204179894177,,,,,,54.57925829049783,73.162
203376,,92.32,,,,,,
203393,,,63.461540769089595,77.36,,,,
203398,,75.32,,56.268082672368635,,,,
203415,,,73.612,,,,,
203428,,,,,74.082,,,
203483,,,82.54599999999999,,,,,
203485,,75.14,,,50.39222710226334,,,
203486,69.80611350439014,,,,,,60.47076732093837,79.138
203487,,81.15,,,,,,
203500,,,,,,72.066,,
203502,67.4389909724207,,,,,55.84103503978617,78.28399999999999,
203505,,,,,76.844,,,
203535,,,79.124,56.67323288589836,68.56747322616484,,,
203568,,,56.17756875283881,,78.56,,63.70532609825274,
203574,,86.76,,,,,,
203575,,,58.77410937146314,54.823898358341566,76.314,,,
203581,,,,,81.996,,,
203590,,74.64,,,,,,
203605,,,,,79.264,,,
203615,,,53.90522480337142,75.81,64.16371074422551,,,
203725,58.11636333615535,,,,,,77.508,60.96574434000401
203733,,,56.748522696122194,77.03,,,,
203741,,,,,77.674,,,
203746,74.38,,51.88289884512923,,,,56.03556217409602,
203747,,,,,79.98,,,
203749,,76.49,,,,,,
203751,,,,,73.968,,,
203754,,74.31,,62.12900300099291,,,,
203780,,75.66,,,,,,
203782,62.160869127468985,,77.7,,,,,
203843,,55.77294798271319,,54.94785167988566,75.162,,,
203864,,,78.872,60.53133121603028,,,,
203902,75.42,,,,,,62.230214148055616,
203980,84.96,,,,,,,
204007,,,,,,70.812,53.59964231156299,
204017,,,54.93113330798166,,75.878,,54.39467083969384,
204033,,,,,77.562,,,
204042,,76.13,,,,,,
204060,80.9,,,,,,,
204078,75.73,,,,,,,
204082,,80.02,,,,,,
204105,,,,,81.604,,,
204111,,54.96377077915136,50.482303479419656,73.53,,,,
204125,,80.56,,65.41718404024975,60.22447922163903,,,
204152,,61.47481032041529,,79.99,,,,
204193,,,,74.09,,,,
204211,,75.63,,,,,,
204219,,74.69,,,,,,
204275,51.25510386783397,,73.166,,,,51.73874520471135,
204280,53.187022081202876,,,,,67.9363624157826,72.682,
204297,,74.28,,,,,,
204322,,,,,,,72.00999999999999,
204324,,,,,,,76.894,
204348,,,73.35,,,,,
204353,,67.97147268782966,,54.79040316946114,72.53,,,
204370,,,64.90400771079968,,,59.83819819547443,75.12,
204412,,,70.26272465133142,79.44,,,,
204451,,77.17,,55.56835959703736,,,,
204458,,75.46000000000001,,,,,,
204485,72.59727068008961,,,,,,87.104,68.86577477297288
204496,,75.35,,,,,,
204497,82.58,,78.47741971603,,,,,
204525,,88.89,,,,,,
204529,,,,,,83.35,,
204539,,,,,83.21,,64.88492778773302,
204542,55.34442907365999,,78.432,58.70774189008393,,,,
204612,,,79.408,62.3901476491229,,,,
204638,,88.42,,,,,,
204639,,84.0,,,,,,
204684,59.11907767943286,,57.93546556785678,,,,75.39,
204687,,,,,74.52199999999999,,,
204688,57.701990859837906,,79.958,58.514970970150415,,,,
204691,57.38291306619092,,77.164,,,,,
204699,,,,,,67.31324491442427,64.22044864355261,81.328
204709,57.45548999533713,,,,,76.926,,
204738,,,,,,,78.2,56.378793366851355
204760,,71.23386066524101,,,74.152,,,
204776,,78.88,,,,,,
204785,,,,,,73.78399999999999,,
204816,,76.01,,,,,,
204838,,,,,,83.76599999999999,,
204850,60.72005646768492,,,,,77.154,58.73554762419649,
204870,,71.87,,,,,,
204882,54.453943296210014,,,,,,65.72052681503291,77.978
204923,,,73.52329711897204,84.78,,,,
204936,,79.86,,,,,,
204963,,,,,87.426,,,
204970,73.48789011359143,,,,,81.328,63.13931337994132,
204979,,,,,76.27799999999999,,,
205015,,57.63531599020663,,52.64779340864824,75.55,,,
205019,,,,,74.36,,,
205054,,78.06,,54.722059828683484,59.494660237368336,,,
205070,,,,,,60.152727240613075,81.916,60.61487594433016
205083,,,82.70400000000001,59.557181974190925,,,,
205089,61.143974723624865,,77.668,,,,,
205119,,,81.066,64.02654184998849,,,,
205139,,73.77,,,,,,
205157,,,66.75528887131433,85.24000000000001,,,,
205158,,,,,,75.378,,
205159,,72.78,,,,,,
205175,,,,,,85.474,,
205192,61.66745144143236,,80.244,,,,,
205201,,66.67383258589413,59.26346284589128,81.74,,,,
205210,,,,74.94,,,,
205214,,,,,,,74.65133436119496,82.664
205255,,,,,,74.492,,
205278,,71.39,,,68.25087866332646,,,
205291,,,77.068,62.462385064250235,,,,
205347,,,61.85124613688076,78.3,,,,
205363,,78.73,,,,,,
205365,,,,,,,78.612,59.426854553556254
205369,,,82.024,,,,,
205391,,,60.385213422017955,81.05,,,,
205393,,72.75,,,,,,
205401,62.37403606354314,,,,,,81.00399999999999,58.51666649419384
205402,67.5510735718982,,77.422,,,,57.663302172948185,
205407,,,76.188,54.15871400055956,53.12678416853191,,,
205431,,,,,,85.738,,
205433,,73.92,,,,,,
205452,,89.52,,,,,,
205481,,,,,,72.77600000000001,62.65059049907079,53.25716324123452
205531,61.318128522419606,,79.862,,,,,
205548,52.14835047062792,,75.44200000000001,,,,,
205551,,,,,76.262,,,
205559,,,,,,74.834,52.39983930073636,
205566,,,,,80.53399999999999,,59.16928808582989,
205569,61.82141058991889,,84.626,,,,,
205584,,77.35,,,,,,
205590,,80.03,,,,,,
205596,,,,,72.89,,,
205598,52.778641538309245,,67.04706666134325,73.11,,,,
205603,,,,,,72.97,,
205630,,,,,74.804,,,
205633,79.44,,70.1688540719008,56.95064726172835,,,,
205678,62.59826303193066,,,,,,83.844,64.53490190463472
205686,82.15,,74.73556726339045,,,,,
205691,,75.15,,,74.22021689080378,,,
205693,,,,,,84.694,,
205726,,,80.014,67.26144325654977,,,,
205756,,80.39,,59.055644990970876,,,,
205760,,,,,,72.19800000000001,,
205818,,,73.314,63.045782610798994,54.20214307602801,,,
205850,,,,,,78.376,,
205855,61.018930294043614,,,,,85.106,,
205869,,,,,,,77.908,57.45957707444002
205887,,,,,,76.712,,
205892,71.57,,,,,70.5105263229937,,
205895,,,59.494049676476536,77.74,58.16671183183407,,,
205897,,55.17043705679532,55.79018044686286,76.57,,,,
205923,,81.45,,59.43387679222754,,,,
205939,,,,,76.264,,55.038132347320726,
205943,,59.01831688158895,,75.7,,,,
205953,,,62.040731274753455,77.22,54.22381416391796,,,
205966,76.25,,,,,,55.28350097117696,
205970,57.931215096067575,,,,,,77.624,57.069015166641684
205972,,,,,,78.132,,
205976,,,,,,75.11345213941877,79.694,
205983,,,76.78399999999999,61.38302808419471,,,,
205988,,84.21000000000001,,,72.39661652828227,,,
205989,,78.69,,59.128866253169164,,,,
205990,,,55.23203289610352,77.86,53.55523239066294,,,
205995,,74.92,,52.46574260483945,61.149885654832595,,,
206006,,,,,75.068,,64.97888812262232,
206031,,,,,,78.338,,
206083,,,,,,,80.87,61.993212331528966
206085,,,,,,,81.31633032970325,85.65
206086,,,,,76.23400000000001,,,
206089,70.65,,64.06896896966077,53.23091174245435,,,,
206098,,81.09,,61.43299945854456,57.6275937926933,,,
206113,69.8502885918743,,,,,,85.156,67.47635253573307
206134,,,,,,75.312,,
206147,,,,,,72.872,,
206159,,,,,77.15,,,
206170,,73.04,,,,,,
206171,,,58.14658730756416,75.45,,,,
206198,,80.25,,,,,,
206202,,,74.274,62.1898104951254,,,,
206219,,73.33183506394437,,,78.224,,,
206222,,81.08,,,,,,
206243,55.16683807997126,,75.088,,,,,
206254,66.19075551647506,,,,,,82.17,59.22503104741405
206306,,,73.42859723006444,80.45,,,,
206408,,,,,,76.092,,
206413,,60.30858072814297,,80.05,,,,
206431,48.650706875139484,,,,,72.346,,
206436,78.96000000000001,,,,,,,
206467,72.94331188704987,,,,,83.396,62.10206042109726,
206485,,77.37,,73.16999850754254,,,,
206511,,,78.58366698363069,84.19,,,,
206516,,,64.88622516728597,82.63,,,,
206517,73.54348245210902,,,,,,67.13719714783133,84.42
206518,,,,,,76.15,64.18706177968954,59.30320864111625
206522,,74.47,,,62.77996949040892,,,
206524,,72.57,,,49.79353614454754,,,
206535,,60.518255103569274,,73.26,,,,
206536,,73.66,,61.605629409185696,,,,
206545,,,78.382,,,,,
206551,,,75.582,57.19894731099731,,,,
206554,,72.81,,,62.408774021820605,,,
206558,50.01077039154701,,,,,,75.202,53.09294993709072
206562,,,53.96706512882209,72.74000000000001,53.804568632889776,,,
206565,,,72.73,,55.638528087734606,,57.38863776955053,
206584,,,,48.46624926156101,63.851494712018,,70.934,
206590,66.82918471816538,,83.45,,,,,
206591,,,61.00565765920554,,84.124,,67.65006440848302,
206594,59.855161152166374,,,,,,79.30199999999999,58.92506905775075
206601,,69.18355163164574,,,74.818,,,
206606,,,,,,81.144,,
206626,,,,,,81.324,,
206653,,,71.36338817207982,55.59919315012311,77.934,,,
206654,,81.46000000000001,,,,,,
207410,,,86.786,65.09462928490748,,,,
207421,71.00485376861494,,,,,,68.00444992026547,87.162
207431,,77.28999999999999,,,,,,
207439,,,84.4,78.58762321012588,,,,
207440,57.09865632581479,,,,,,78.632,
207441,,,,,,78.878,66.0849042097506,63.1652820107266
207454,54.88651816988138,,,,,,63.343234214441765,78.532
207471,69.9099622458232,,67.66004775502206,,,81.004,,
207494,80.46000000000001,,,,,,66.66133400684343,
207502,,55.76803735013707,,,72.686,,,
207513,48.00728617234607,,71.536,49.57055785385352,,,,
207554,77.82,,59.06722268731945,,,60.20871647413567,,
207599,,80.85,,,,,,
207616,,81.78999999999999,,,,,,
207620,,,,,,71.652,49.433894574595776,
207622,,76.86,,,,,,
207624,,74.37,,,,,,
207641,,,,,,,78.382,58.27455554950941
207646,,73.86,,,52.24062768750305,,,
207650,,79.61,,58.838148183129995,53.149003371192016,,,
207715,62.20328710231518,,,,,81.824,,63.64141432979245
207725,,82.25,,,,,,
207730,54.29489725995947,,50.47229140402677,,,,73.816,
207732,,,,,,76.12,,
207733,,,77.766,66.64589464742379,,,,
207740,,,,,,,75.878,60.45554099258073
207762,53.95684700073282,,73.384,,,,51.93254648444812,
207790,,67.30312845951903,,70.58213268076041,79.672,,,
207791,,,,,,81.42,,
207804,,77.64,,,74.14413543975601,,,
207805,,,,75.53,,,,
207807,,,,,,,76.664,58.21921836673569
207828,,,,,,73.218,,
207858,,,,,,73.944,,
207862,,86.64,,,,,,
207865,,90.01,,,,,,
207877,,,,,,79.814,,
207886,,,60.3002315252528,,74.304,,57.08358676246713,
207897,,79.36,,,54.55743998706068,,,
207948,64.9072310929769,,,,,,65.53509403199229,81.334
207952,,78.36,,,,,,
207956,,,76.652,55.35862789480655,67.34363150391187,,,
207993,,84.57,,,61.384469042393945,,,
208004,,79.76042840461491,,,80.236,,,
208014,,75.5,,,,,,
208024,,76.76,,,,,,
208047,,,,,,,75.416,55.31143311843759
208052,,,,,74.246,,,
208053,79.08,,,,,,60.122936796118886,57.76334354279381
208054,,,,,,79.718,59.49194451868114,
208063,,,74.086,62.752450440053835,,,,
208073,,73.03,,,,,,
208088,,,56.50478949941629,75.5,,,,
208093,62.90014659581832,,,,,85.374,63.072900889902435,
208111,,73.79,,,70.0210796480257,,,
208128,,,77.91808764295708,89.08,,,,
208135,80.02,,70.96320762526406,65.39270484958382,,,,
208137,,,,82.88,,,,
208146,,77.98,,,,,,
208157,,,,,,76.75,,
208159,,,,,,79.26,,
208165,,84.63,,,,,,
208188,,76.43,,,,,,
208224,81.28999999999999,,59.69119028005882,,,,59.54591378238885,
208247,,72.85,,,,,,
208250,82.46000000000001,,62.648628674578326,,,64.14004532099294,,
208260,,57.5690042431842,,79.58,,,,
208268,,,85.11600000000001,72.0169885269862,,,,
208297,,,74.304,63.234852818398046,55.645228106400545,,,
208302,72.47,,67.68153378864865,,,,,
208330,65.53120798592978,,,,,,64.99214524513462,79.984
208333,,87.26,,,,,,
208335,,,,,79.894,,,
208364,,82.55,,,63.34301964895178,,,
208418,,,,,,,78.80136400184728,86.342
208424,,,67.99617827870497,75.57,,,,
208432,,76.7,,57.409049919016425,,,,
208440,,78.74,,,,,,
208448,84.67,,,,,,62.23169347110975,60.98684270867088
208461,,,85.95400000000001,84.933969491235,,,,
208462,,80.05,,,,,,
208470,,55.01191396887252,,77.85,62.53040593235119,,,
208480,,,79.488,60.78510424829164,,,,
208504,75.41,,,,,,58.45995604583084,54.06459761493493
208509,,,54.31104397010926,56.41497371254611,76.602,,,
208520,,,,,77.47200000000001,,,
208535,,,79.248,71.13187402884044,56.94700708065492,,,
208543,50.822942471019786,,72.124,,,,53.130476315953544,
208564,,,54.52914772663048,,76.38,,54.33626263896058,
208574,,,,,66.86319702542512,,85.586,
208590,,,73.756,59.00559654293505,,,,
208592,,,56.05889074550244,79.42,,,,
208596,,,,,,84.15,,
208602,,,75.068,59.3013364181019,56.34121271796856,,,
208615,,79.61,,,,,,
208620,,,80.11,68.67754871482451,,,,
208621,55.36151484648247,,,,,77.578,62.41997906746187,
208722,65.46687506957684,,,,,73.94765486530295,86.66999999999999,
208769,,,54.281915639160374,76.53999999999999,,,,
208787,61.255311281770986,,83.266,,,,,
208806,,76.14,,,56.195260131651196,,,
208812,,,,,73.91,,,
208852,,,52.67823840011063,,49.790124733882536,,71.654,
208861,,,,76.89,,,,
208892,,,,,78.288,,,
208919,62.66153132742304,,,,,,77.31014977618382,84.268
208920,,86.85,,,,,,
208942,,74.43,,,,,,
208949,74.53,,,,,,,
208965,,75.03,,,,,,
208974,,,,,,,64.91094117883767,73.05
208989,,,,,,72.88,,
208999,,,,,73.754,,58.97944974496788,
209039,,,,,,,78.224,62.34209038714317
209061,,,,,79.648,,66.98803637779429,
209062,,,,,,74.838,,
209063,,79.74,,,,,,
209196,,79.13,,,,,,
209210,,78.99,,,,,,
209223,,,57.46394302985642,62.55917940542298,72.994,,,
209232,,76.78999999999999,,,,,,
209256,,72.98,,,,,,
209264,,,,,,76.062,,
209281,69.26475255102866,,,,,,74.20400000000001,51.463891358464565
209289,,,59.537035973154055,,79.862,,,
209297,,,84.688,69.22849988685016,,,,
209315,,,,,74.16,,,
209320,,74.35,,,,,,
209323,,,,,,75.014,,
209331,72.10654382862886,,,,,,92.25,77.0652686651643
209335,,,,,79.03399999999999,,,
209359,,,71.118,57.21785187454408,48.393140697216225,,,
209361,,,,,73.864,,,
209368,,,71.59,49.103595467250415,,,,
209369,,,,,,72.72,55.140491902629435,54.155718785351866
209409,53.357199108303334,,,,,,77.452,58.582902145590985
209417,,,,77.7,,,,
209438,,72.63,,49.411214090869194,,,,
209491,,73.84,,,,,,
209499,,,,86.96000000000001,,,,
209504,77.89,,,,,71.10929480369133,,
209523,66.57877258151022,,,,,79.294,,
209547,,78.6,,,,,,
209597,,79.81,,,,,,
209602,,,,,73.712,,,
209613,,,,,,78.872,,
209618,,,,78.71000000000001,,,,
209620,,,,,81.624,,59.878395701714666,
209658,,,85.812,66.31169436178328,,,,
209744,,,,,76.406,,,
209761,,75.78275083234752,,,70.274,,,
209780,59.58535551977239,,80.144,,,,,
209781,,,71.9502067215418,76.26,,,,
209816,,77.45,,,,,,
209839,,81.16,,,,,,
209846,,,,,82.242,,,
209852,,74.52,,,56.20565484774497,,,
209886,76.49,,69.13545123450803,,,,,
209888,,,,,,,80.726,58.37338834111098
209889,67.1727554598247,,79.04781184237305,,83.764,,,
209989,,,66.19268259732738,87.11,,,,
210004,,,,,75.48,,,
210008,86.57,,78.89019728437358,,,,,
210010,,,77.904,64.74877071851787,,,,
210021,83.35,,,,,,66.6596470122366,
210029,,,,,74.232,,,
210035,,,83.16935914071277,,,,87.748,
210044,,83.9,,,,,,
210047,,86.53999999999999,,76.00411255629906,,,,
210108,53.38974722706436,,75.362,,,,,
210134,,74.45,,,,,,
210136,,81.41,,,61.866301414218434,,,
210205,,72.89,,50.54708309869631,50.676934796014535,,,
210243,,,,,78.044,,,
210259,,,,,,80.48,,
210263,,,,,,,75.822,55.70493624242531
210304,,,,,73.512,,,
210321,,,,,,79.382,,
210324,83.52,,68.88051608400139,,,,,
210377,77.48,,,,,,60.04997799495917,58.30317334525477
210381,,,,,78.502,,,
210384,,,,,76.008,,59.533240990773066,
210386,,,,,,56.48247446676649,77.03,57.075754347262674
210389,,,,,72.09794331720154,,73.51599999999999,
210394,,,,,72.108,,,
210401,,,54.529614782850174,73.28,57.204551286784465,,,
210406,62.57453018752271,,84.548,,,,,
210411,85.98,,73.8487389880215,,,,65.51979169922114,
210413,,86.82,,,,,,
210423,80.97,,59.242664466178304,,,,60.37638023228175,
210450,,,,80.77,,,,
210452,53.562738908218925,,75.65,,,,,
210455,,,,,79.172,,,
210482,,71.252470398249,,75.49000000000001,,,,
210484,53.209821670924526,,66.67128324435714,,,,76.21600000000001,
210489,76.03999999999999,,,,,,,
210513,83.69,,,,,,58.47397902811793,
210514,,,67.96209726619094,,87.944,,67.623880059653,
210537,59.14454869261466,,,,,,73.59763175078244,81.75
210538,,,65.27118932247122,74.26,,,,
210544,51.78515501870224,,,,,,74.036,
210548,53.294002676500014,,73.758,,,,,
210556,,,,,,77.214,,
210602,67.3721362008545,,,,,,86.852,65.38988660619648
210603,,,,,75.048,,,
210619,,,72.29608210017955,77.86,,,,
210625,,,,,80.194,,,
210644,66.43531319492274,,77.312,,,,,
210646,,,,78.71000000000001,,,,
210648,,82.49,,,,,,
210671,55.661221824917256,,,,,77.362,62.09138196720395,
210679,,80.74,,,,,,
210688,,,63.15942881361926,54.44534563025569,74.822,,,
210695,,76.12,,53.693080630457004,54.45171326892507,,,
210697,,,,85.26,,,,
210719,,80.65,,,,,,
210724,53.70625652181392,,54.867976415311276,,,76.352,,
210736,,,,,80.978,,,
210739,,,64.29951989827325,78.02,57.1653240814811,,,
210747,,73.5,,,69.93645215937451,,,
210826,,,73.818,53.38858436728717,,,,
210828,,76.51,,,,,,
210831,,,78.65,71.00443359574997,,,,
210843,,72.70190780282793,,,78.534,,,
210864,,,,,77.152,,,
210881,,,77.6412608469772,68.67728523327287,,,84.834,
210896,,,82.412,,,,,
210930,84.17,,,,,,,
210935,73.1485287425526,,,,,,65.60277150350544,86.636
210951,57.83925789063286,,,,,,66.94372488514256,80.306
210964,,79.26,,,,,,
210985,,,76.47200000000001,,54.579712016031486,,,
211003,,,56.058136824366294,73.31,,,,
211004,,,56.42888130329273,74.48,,,,
211009,,79.13,,,,,,
211019,70.35,,,,,,57.23565109648604,48.26290792822095
211022,72.17460008743612,,,,,,82.712,62.265311277891186
211042,63.33310193037613,,57.642561433691995,,,,,74.62
211061,82.4,,,,,,61.955790777768165,59.181158147205856
211068,,,,,,78.66,,
211093,,,81.65472692878858,84.69,,,,
211096,,74.11,,,63.90640880441434,,,
211098,74.13,,54.48018259760123,,,,51.803371254552836,
211107,,78.81,,,,,,
211110,89.18,,,,,,66.96765385259589,66.98464956771858
211143,,,,,,72.212,,
211147,,,,,76.26062372872231,,81.164,
211152,,,,51.62388960262052,73.066,,,
211166,,77.71000000000001,,,,,,
211173,,,,,,78.02199999999999,,
211177,55.81698956011042,,77.494,,,,63.46957419885316,
211203,,75.33,,,65.96870567960553,,,
211204,,,,,73.9,,,
211217,,74.43,,51.015365563541444,,,,
211221,,,,,,76.706,72.67776344554633,61.36932841959044
211228,,,74.0,,58.664463914840695,,54.40617944527261,
211240,74.39,,,,,,,
211241,,,,,78.23400000000001,,,
211243,52.88105148070534,,73.232,,,,56.79770291702334,
211250,,76.61,,,,,,
211256,,62.71590662432308,,,81.532,,,
211263,,79.94,,,,,,
211269,,,81.126,,,,,
211272,,80.61,,70.91357133608567,,,,
211274,55.54800867474149,,77.666,,,,,
211300,,,,,,72.52889691793601,62.07589261610498,83.206
211302,,,,,,79.17,,
211320,,81.91,,,,,,
211345,,,64.96754761087394,73.13,,,,
211361,,,73.52207075117529,82.55,,,,
211362,,76.9,,,,,,
211365,62.27463196785475,,,,,,77.014,55.32816790043779
211368,,,,,,,65.950870672496,85.292
211378,,61.764642580417885,80.874,65.12725778400393,,,,
211381,80.53999999999999,,,,,,66.4994024530405,62.19009685832824
211382,,57.01781449111175,54.762655052888995,77.52,,,,
211384,,,,,,76.916,,
211389,,,,,71.94200000000001,,,
211395,52.440287349177524,,57.45272583938083,,,75.274,,
211408,,,67.35413880320328,79.77,,,,
211437,,,67.42216224046263,77.23,,,,
211438,,74.63,,,61.674322949694584,,,
211489,59.49746320981131,,77.85,,,,,
211504,,,78.592,54.86140331087812,,,,
211506,77.66,,66.10568588758088,,,,,
211514,,,,,73.592,,,
211522,,79.78,,,,,,
211536,,,76.044,55.810817071859596,,,,
211556,,75.41,,,,,,
211561,,,,,,79.896,,
211565,,,,,,77.95400000000001,,
211575,,,73.61934065701499,80.71000000000001,,,,
211591,,,,,,78.30799999999999,,
211594,,,,,75.588,,,
211595,,56.63681591384143,50.51877166314116,72.46000000000001,,,,
211608,,75.49,,,,,,
211622,,74.13,,,,,,
211635,,72.85,,,63.25985902281488,,,
211672,,,,,,53.92055174519991,77.036,
211688,,,,,84.858,,,
211707,,73.4,,53.63667243092591,61.60330120753848,,,
211732,,,,,,75.348,,
211736,53.0578504025433,,,,,73.24600000000001,55.20110766693257,
211739,,,,,75.088,,62.67764331937625,
211746,,,62.95253787852931,72.63,,,,
211748,,,73.70041476290199,79.9,,,,
211784,,,,,,81.522,,
211786,54.88829191562465,,,,,76.348,,
211856,,80.68,,,62.20456515560141,,,
211857,,59.58844620579481,,,79.81,,,
211874,,74.31,,,,,,
211879,,,79.812,,,,,
211891,,,,,,75.378,54.92154650438171,
211899,,,,,,77.67,,
211903,55.617818296016736,,,,,55.03510712451248,75.26,
211928,,,56.83626319042307,71.26,49.501444894709415,,,
211982,,,51.64425899196029,,66.32234900848627,,74.888,
211987,,74.78999999999999,,70.23795208310781,,,,
211999,,82.23491246749036,,81.03,,,,
212002,,,,,,81.654,,
212040,,69.61039463734885,,54.210080104285765,73.38,,,
212045,,,61.030656853069516,57.78323409961284,79.634,,,
212048,,,56.1532482662896,54.576098902573705,76.998,,,
212075,,,,,,55.54172040720924,73.998,53.53943893398899
212090,,76.59,,,,,,
212091,,,,,83.426,,62.94289430291407,
212096,64.32236074524266,,,,,,84.456,62.46247947691988
212099,,,57.83088067513864,79.18,,,,
212100,,,,,78.138,,,
212118,,,68.09742872606276,81.28,,,,
212121,,77.25,53.700825485304556,70.10213668546334,,,,
212138,,,61.213744169715454,,82.518,,64.8436301475109,
212150,78.41,,66.5397407140964,,,,,
212165,,51.97485007651239,,62.84916344514811,72.854,,,
212167,,,,,,,72.126,52.7510466067563
212170,,,,,79.758,,,
212187,,,58.02271119315202,,78.25399999999999,,58.34565221682448,
212188,,,,,,71.3421316799947,65.23374007505572,83.938
212190,,86.13,,,,,,
212192,64.55520726274486,,79.022,,,,56.54487582119988,
212194,86.85,,,,,,,
212198,89.75,,79.3503452372247,,,,,
212204,,82.68,,,,,,
212205,58.13595397029583,,,,,,80.036,60.99898521143093
212207,69.61417921682875,,83.766,,,,,
212208,,76.97,,,,,,
212212,,83.55,,64.65217914771418,,,,
212213,,,,,78.474,,,
212214,55.26169161451205,,,,57.48049926980386,,78.754,
212218,,86.72,,,,,,
212225,,76.8,,,,,,
212226,78.96000000000001,,76.80489517506521,,,,,
212228,,,,,,86.254,,
212232,,,,,,76.846,,
212240,78.21000000000001,,,,,71.73848455089797,57.80974527863411,
212242,,66.14944003308695,,85.21,,,,
212244,,54.598576530683715,,,75.47200000000001,,,
212245,,,80.926,58.60977141490177,,,,
212248,,,,,,74.658,,
212249,74.1,,,,,,55.83286202271973,52.410967855737624
212260,,,,,,78.274,,
212267,,,,,,51.73538380460435,74.95400000000001,56.33048908356853
212269,,80.7,,64.53485277463753,57.7909991387754,,,
212287,,77.49,,,,,,
212321,,,,78.8,,,,
212347,,74.02,,,,,,
212366,,,72.04562704706885,76.7,,,,
212381,58.69829124909067,,,,,,68.10747699457805,80.064
212382,,,,,,81.876,,
212401,,78.64,,,74.34129218759098,,,
212404,62.35317970163627,,,,,,82.65,61.53232393003552
212417,,74.21000000000001,,,,,,
212419,,84.18,,,,,,
212424,,,53.27411477849418,76.18,,,,
212439,,74.71000000000001,,,,,,
212454,,,,,76.976,,67.45742191055709,
212476,62.27161825315505,,83.614,,,,,
212484,,,,,58.73152399487227,,80.484,
212485,,75.89,,53.98228169484887,,,,
212487,,76.6,,,,,,
212491,,,,,81.46600000000001,,,
212493,,,,,,,72.81,52.335210373009474
212501,,66.81452031218333,81.782,67.20356385433745,,,,
212516,,80.11,,,,,,
212523,86.41,,,,,75.38791426456909,,62.91347729757818
212546,,77.7,,,,,,
212591,,82.03,,,,,,
212592,,74.92,,54.896844071034344,60.347132197959084,,,
212601,,,,,,78.938,,
212602,,85.18,,,,,,
212613,,,,,,80.364,,
212616,,,87.708,66.15710983665603,,,,
212622,,,74.56059539639953,91.49,71.32931968308127,,,
212625,50.35699091211253,,73.912,54.796303379373754,,,,
212626,,,,,,81.444,,
212643,52.00825005027658,,,,,73.086,53.11287361788807,
212678,,,,63.13587924824864,78.66,,,
212682,,,61.90835026699056,73.72,,,,
212683,,,,,,73.164,,
212692,61.76006471480124,,,,,,79.462,61.64736228373497
212729,73.32234723031031,,82.646,,,,62.98964755248872,
212747,57.50866999513462,,78.50200000000001,,,,,
212755,,62.60317045926416,,78.8,,,,
212776,,74.51,,52.90036673744268,,,,
212778,,78.0,,,,,,
212790,,,,,,75.44800000000001,,
212791,55.79996410975982,,,,,71.20400000000001,,
212811,,76.04457951997065,,84.41,,,,
212814,70.03905775160682,,67.914598908399,,,,82.96000000000001,
212830,,,,,,,76.158,56.500516202374904
212879,,,,,,76.91,54.16939356005546,
212886,,,63.11542264998465,76.85,54.55447236013897,,,
212912,,78.0,,,,,,
212934,61.90383021736875,,,,,,63.45551958267592,78.846
212938,,77.82,,,,,,
212939,,,55.22267779121205,76.06,,,,
212977,,81.37,,,,,,
212990,,,72.37,51.24934441144843,,,,
212994,,,,,,74.836,,
213013,54.92652983845253,,,,,55.410310563222055,79.598,
213017,,78.33,,,,,,
213018,,,73.532,60.490030443999046,,,,
213064,,77.12,,,53.310180664802026,,,
213092,,70.40580359893481,,77.25,,,,
213094,,51.23935913704301,,,72.936,,,
213105,,,76.034,65.9888382888347,,,,
213134,55.74651481402066,,,,,,62.828316365022744,75.978
213143,,,,,,71.108,49.14571357941986,
213147,,,76.22,57.31736513481377,56.41414463410092,,,
213151,,,,,72.792,,,
213152,,,,,,80.31,,
213163,,,,,74.748,,,
213189,,,,,,81.62,,
213209,,,62.30576620902652,78.61,61.45421947098696,,,
213242,,58.79169718909064,57.37962808558496,80.3,,,,
213281,,,59.28161406063163,70.75,,,,
213296,,,73.29601416850032,82.07,,,,
213301,61.33770571814103,,79.472,,,,59.73991824339255,
213317,,,,,76.89,,,
213323,,72.93,,,,,,
213327,,74.19,,,,,,
213331,,90.15,,,,,,
213345,,,,,,,86.47,69.14038049914863
213367,,,,81.47,,,,
213374,,79.98,,,,,,
213414,,79.79,,,,,,
213418,,,,,,82.328,,
213433,,78.4,,,,,,
213439,54.749460173724536,,78.22200000000001,,,,,
213449,,,,,73.432,,,
213471,,,80.434,,,,,
213497,,76.01,,,,,,
213498,,,61.62231360284333,74.68,,,,
213516,85.63,,,,,,64.0427954175256,
213530,,,,77.6,,,,
213565,62.83165048313084,,82.67,,,,,
213570,,53.56775980598889,,49.48910225187462,71.03,,,
213577,62.68451174285218,,,,,,78.30799999999999,58.602572005298576
213581,,80.86,,,,,,
213597,80.53,,61.379077790026145,,,,58.39482690636416,
213613,57.53801099222376,,79.544,,,,,
213620,,,,,,78.154,,
213644,,59.26978250983356,,75.02,53.581063844102104,,,
213648,,,65.07682040140669,86.42,,,,
213654,,,65.40935988233795,80.5,,,,
213655,65.67699488968789,,63.03756859969527,,,,85.25200000000001,
213661,,84.76,,,,,,
213665,,,74.262,68.57805719357658,,,,
213666,63.60167846834276,,84.824,,,,63.61897759736401,
213667,,72.3,,,,,,
213670,,73.5,,56.95738535329661,57.25559206529309,,,
213685,,,,,78.46600000000001,,,
213686,,,,,71.866,,,
213689,,,,77.98,,,,
213693,,,74.0187823214896,80.26,,,,
213697,,80.17,,56.76502956821369,57.3761613978558,,,
213699,,,,,,73.87,,
213702,74.83,,,,,,61.137360000102014,54.77862435451502
213705,,,,,,,79.782,61.97397601550335
213724,73.01,,57.823680473980936,,,,56.08364055529388,
213761,,,,,,85.106,,
213763,,,,76.06,,,,
213777,,,76.77,54.53428361846506,,,,
213795,,,,,77.9,,,
213798,,,73.81703206621744,80.19,,,,
213813,,,75.594,61.395577296424605,,,,
213814,,,,,,,75.77328148605218,80.916
213815,,,,,,78.928,,
213835,,,50.4846389440064,,74.282,,,
213839,,,,,,75.874,,
213846,,79.1,,,,,,
213864,,75.83,,,,,,
213884,,,67.6761076792511,84.77,,,,
213899,,78.82311735473522,,77.94,,,,
213901,,74.99,,,,,,
213905,,,,,,77.678,,
213928,,,54.35256029096304,,76.534,,,
213933,,,,,79.176,,,
213938,,76.28,,,,,,
213948,75.48,,57.03415847962531,,,,61.319941213779444,
213949,,,,,,74.286,,
213956,,,,,,,83.172,
213969,,,,,,,74.846,
213991,,65.98921086533564,,83.11,,,,
213994,,,,,,,73.332,
214006,,,62.33174938624156,,59.04976075567562,,79.134,
214026,,,,,82.48400000000001,,,
214040,,,57.984253720534895,,80.222,,65.17936106921874,
214047,,,81.44800000000001,65.47448456269655,,,,
214065,,,50.22691346624912,,64.48271595091423,,73.658,
214092,83.48,,,,,,,
214096,,,,,,87.414,,
214169,,81.36,,,,,,
214177,,,50.620322830884945,74.06,,,,
214192,,75.99,,,,,,
214196,,78.01,,,57.3243462721331,,,
214226,,56.07683655975787,,78.01,,,,
214231,,,,,73.256,,,
214238,61.71300719280096,,,,,,75.326,54.51452201041833
214250,,,,,,,75.19778305560595,76.404
214294,,,58.10468483631503,77.4,,,,
214302,,,64.66001242747278,79.97,,,,
214308,57.03397299954882,,75.068,,,,,
214333,,,,,75.988,,,
214354,,,,,,70.32551262377304,75.932,
214356,,76.68,,,,,,
214366,,,77.84,75.25694357451077,,,,
214404,,76.28999999999999,,,,,,
214414,,,,78.03,,,,
214421,,,,,,,77.53399999999999,56.16982012805672
214436,,82.44,,,61.39989540629079,,,
214606,,,64.90450842077794,78.05,,,,
214622,,,,,79.45,,,
214639,,74.75999999999999,,,,,,
214641,,,,,74.45400000000001,,,
214650,,75.02,,,69.72006429466713,,,
214658,,,59.49039289141636,81.49,,,,
214659,,80.71000000000001,,,,,,
214660,,,,,77.062,,,
214661,,,74.72800000000001,68.74079185939155,,,,
214665,56.254985461918714,,77.82,,,,63.72207498836368,
214676,,,,,,75.776,,
214682,,75.31,,,,,,
214698,,75.0,,,,,,
214701,,74.03,,,,,,
214747,,,70.962,60.38988481056121,,,,
214766,,81.5,,,,,,
214769,,79.94,,,,,,
214770,,,77.55199999999999,66.97321848345646,,,,
214772,,,,56.78920776449326,79.008,,,
214777,,,,,,80.398,,
214779,,,,,,73.334,,
214784,,,,,,73.852,64.48426610158909,53.80148016468433
214830,73.09,,,,,,54.6914852318093,
214835,,,,,,77.63,,
214836,,,53.79229591558494,49.212687984790634,74.06,,,
214838,,,,,74.682,,,
214854,,,,,,,74.402,53.709906271098795
214874,,,,,,,68.05974417953887,76.226
214876,,,,,,73.638,,
214877,,,77.414,,,,57.749053511299444,
214882,,77.78999999999999,,,,,,
214884,,73.63,,49.95277214080802,,,,
214893,,,,,,72.466,,
214896,,,,,,75.076,,
214906,,78.36,,,,,,
214922,,,,,,75.256,,
214923,,,,,71.95,,52.15164584195335,
214924,,68.886911910557,,51.63919195966574,73.1,,,
214944,,,79.634,67.89629052619283,,,,
214947,,62.20186096227856,,75.56,61.3746695336564,,,
214968,80.14,,66.36321688624611,,,,61.471342176720036,
214971,,,,,,54.10777477117082,78.19200000000001,59.09076692884703
214977,,,,79.96000000000001,,,,
214986,,79.62,,,,,,
214990,,79.77,,59.607722196759234,,,,
215020,74.71000000000001,,,,,67.39584318068276,52.788630678121066,
215026,,,,,,76.496,,
215036,,,77.424,58.69621541365493,,,,
215049,,,,,76.514,,,
215051,,79.19,,,,,,
215053,,79.03,,,,,,
215054,,82.99,,,,,,
215057,,,,82.24,,,,
215061,56.364251437115676,,,,,79.05,,
215064,,,,,,82.69,,
215065,,,73.162,,65.29002667434786,,57.34685533377466,
215071,,,58.82396990041351,,80.24,,59.73974172905307,
215074,,,62.85673425514021,76.87,59.71230049112559,,,
215103,,,,,,,78.618,58.76340050346319
215107,,,,,,66.68969609325899,55.861282356539995,75.934
215112,,,,,,80.67,,
215113,76.41,,68.99431781591409,,,,,
215129,54.293258317560856,,75.648,,,,,
215147,,79.4,,,,,,
215155,,,79.008,62.58969758203306,,,,
215168,,,,,,75.186,57.10704933056697,54.359006893336975
215178,,77.88,,,,,,
215193,,,80.022,61.86614408532175,,,,
215195,,,,,,57.1912471566379,65.83616813216915,77.962
215199,81.66,,,,,,65.13767793710682,
215202,,,,,,66.30613655528654,78.982,57.644295937834684
215211,,74.2,,,49.61664543512061,,,
215228,,81.94,,,,,,
215245,58.72375219152783,,52.97932141097866,,,73.712,,
215247,,,,,,80.756,,
215254,,79.28,,,,,,
215270,84.31,,,,,,64.39038048202727,
215292,,,,,,81.962,,
215301,,77.73,,,,,,
215323,,,,,,81.02,,
215331,,55.72883458120041,,60.720776682934,76.272,,,
215332,76.36,,59.81439783424332,,,,58.6785930006659,
215333,,,,,,87.588,,
215334,,,,,,81.956,,
215353,,,,,,80.16,,
215368,,,,,79.958,,,
215374,,,,,,71.524,49.802815658195705,
215376,,75.1,,,,,,
215399,,69.15715357435369,,,76.718,,,
215410,,83.31,,,,,,
215412,,,,,74.45,,,
215419,,,,,72.332,,,
215420,,,,,,71.268,,
215433,,76.88,,,,,,
215441,,,,,,90.898,,
215443,63.45142291446441,,,,,,68.22530163021915,82.018
215449,,,,,79.332,,68.22985907963835,
215455,77.39949072269087,,,,,81.944,,
215531,58.013216080037566,,70.04754484064227,,,,79.94200000000001,
215556,,65.66041798652728,,79.46000000000001,,,,
215562,,,,,71.866,,,
215565,,80.02,,,,,,
215572,,76.35,,72.58386463659005,,,,
215581,49.726262322674884,,,,,,73.078,52.16092496739099
215590,,,,,,86.49799999999999,69.66640633524688,66.3016119210806
215601,,,,,,76.2,,
215616,59.93849123166221,,,,,,79.26599999999999,62.34927082313833
215638,,79.19,,,,,,
215643,,,58.18794192999777,77.82,,,,
215651,,80.71000000000001,,,,,,
215686,,,,75.69,,,,
215689,,,,,,78.086,,
215700,,79.18,,69.84568530877962,,,,
215703,,79.6,,,,,,
215708,,77.19,,,,,,
215750,75.07,,,,,,55.300167834868155,53.53257036150892
215785,,,,,,76.756,65.59231797787385,59.15902254143844
215798,,,,,58.05674403921008,,80.156,59.64990052541931
215817,,,,,,77.104,,
215820,,,72.49600000000001,60.70785703128867,,,,
215823,,74.85,,,,,,
215855,,72.17,,,70.46618859199495,,,
215892,,76.7,,,,,,
215914,,,,88.57,,,,
215930,,81.06,,,,,,
215970,,,,,74.67,,53.42028939177662,
215993,,,,77.31,,,,
215995,,,53.804544958816074,76.03999999999999,,,,
215998,68.91758220786043,,79.936,,,,,
216003,63.07634214259807,,78.86,,,,,
216020,,,70.95496593063751,77.4,,,,
216036,,,,,78.46600000000001,,,
216054,,79.1,,70.38980021757261,,,,
216055,78.32,,,,,,68.3026378618202,59.32531370422953
216072,,,,,75.696,,,
216114,,76.13,,,,,,
216145,,80.59,,,,,,
216150,,,,,81.4144626217354,,83.538,
216155,,,,,,74.594,57.304230921227045,
216158,,,,,78.256,,,
216183,,,,,75.89,,64.82823052671998,
216193,,76.05,,,,,,
216194,,,57.43249525403978,80.89,,,,
216199,,82.94,,,,,,
216201,,,,,,77.8685189146459,87.46199999999999,65.61463404246851
216218,,,,,,80.502,,
216227,,,,,,73.5,65.19903850623191,54.96906193419893
216230,,75.57,,55.55366100983794,53.47425102820591,,,
216247,,77.92,,57.13370499868921,60.303618802752716,,,
216255,58.18725361535313,,,,,,76.382,54.02616899854918
216258,,,,,,80.658,65.93600487184824,62.68244966565072
216260,74.97,,,,,52.50874861625264,69.10532790831158,
216266,,61.10057753335933,,,80.738,,,
216267,,,,,85.06,,,
216270,77.85,,70.25973649182117,,,,,
216275,,,,,82.288,,,
216283,,,,53.99698907002946,74.5,,,
216286,75.4,,66.46639475932037,55.28299193861861,,,,
216320,,,81.458,61.11648437032782,,,,
216334,56.66006383141244,,77.282,,,56.964947865172945,,
216346,,,,,76.166,,,
216349,78.71000000000001,,56.27008796964826,,,,,
216352,,,64.29066199929619,86.57,,,,
216354,85.73,,,,,68.81476873841066,,
216376,53.78885515738715,,64.76030133917479,,,,75.14,
216377,,,,,,75.966,,
216380,,,59.00565245789018,,76.55,,,
216385,,,62.67419200404816,78.12,,,,
216387,,,,,,72.002,,
216393,,,89.062,,,,,
216409,71.02258718350262,,,,,,70.57101777674801,85.61
216416,,,,,75.824,,,
216435,,,87.066,68.24176119294803,,,,
216447,,,,,,,85.292,63.975900651896715
216460,,87.91,,,,,,
216461,,74.56,,64.47086914406997,,,,
216464,,,79.372,63.29824646345867,,,,
216467,73.15,,59.57570604268295,,,,56.233691000335995,
216475,,,,,,80.38,68.37102741550417,61.100602855823325
216481,,80.99,,,,,,
216497,60.85929826197865,,,,,76.51,55.255918244115044,
216524,,,58.969680263561976,73.28,51.57347840020459,,,
216526,,73.84,,51.01244688213497,,,,
216547,86.18,,,,,,77.38218048522788,68.15054640641851
216549,,,,,,88.152,,
216580,,,,,80.388,,,
216582,,,,,,75.428,,
216627,,,,,,80.21600000000001,,
216700,62.080263464745514,,80.73,,,,58.36521037203494,
216730,,79.26,,,,,,
216736,,,75.676,65.57507786492664,54.92585864379346,,,
216741,,,74.956,,,,,
216744,,80.43,,,,,,
216749,,,,,,,80.446,61.06754993942594
216755,,,,,77.034,,,
216774,,81.08,,57.79196947363736,,,,
216791,,75.24000000000001,,,,,,
216795,,,,,,70.422,48.869992394803056,
216799,,,,,76.878,,,
216800,57.02143607935543,,79.038,,,,,
216814,59.61454636461115,,79.376,,,,,
216816,,,,,,81.858,,
216820,,,,,,,83.33,63.37654126032456
216823,,,,,,77.202,,
216860,,,,,,,83.518,65.73216732506638
217007,,,,,,81.25,,
217021,,,,,,76.37,,
217036,,,,,81.422,,,
217047,,,76.72,71.41953506429002,,,,
217085,,,,,74.396,,,
217097,79.72,,,,,,56.529643043541604,56.128326547009536
217153,,,77.628,66.44875378823377,,,,
217196,,79.76,,,,,,
217242,77.16,,67.35897033161375,,,,,
217332,,72.94,,,,,,
217338,57.49026247622762,,79.19200000000001,,,,,
217439,,77.42,,,,,,
217585,,,,,76.288,,,
217605,,62.212566602645865,55.554324689746224,79.36,,,,
217606,50.37760269958257,,,,,,74.718,55.194455957403825
217714,,,,,,,77.954,
217731,,,,,,71.37746657094314,80.422,59.958335381372244
217794,,,,,77.61,,60.52502741979422,
217826,,66.28845149386342,,80.19,58.904805581531676,,,
217841,,74.67,,,,,,
217845,76.72,,60.90857582601968,,,,55.765392790551076,
217870,,,,,86.502,,,
217940,,82.81,,,,,,
217990,,49.88321606216252,,,71.122,,,
217998,,,,,,83.612,,
218066,,,,,,79.072,,
218208,,53.385264242195056,,75.33,,,,
218339,,,79.754,58.161648830003514,,,,
218343,,,,,,,78.62,58.05071625970984
218534,53.96522335643384,,,,,74.898,52.9570968281167,
218576,,74.55,,,,,,
218623,,,61.62271852531369,75.36,,,,
218651,,,,,,75.696,,
218656,,76.01,,,,,,
218658,,76.48,,,,,,
218659,,,,,74.554,,,
218667,70.8860611632643,,88.584,,,,,
218745,,,74.42345987435257,79.63,,,,
218746,75.66,,54.51641429630211,,,,59.18559574374041,
218887,,,76.818,72.30035004365887,,,,
218936,,,,,77.304,,,
218985,,75.93,,66.1621299150995,,,,
219087,,80.05,,,60.49146600418536,,,
219127,,,76.554,,,,,
219145,,83.0,,,,,,
219167,,78.24000000000001,,58.30202311560354,,,,
219174,60.198068467577286,,80.464,,,,59.73835887982468,
219175,,72.94,,,,,,
219177,54.03490499109895,,75.404,,,,,
219180,,80.55,,,,,,
219216,78.36,,,,,63.75224675808949,61.802804146222215,
219259,,,71.98400000000001,,56.444549081603995,,53.99810269732947,
219293,,78.64,,,,,,
219392,,,58.460231101358545,75.71000000000001,,,,
219414,,,,,77.298,,,
219451,,78.93,,,,,,
219452,,,,76.81,,,,
219461,,77.12,,,,,,
219466,,,,,78.576,,,
219467,,,,,74.736,,,
219469,,,,,,77.112,,
219486,,54.7261201417617,,,72.25,,,
219525,,,,,,,77.932,57.21391648036733
219536,,,,,,77.004,54.489146587769305,55.84815090891651
219550,,,,,,74.656,,
219551,,77.96000000000001,,,,,,
219553,82.69,,,,,,66.2793678794164,62.254320433539235
219575,,,,,,,71.6504090130324,81.954
219576,,82.26,57.36038694031269,75.06839631959457,,,,
219581,,83.47,,,,,,
219585,,83.37,,,,,,
219586,,,,,,58.28101299271138,56.57608507059631,71.816
219595,,,,,,,77.344,56.564892319681874
219605,,,,,72.2109399679336,,76.492,
219655,,,,,78.63,,,
219683,,,84.962,64.24048744982862,,,,
219684,,,,,,,74.084,52.81379978659354
219686,,,,,,74.43106483803027,58.228282391648776,80.478
219693,,84.18,,,,,,
219694,,77.08,,,,,,
219712,,,58.19762297069197,75.56,,,,
219733,,,,,,84.294,,
219759,,,,,78.6,,58.048782391204725,
219768,,,,,,71.382,,
219774,59.23773521656653,,,,,,76.99,58.56102183016679
219780,,,75.982,53.47768403471236,,,,
219787,,76.95,,,,,,
219789,,,,,84.05,,,
219792,,,68.66330890159786,82.12,,,,
219796,,75.24,,,,,,
219797,,,,,,79.032,,
219812,79.24,,,,,,68.53183986296601,
219814,,76.4,,,73.29290144110641,,,
219841,,80.05,,,,,,
219848,,79.26,,,,,,
219852,,76.93,,,,,,
219862,,,,,,82.888,,
219865,,,76.03,62.59366791047778,,,,
219908,79.95,,,,,,60.837499606377925,
219932,,,,,,81.72,,
219948,,,,,,75.706,,
219951,,,80.714,58.98004069419896,,,,
219952,,,77.728,59.00638616581787,,,,
219953,59.74606218272865,,,,,,80.256,59.152016324221826
219956,,77.96000000000001,,,,,,
219957,,,,52.694191615309066,73.47999999999999,,,
219985,,63.76910580879442,81.93,69.20604706083094,,,,
220018,,,,,,72.45720249519245,78.08,
220019,,,,,,,76.844,58.5063206521966
220028,,,,,77.604,,,
220029,77.86,,,,,,,
220030,,51.41946212044361,,52.22142044292572,75.196,,,
220031,,,,,,81.292,,
220039,,,,,,73.764,55.485800136457094,
220045,,,,,,,72.36,52.35599784860229
220061,,78.19,,,,,,
220065,,,,,,75.1,,
220074,,,,,,75.3,,
220075,,,78.956,,,,,
220084,78.17,,,,,,74.06633985632315,59.39968150482998
220085,78.72,,,,,62.24418211139512,56.167409499970574,
220087,,50.75779312800169,,70.88,61.31476694772984,,,
220093,,81.92,,,78.84681477354682,,,
220139,65.12529480661719,,,,,60.80156639531534,80.524,
220140,,79.58,,,,,,
220147,,53.66801145655103,,,71.87,,,
220148,,,,,,78.388,,
220156,,,,,,79.778,,
220165,,,,,,81.588,,
220172,,,,,75.306,,,
220175,,,78.656,62.82455704871763,,,,
220177,,,,,,65.12174292393857,77.654,
220178,,,,,,73.87,,
220196,62.50398351985485,,,,,,79.986,60.87798324435861
220198,56.63715734409143,,,,,,78.044,57.44326559205962
220230,,77.06,,,,,,
220291,,77.7,,,,,,
220306,,,,,,74.444,,
220348,,,,,78.384,,,
220380,,76.23,,,,,,
220385,,77.67,,,,,,
220414,,,,60.00482284893535,81.686,,,
220421,,,,,79.712,,,
220422,,,70.02559866818393,76.68,,,,
220429,,76.27,,,,,,
220440,,85.12,,,,,,
220475,,,77.612,59.12708455816147,,,,
220491,,,,,,,81.096,58.26708684244274
220493,,,,,74.386,,,
220502,68.94030037088993,,,,,,87.652,67.06628139065042
220509,,,,,77.038,,,
220517,56.918406087056184,,,,,57.20712729551829,78.202,
220523,,83.93,,,,,,
220528,,,,,,78.272,61.16620238774206,59.34188915521058
220529,,,70.52102950666153,74.48,,,,
220534,,82.12,,,,,,
220570,,80.85,,,,,,
220600,,,,54.470907350757315,75.888,,,
220616,,75.75,,54.233529664634204,,,,
220620,,,,,77.094,,,
220621,62.789989180224254,,,,,,70.74082733122921,82.606
220633,,,,,,,79.156,61.460289023534685
220635,,,71.182,50.514860912851425,51.36508889691416,,,
220638,,,75.874,67.33314722987514,,,,
220649,,,,,,53.326290835849505,74.978,58.42435532393623
220651,,,68.35966563966261,,83.41,,,
220665,,80.49000000000001,,,,,,
220697,79.17318661337482,,88.188,,,,,
220702,,61.893658444648764,,,76.136,,,
220708,57.39237005122954,,,,,77.212,60.143375927659406,
220710,64.09377340733646,,,,,,81.376,60.85267532653045
220714,,,80.658,59.11221258076603,,,,
220715,,,,,,80.542,,
220739,79.08,,,,,,57.13918666986581,
220746,61.46833038220468,,,,,,83.572,63.43649891873936
220754,,75.55,,,,,,
220763,51.95808200958789,,75.388,53.82643460974658,,,,
220782,,,,78.73,,,,
220785,,,,,,79.098,,
220786,,,,,,,74.77799999999999,56.67042107726144
220793,,86.98,,67.33201719285108,,,,
220814,,86.11,,,66.51523849925182,,,
220819,,,,,74.77799999999999,,54.46628419283707,
220821,,83.62,,,,,,
220829,,,,,,76.584,,
220834,73.7104146782736,,,,,,65.96502796814117,83.864
220837,,,,,81.964,,59.63202220043786,
220847,76.57,,66.81388128810174,,,,55.30664783657665,
220851,,,,75.28999999999999,,,,
220862,,,,,,74.55,,
220872,54.249920636335816,,,,,,62.1278519327252,73.01599999999999
220876,,,,,,,85.29599999999999,63.2179468774114
220881,,,,,,71.676,,
220886,,74.39,,54.25921066334252,,,,
220893,,,,,,71.222,,
220912,60.97326323185697,,75.098,,,,54.28287186468623,
220915,,,,,,76.43,,
220922,,,,,,75.43,,
220925,,,76.384,56.615963388292606,,,,
220933,,,79.314,60.08250376722824,,,,
220940,,,70.82209357780889,78.89,,,,
220948,,,54.44914271613047,77.23,,,,
220956,,73.03,,,,,,
220969,,,,,,,82.924,62.03524145106384
220971,58.25022492261104,,78.95400000000001,,,,,
221000,,,64.0816113086909,80.48,,,,
221001,,,78.844,58.91247325969634,,,,
221014,51.95512190000358,,,,,75.952,,
221024,,80.78,,,,,,
221053,,,,,81.394,,62.94120888126198,
221125,61.565220985793225,,,,,82.526,,
221168,,,,,,78.648,,
221197,,,,,,,76.078,54.81608778008824
221201,,,,,77.74,,,
221219,,79.31,,,,,,
221271,,77.31,,,58.42542358830541,,,
221279,51.27830225570259,,73.988,,,,,
221281,,78.83,,,,,,
221282,,,,,78.76,,,
221284,,83.11,,,,,,
221306,,,,,,,78.946,62.90975365570363
221316,,73.69,,,,,,
221331,,,78.702,60.89574616994955,,,,
221336,74.4,,,,,,70.92766549353192,
221342,,,,,82.212,,,
221346,,,,,,71.042,61.02764251697825,55.348657503814515
221358,,,47.02093959041125,71.11,,,,
221363,81.34,,76.62786808984167,,,,,
221370,,,57.89126752715578,,77.82,,58.08409930560098,
221422,,81.71000000000001,,,,,,
221425,49.56059748847299,,72.294,,,,,
221428,,,74.19800000000001,66.8332243494174,,,,
221445,,,,,,77.94621496220256,78.478,
221448,,,,58.967662681282334,73.134,,,
221456,,78.47,,,,,,
221467,,,77.416,,,,,
221479,,,,,,81.1,,
221486,,73.38,,,,,,
221488,,,61.15605155583739,61.2478237690035,78.304,,,
221491,,82.99,,,,,,
221493,,72.78999999999999,,,64.8210890545249,,,
221534,,,72.006,67.88122038899758,,,,
221551,,80.77,,59.79216822491709,,,,
221552,,53.04276526742818,54.47584311013847,76.2,,,,
221567,,,,,72.702,,50.145940859992095,
221587,64.74612595708967,,,,,,79.55,59.523682437313376
221600,,79.92,,,,,,
221605,,,,,,79.162,,
221633,,61.188354446080254,,,73.682,,,
221639,,,,,,77.764,,
221652,,79.44,,,,,,
221656,,,,,72.05199999999999,,,
221658,,78.85,,,,,,
221664,,,,77.21000000000001,,,,
221671,82.23,,61.72703826363546,,,62.56345625505065,,
221680,,77.24,,,,,,
221692,,,,,,79.68,,
221697,,,,,,87.928,,
221705,,,74.118,53.74664536395642,,,,
221713,,,,,76.084,,,
221714,,,,,,81.81,,
221750,,,,,76.09,,,
221767,59.636507808012624,,74.298,,,,,
221772,,,,,,,73.622,53.90421716527425
221791,,,76.126,52.53346925658432,,,,
221793,,,,,,,75.342,55.15468814280747
221797,79.73,,61.83967597805923,,,,64.18277662327604,
221801,,,70.956,,63.92087897424338,,,
221820,63.20636885965966,,70.446,,,,,
221826,,,74.174,55.72823119617451,,,,
221841,,,,,,79.374,,
221850,,73.39,49.447863876655354,52.26936666322713,,,,
221860,,,,78.96000000000001,,,,
221885,,,61.17795887595507,78.55,55.83280236286848,,,
221890,,,53.54928046962046,76.14,,,,
221896,76.55,,,,,58.720826217869266,61.81715299113363,
221906,,72.36,,,,,,
221908,,,,,,79.078,75.42500445250286,59.34424086207203
221919,,,,,,,69.27018828245849,77.83
221952,,75.78999999999999,,,70.17100184250484,,,
221953,,,,,,,73.834,
221955,,,,,,79.744,,
221956,,,,,68.22316398563603,,74.744,
221969,,,56.631439598326835,,80.128,,60.59918461782277,
221982,57.986514082469014,,,,,,79.29599999999999,63.6272461018329
221986,,,,,73.866,,,
221989,,76.33,,,53.84289153791007,,,
221990,,76.25,,,,,,
221992,,,,,,61.60050701846754,69.72577154897098,84.656
222028,,,74.59583015737499,84.12,,,,
222041,,,,,,79.694,,
222045,,77.47,,,,,,
222052,,,,,77.656,,,
222065,76.27,,,,,,,
222077,,,,87.98,,,,
222081,54.9071085574429,,,,,,75.754,
222104,,83.88,,,,,,
222109,,,53.7292244811877,,75.53999999999999,,58.253573849176476,
222123,,78.91,,,,,,
222145,,72.86,,69.79896845154693,,,,
222148,58.89806617262406,,81.214,,,,,
222153,76.43,,,,,,63.3169078142557,
222154,73.28,,,,,,59.015955433956876,55.34878266709435
222156,,,,,75.19,,,
222157,,72.08,,,,,,
222164,,72.32,,,,,,
222165,,,,,,,78.05199999999999,57.74373586980118
222168,,,,,,76.01,,
222183,,71.37,,,67.3013911674375,,,
222199,,72.34,50.542068882801885,63.072039801814164,,,,
222215,,,75.038,62.52974236755508,,,,
222227,,,71.98974620968434,83.03,,,,
222235,,71.27,,,54.04680704765164,,,
222256,,,59.37762503340672,72.9,,,54.32214945857852,
222262,,,,,,80.614,,
222273,,,52.32872788625781,50.68764370369828,72.444,,,
222278,,,,49.42318746197531,72.186,,,
222286,,81.25999999999999,,,,,,
222328,,75.14,,,,,,
222329,,,,,,,76.582,54.167702902064875
222331,,83.66,,,77.96358039741222,,,
222346,,74.53,,,,,,
222350,53.36982235991598,,,,,,75.7,53.02336885601756
222352,,,,,,76.576,,
222355,,,75.858,56.740259928409486,,,,
222357,,,,,,83.15,,
222369,,,,81.05,,,,
222373,75.58,,,,,,56.29492591352788,
222388,,,,,79.414,,,
222390,60.006944584404515,,82.436,,,,,
222396,,55.18743964798901,,73.51,,,,
222399,,60.53483633262077,,,76.582,,,
222400,,,67.02481436501155,80.96000000000001,,,,
222405,,,52.592373479437,73.91,,,,
222428,,79.82,,,,,,
222429,,,,81.36,,,,
222440,,,73.47200000000001,,,,,
222461,57.307092444635785,,,,,,78.482,59.58805319200327
222467,79.57,,,,,56.63364398967507,58.47201866880845,
222472,,74.82,,52.91570549659814,53.77746118235057,,,
222475,,58.64906138928263,79.32,64.18637134164254,,,,
222477,,,58.721805447923984,73.74,,,,
222492,65.48940787862908,,,,,,86.464,71.90760680965896
222493,,81.72,,,,,,
222501,,,,,80.55199999999999,,,
222509,,,85.358,,,,,
222528,,,,,76.788,,,
222540,,,,,,74.022,,
222542,,,,,78.72200000000001,,,
222557,,77.39,,,,,,
222576,,76.0,,,,,,
222582,,76.62,,,,,,
222583,,,57.60567790735779,60.49094540767587,74.674,,,
222587,,55.33807708455434,,,75.012,,,
222592,,55.573623337712206,,,70.6,,,
222598,,77.82,,,,,,
222625,,74.03999999999999,,,,,,
222636,,,,,,76.80799999999999,,
222654,,,,,,73.982,,
222665,72.88949995451826,,90.634,,,,,
222693,,,,,,,76.212,56.071267978522684
222709,,,61.468288008701656,79.88,,,,
222714,51.59842991876815,,71.456,,,,53.074651154689995,
222724,58.083289221039344,,,,,,79.978,63.999610772851696
222729,,,,,,80.766,,
222734,,,,,76.53999999999999,,,
222737,86.08,,,,,,75.5224429859797,67.63265030263682
222798,,,49.73946641600204,,71.258,,54.316594470893286,
222830,,77.68,,,55.18360444022526,,,
222836,,,75.762,68.22987736585324,,,,
222838,,,51.03250876155853,,74.892,,,
222853,51.36383678052426,,,,,,74.852,
222875,,,,,80.964,,61.45166372111006,
222878,,,,,,71.22800000000001,,
222889,,75.43,,,,,,
222930,,76.26,55.0474573372688,64.79287894175972,,,,
222937,,,71.218,49.269214847769284,49.75761180282213,,,
222959,76.61,,,,,76.45207725890037,,
222982,,,,79.28999999999999,,,,
222994,,,,78.96000000000001,,,,
223017,,,59.96483384885506,,77.056,,55.352993304345624,
223054,,,,,,,74.86,55.559080781502495
223061,60.7918870045221,,,,,,80.51599999999999,59.52290401840058
223064,,78.6,,,,,,
223069,,72.82,,,,,,
223085,73.94,,65.34279957703401,,,,,
223099,,,,,,76.616,,
223105,,,79.634,57.06027213802676,,,,
223115,,,,,,74.08,,
223134,,,62.175228571887004,63.61272957536752,77.71000000000001,,,
223137,,,,,,77.956,,
223138,,77.41,,,,,,
223143,,,,,80.45,,,
223154,57.69750676545894,,67.01266221423117,79.67,,,,
223157,,,,,,74.66,,
223159,,80.33,,,,,,
223186,,,73.854,64.21674849844159,,,,
223197,,,,,,83.126,,
223198,,,,58.235930005887894,78.812,,,
223229,,51.144109773568246,,,74.88,,,
223231,77.38,,,,,,64.56853661170298,55.639404304401
223243,,79.17,,,,,,
223253,,75.53,,,,,,
223255,,,,,79.262,,,
223273,64.71709930979605,,84.616,,,,,
223283,,,,,,75.7,,
223298,,,74.372,53.593361200757855,,,,
223302,59.64081174080834,,79.37,,,,,
223307,,,64.193918316458,76.69,,,,
223334,,65.58171733760202,86.364,75.29451753496434,,,,
223335,,53.397194835848715,,,73.938,,,
223344,,,,,,54.80511435133537,67.64748800123274,79.64
223355,,,55.729187078734185,73.91,,,,
223370,,,,,,60.24089497707202,57.46032634559445,76.256
223373,,72.97,,,,,,
223379,51.67777591082711,,,,,,76.138,52.79061247724646
223381,,74.65,,,,,,
223426,,75.78999999999999,,,,,,
223427,,54.295634974246376,,72.65,54.6048197834206,,,
223489,,,,,,78.93,,
223498,,,75.086,63.5773747518843,,,,
223501,,,,,76.776,,,
223510,,,,,,79.002,,
223524,,79.68,,,,,,
223566,,78.71000000000001,,63.79176730602003,,,,
223578,,,,,,74.96600000000001,,
223593,,,,,,78.914,,
223597,,,,60.03996944414243,81.524,,,
223629,,,,,,,77.562,57.681112014599584
223633,,,,,78.956,,,
223637,,,,,,,80.926,
223641,,77.33,,,,,,
223663,61.65905785843001,,64.0898334947733,,,,77.882,
223671,,73.90170664617101,,,81.458,,,
223676,,,52.52908286099915,,76.83,,56.625756681948396,
223678,,73.06,,,,,,
223680,,,55.829628852046945,74.96,,,,
223685,,,,,,79.52,,
223689,,,,,,85.30799999999999,,
223694,,74.53,,,,,,
223696,,,,,,70.85,55.24398312199096,59.1588834070819
223697,,,,,83.432,,,
223710,,,,,,85.418,,
223717,,,78.098,63.143983119220096,62.8594981967217,,,
223724,,,,,76.982,,,
223740,,,59.77790240065178,76.82,,,,
223746,77.25,,,,,,53.554366444785494,54.75850394263368
223747,,75.11,56.01943657601444,60.961339917160856,,,,
223751,,75.91,,,,,,
223755,77.73,,72.12254511548242,57.800868597851455,,,,
223756,,75.57,55.63503044045841,62.28466204447164,,,,
223763,,73.41,,,,,,
223779,,60.71965726615345,,81.03999999999999,,,,
223790,,,,,,80.074,74.48879319505322,62.073006540097225
223810,,,71.312,52.673375901194,50.644400065281545,,,
223813,,73.72,,60.5771127864306,,,,
223814,,75.75,,,,,,
223816,,,,,,74.845057712052,81.696,
223818,,77.47,,,,,,
223848,64.55810052862732,,87.536,,,,,
223852,,71.99000000000001,,,,,,
223853,,,77.916,68.3433023408249,,,,
223861,,,,,74.384,,,
223866,,,81.002,58.71564104544168,,,,
223871,,,,,,,78.768,56.48876246763252
223874,,,66.53744502807687,84.15,,,,
223877,,,,,78.47200000000001,,,
223880,,76.6,,,,,,
223905,,58.48881669114251,,61.82642773411236,79.056,,,
223907,,,,,77.414,,,
223918,,50.80682512287605,,71.28999999999999,,,,
223926,53.88108794738585,,75.798,54.09910884248079,,,,
223931,,75.11,,53.016059310164266,,,,
223933,,,,,,82.146,,
223940,,,,,74.26599999999999,,,
223959,,,67.76710912303324,87.72999999999999,,,,
223963,,76.17,,,,,,
223969,,,71.05799999999999,48.13156880416155,,,,
223977,,,,,75.834,,56.1850363665544,
223978,80.03999999999999,,,,,,62.34080582083382,
223979,,,,,,,71.2394285371662,78.634
223981,,,,,73.39,,,
223998,,75.82,,,,,,
224013,58.35404915906175,,56.29865290476127,,,,77.482,
224017,,58.65216250538565,,71.92,,,,
224019,,,,80.33,,,,
224030,60.18912572401411,,82.316,,,,,
224031,,,,,81.992,,,
224049,,77.74000000000001,,,57.99600763322537,,,
224057,,,73.118,70.69551517022,,,,
224062,,,55.80609011890759,75.56,,,,
224067,,,78.758,70.29827137121802,,,,
224081,,,59.046519544035874,79.58,,,,
224093,,77.09,,,,,,
224094,,57.636917157228964,59.76526438983396,74.58,,,,
224099,,,,,77.668,,,
224104,,,,,76.87,,57.15522939969784,
224115,,,,62.2678167919871,75.722,,,
224142,,78.43,,,,,,
224146,79.46000000000001,,,,,,,
224158,,,60.74161586854228,83.66,,,,
224163,75.2,,63.98195842048375,,,62.11646383707574,,
224179,,,,,,86.048,,
224185,54.47805516926345,,77.428,,,,,
224186,,77.12,,,,,,
224188,,,,48.77286166736334,69.542,,,
224189,,77.88,,60.082604746630885,,,,
224196,,70.52733450597461,,,82.042,,,
224211,,75.4,,,,,,
224213,,,,,76.53399999999999,,,
224221,,84.22,,69.60344735083856,,,,
224225,53.14507768573268,,74.912,,,,59.16666121689934,
224232,,,90.13,69.5467448392431,,,,
224238,,74.12,,,,,,
224252,60.62099157138232,,57.71389849040164,,,,80.094,
224258,,74.78238328541816,,,78.418,,,
224263,,,,56.426381742919865,79.3,,,
224265,,,,77.46000000000001,,,,
224267,,73.57,,,,,,
224271,54.392611941753756,,,,,,63.276184278272844,76.456
224293,,,69.7471275384425,87.38,,,,
224294,,,61.924293186518625,84.55,62.459081516510075,,,
224297,,,,,74.468,,,
224301,,,,,,80.47,,
224302,,79.5,,,,,,
224305,,,61.51007395997641,53.41423600966069,76.26,,,
224307,,,,,73.432,,,
224309,,,81.736,,,,,
224317,,,,,,,79.648,
224324,,,,,,76.576,,
224330,75.03999999999999,,,,,,67.13864037167961,58.53437583473405
224334,,,,,82.96000000000001,,62.579305897628316,
224336,,61.13255717152531,,77.69,,,,
224361,,,72.892,52.4303915782186,53.785184494889826,,,
224371,65.38264545297375,,,,,72.69352271150123,85.926,
224378,,78.55,,,,,,
224389,55.44552650144794,,,,,71.03167535774614,79.08,
224395,53.39611048465824,,73.86,,,,53.05337823644307,
224396,,82.43,,,,,,
224403,,,,,,,78.44200000000001,
224411,,,,,,80.81,63.81327641683591,65.68687602200535
224415,60.99429404681748,,,,,,82.764,62.46940423163268
224421,,72.78999999999999,,,,,,
224422,,,,,,,75.09601762781399,82.592
224423,,,,,79.122,,,
224424,54.828932145806554,,75.356,,,,58.916221708521356,
224425,,,,,80.99,,62.18459360721732,
224426,,75.4,,,,,,
224428,,,,,,79.19,62.93490157247043,59.768127592542314
224430,52.00656042212847,,,,,,65.80650497269524,74.748
224438,,,,,,80.718,,
224444,,,58.74373251098627,80.64,,,,
224447,,74.31,,,67.22144389165373,,,
224461,,,76.638,55.99150204337533,,,,
224466,,,,,77.682,,58.364985670423884,
224483,58.62335883032375,,66.44617232240189,,,,77.68,
224488,57.93331617429262,,75.98400000000001,,,,,
224490,,,,,81.1,,,
224494,,,,,80.768,,,
224504,,,76.06,54.09308567558425,,,,
224508,75.77,,,,,65.55084688797471,57.89871021287378,
224510,,,,,,80.374,,
224511,,,,,77.408,,,
224518,77.03,,,,,,58.528861134302225,
224520,,,,,,,76.26764677200418,82.622
224524,,76.34,,,,,,
224538,72.28999999999999,,,,,50.276803064516955,60.15625204734688,
224540,,,,,,78.536,,
224544,,,,,69.56,,,
224546,,,,,,,75.098,
224574,82.03,,60.445113666862966,,,,72.92029149884404,
224590,55.69829792047821,,79.186,,,,,
224591,,,54.69152535159884,76.0,,,,
224604,,,,,73.526,,,
224633,,71.96000000000001,,,,,,
224648,,51.065602500992995,,,74.682,,,
224656,,,,,84.732,,,
224661,,,74.73,56.63572875474429,59.813918585670294,,,
224662,,,,,,,70.89632725534086,76.3
224685,,,70.88,59.48589277136325,,,,
224690,,72.36,,55.13660511670981,,,,
224692,,,,73.03999999999999,,,,
224701,,,,70.91,,,,
224724,,,74.94,,53.86964218847744,,65.9428322454559,
224763,,79.58,,59.30283730056412,,,,
224793,,,,,79.03,,57.20092553927597,
224817,,,,,72.292,,,
224821,,79.42,,,,,,
224841,,80.52,,62.451361053066165,60.23804950777034,,,
224842,,,54.54989350151409,74.9,,,,
224854,,,,,,81.144,,
224855,,,73.074,57.52397030126433,,,,
224874,,,,,,69.31111844330428,78.374,57.65377253298836
224882,,,49.80858169107041,,73.382,,52.65235966064219,
224883,,,,,,80.55,,
224885,,,,,82.34,,,
224890,54.618025482729585,,,,,,76.94800000000001,58.591267566493016
224915,,,,,,,77.726,58.83832846426571
224921,,,,,77.274,,,
224925,50.393674045778766,,72.98400000000001,,,,,
224933,,,,,,77.994,55.961426545842144,
224956,73.29,,52.614920776961334,,,,63.03441459177293,
224959,,52.1311434732463,,70.35,,,,
224962,,,,,,,75.268,56.72707181857639
224967,,,,,,78.298,,
224970,,,,,,,73.18429595710191,81.822
224980,,,,,78.652,,,
224981,,75.47,,55.40834349006296,,,,
224982,78.48,,75.33785048139491,,,,,
224996,,75.33,,,68.74082595035401,,,
225001,,,,,,74.406,,
225014,59.386834566213864,,80.412,,,,66.8592087164389,
225026,,72.49,,,,,,
225028,,,78.09,69.05480786350643,,,,
225053,,,48.47581633051539,71.41,,,,
225054,75.1,,61.828709590391554,,,,58.67570302210258,
225071,,,63.63930992918772,79.76,,,,
225072,,77.66,,,,,,
225075,71.75,,,,,57.7298358152006,57.006153276093116,
225077,,,77.656,58.12585559413249,,,,
225085,,,,,,,83.094,63.70003238889021
225087,,,,,78.032,,63.16125283995437,
225100,,84.15,,,59.26486092679299,,,
225106,,79.07,,,,,,
225117,,,75.904,,56.92335948093718,,54.83261097599614,
225126,,,68.00129056749654,85.26,,,,
225133,,,77.258,,,,,
225147,,,,,81.338,,,
225152,,,,,,76.226,,
225161,,79.1,,,,,,
225174,,,76.672,60.31326597867734,,,,
225189,,,78.55799999999999,,56.021275890127036,,,
225193,,,86.66999999999999,69.06925179855256,,,,
225200,,,,,,,79.48,64.3274216703182
225201,64.10963337909891,,,,,,86.264,65.89149962377918
225204,,,77.418,56.37697055187474,,,,
225237,,,74.30199999999999,,,,,
225245,,,,,,71.236,,
225251,,,,,75.15,,,
225263,,81.38,,,,,,
225266,58.23669236159598,,78.706,,,,58.052395184469994,
225270,,,,,,75.54599999999999,,
225273,,64.72243017825278,,,76.97,,,
225279,,,55.18582738681735,72.99,52.91743397870079,,,
225289,,,,,,80.514,,
225293,,,,,,78.968,,
225309,71.34431195176208,,85.602,,,,,
225310,,,72.77,54.82069544436124,53.628373437115584,,,
225316,,81.02,,65.25218139175047,,,,
225317,,,,,,78.834,,
225375,,,,66.2904258016851,85.712,,,
225381,,,73.09223070751133,75.73,,,,
225396,,78.75,,,,,,
225403,69.99804742788206,,,,,,64.45557160317382,82.936
225410,,80.48,,,57.86794779200868,,,
225428,,,76.488,55.665168270406475,,,,
225439,,,82.526,69.26837348856068,,,,
225441,77.92,,55.33113083499859,,,,56.70377856650859,
225475,,,60.730538873280125,81.17,,,,
225478,67.82684664636378,,78.946,,,59.20688967339293,,
225487,,78.46000000000001,,,,,,
225508,,80.84,,,,,,
225509,,,,,,75.368,63.262856684684664,56.444756665590695
225523,,,,,81.366,,,
225532,,79.42,,,,,,
225533,,,,,,78.26,,
225536,72.43,,,,,,58.18983882940361,55.62100267231784
225539,,,,,,85.584,,
225555,,,,58.083819293275994,78.114,,,
225557,,76.72,,,,,,
225589,,75.42,,,,,,
225600,,,,,75.58,,55.58309281907734,
225625,,,,,72.24000000000001,,,
225629,,,79.584,,,,,
225632,,,,,,79.55,,
225636,,75.39,,,52.22440576856657,,,
225653,,,,,,71.99698592641352,79.008,
225654,73.37,,65.6602317425169,,,,53.583131047949884,
225659,,62.63543154850682,,82.11,,,,
225663,65.07716204428863,,77.40775108445557,,,,83.922,
225667,79.52,,,,,62.88231674799846,,
225668,,,,,,67.74884209776715,78.962,57.27351798244878
225669,,,,,80.414,,,
225674,,,71.404,55.37222552170739,,,,
225679,,78.18,,,,,,
225682,,55.5901181939131,,,74.578,,,
225685,,,,,77.74,,,
225692,,,,,77.538,,,
225696,,,,,,56.45478809054087,79.258,60.22792010134047
225699,,,68.79284873521635,,,,77.414,
225706,,,59.051824015436935,67.90772896154596,78.154,,,
225714,,,,,,73.912,,
225719,57.04325075473264,,,,,79.048,,
225720,,,56.38151064087842,62.557530265315776,77.26599999999999,,,
225733,,,,,,79.964,60.67535509130925,62.21335465056625
225734,,,,,62.99511788323844,,76.512,
225735,,,,,,75.1,,
225738,74.47,,,,,,58.00770363593599,52.75503661699919
225748,78.5,,,,,,60.217270319421026,
225757,71.17,,53.37151096775063,,,,61.270323385496766,
225769,,,55.623006191088706,77.41,,,,
225772,,,71.968,50.285532888892206,,,,
225775,,,,,77.78,,,
225779,,,,80.62,,,,
225782,,,61.20777741721372,62.754167891360865,82.346,,,
225783,,,,,,67.08311481638545,81.306,62.21486223649656
225785,,,,,,59.30701791365386,79.01599999999999,60.31388882578591
225793,,80.39,,,,,,
225809,,75.34,,,57.61344607774234,,,
225811,,,,,,,77.348,57.611330307327876
225844,60.70783029724152,,,,,,63.737443836304706,77.832
225849,,,,,,50.01392618381483,73.71600000000001,
225853,,,77.766,59.964928525942206,,,,
225855,60.115737367536816,,76.05199999999999,,,,53.85915624309082,
225859,,83.11,,,,,,
225863,,84.17,,72.45904665333327,,,,
225867,,,,,,73.502,,
225872,60.77983140344757,,59.787593127031926,,,,78.318,
225878,56.95436843141242,,,,,,79.63,61.657953278230565
225910,,76.41,,,,,,
225922,,,70.402,57.623887319403146,,,,
225926,58.516553885992046,,,,,77.626,65.82722490011055,
225927,,,,,73.536,,,
225931,74.32,,54.702218355196536,,,,56.24313196938783,
225948,,76.82,,,,,,
225951,,,,,,80.53983078306536,,85.01
225953,63.375082595055794,,,,,,84.28399999999999,66.42787972041008
225956,,,,,,,77.89,56.91100325972391
225974,,82.77,,,,,,
225976,,,,,,,71.41911541497878,76.51
225995,,,,,77.69,,,
225996,,,,56.08120203727768,76.03,,,
225998,48.65249658452132,,71.202,49.790788982189895,,,,
226012,,,,,79.474,,,
226018,,,,,,71.652,,
226021,,,52.14888549236136,71.09,,,,
226035,,,,,,79.48,,
226044,,,,,,70.48400000000001,54.92194915470064,54.47314245789655
226050,76.0,,,,,69.00634318102954,54.788492394545486,
226084,,,,,,76.326,,
226087,,,,,74.52199999999999,,,
226093,,,,,,82.51,,
226096,66.39028591103153,,,,,,67.7671826041489,81.75
226102,,74.1,,,,,,
226103,,,,,78.73400000000001,,,
226108,,77.94,,,,,,
226110,,,,,,,84.616,65.82984070956198
226116,,74.38,,,,,,
226129,,74.24492717028069,,80.36,,,,
226130,,,,,76.8,,,
226151,,78.84,,,,,,
226157,,,81.752,64.18502211196476,,,,
226161,,,77.25482641930176,65.83563709109391,88.524,,,
226162,83.39,,60.505615679718616,,,,59.90670415775763,
226166,,76.86494283378237,,,81.57,,,
226167,,,,,75.806,,,
226168,,,,81.31,,,,
226170,,78.42,,,,,,
226172,,,50.560389900703555,,,,74.168,
226181,,,,,72.07,,,
226197,,,,,,,73.526,
226205,,,70.006,48.22019867190068,,,,
226220,52.87098668947444,,74.652,,,,52.802269599497635,
226221,,83.05,,,,,,
226226,86.76,,71.16636695315222,,,,,
226227,55.60346090801009,,71.178,,,,,
226229,,84.37,,,,,,
226260,,77.62,,,,,,
226268,,,70.95226064730463,,87.342,,,
226271,,,87.61399999999999,,,,,
226286,,,,,,82.082,,
226296,,,,,,,73.658,
226370,58.434245357771914,,81.606,,,,,
226376,84.01,,,,,,66.84838197338301,62.7665563096024
226377,62.65728047694472,,,,,,64.12859235693702,80.872
226378,,,,,,78.74,,
226380,,,,,,81.106,59.02324197937407,
226385,,,,,,,82.25,60.194716221334964
226386,,77.68,,,54.78217084336266,,,
226393,,50.580644020887966,,71.35,,,,
226395,73.18,,54.11165191050558,,,,56.76712928468707,
226401,71.91112330266614,,,,,,76.48,
226411,,73.71000000000001,,,,,,
226419,63.269455578732064,,,,,,78.812,63.81822382629873
226429,70.3,,,,,,55.761380198398655,51.315447371863115
226430,56.43908449180993,,,,,,77.656,58.41109979216105
226431,,,77.244,65.37476026610986,,,,
226436,,,,,76.338,,,
226447,,76.78999999999999,,,,,,
226456,,,80.34010820944277,83.97,,,,
226468,,,,,,76.186,,
226486,,,,,,,66.338735947802,74.702
226491,,,,,81.75,,,
226495,,,,,,74.482,57.692873251844624,
226506,,77.84,,,,,,
226507,,,,,,76.742,,
226508,,,63.16169713261944,67.1872036625101,80.872,,,
226510,,74.9,,,55.53148820960466,,,
226514,,,,,75.97200000000001,,,
226515,,82.7,,63.25919122835343,,,,
226517,63.41191824435758,,82.744,,,,,
226518,,79.25,,,,,,
226523,,75.73,,,,,,
226537,,,,,,83.542,,
226539,69.65840301585061,,57.390090790006866,,,,78.526,
226561,,,,,70.96855421631705,,72.85,
226583,,79.05,,,,,,
226584,69.17606699671927,,,,,,59.38931107936596,79.37
226616,,78.08,,66.98611621756409,,,,
226627,71.92657719362452,,,,,,83.364,62.813686746368475
226633,,,73.336,50.54485978050222,,,,
226651,,,67.21438606605543,72.39,,,,
226652,,,56.76739134886921,75.88,,,,
226662,,,59.57399982496253,,80.016,,57.999029633551025,
226671,,,,82.48,,,,
226677,,,64.57947827935486,76.63,,,58.97958952692892,
226686,,65.51760870699952,,74.89,55.70683695622142,,,
226705,,,,,,,75.682,54.77570245328129
226710,,,,,,85.106,,
226720,,,,,,,72.70277352603237,78.332
226737,,76.21000000000001,,,,,,
226754,,,71.9720654307291,85.22,,,,
226765,57.207854453808594,,,,,76.78999999999999,59.00682245000336,
226766,59.57211910820564,,,,,,71.5702373064073,83.686
226772,,78.74000000000001,,,,,,
226777,,,,,,83.014,,
226781,,,55.561658851705644,,73.46600000000001,,53.11543542422173,
226789,81.18,,63.57984459965405,,,,61.89583840597373,
226790,,,61.01947703615375,82.14,60.02965172635262,,,
226791,,73.92,,54.49158507622544,50.21884671215402,,,
226793,,,54.24647260557984,76.82,,,,
226797,82.72,,61.59883575957607,,,,61.806214988933135,
226798,,,64.68110639913054,78.28,,,,
226803,,76.37,,,,,,
226807,,,60.04412902371494,80.53999999999999,69.48332415424399,,,
226851,,88.02,,,,,,
226853,,81.64,,60.09859513899855,,,,
226855,,75.0,,,,,,
226866,,,70.13794855109545,77.3,,,,
226877,57.24734006504318,,77.572,,,,,
226958,,,,,,78.896,,
227040,,,,,,73.178,,
227055,,,,,,,83.58,62.80795485900969
227082,69.71,,60.82178179221775,,,,51.32023906159481,
227174,,,,,83.19800000000001,,,
227232,59.19234538665091,,,,,81.95400000000001,,
227234,,76.91592155646975,,80.34,,,,
227236,,,85.396,67.34860220532582,,,,
227274,77.7,,,,,,66.33840641759708,56.81729168539795
227278,,,78.72,68.16615406112452,,,,
227362,,74.42,,51.7822736632576,,,,
227394,,,,,,80.654,,
227427,,,,,,72.64,,
227503,58.512120756621556,,,,,,79.72,58.688467719006475
227508,,,78.882,59.05234177361234,,,,
227509,,,,,,73.932,,
227511,,71.99353591542342,,76.45,,,,
227520,,78.22,,,,,,
227527,,,,,,80.924,,
227528,,,,,,80.69200000000001,,
227535,,,68.5255615605804,84.88,,,,
227537,,,,,,76.992,,
227549,,75.48,,,,,,
227550,,83.3,,,,,,
227558,,,,,,81.11,,
227561,,,,,,71.222,,
227562,62.586007468487594,,,,,,69.66082233160614,83.768
227584,,,,,75.934,,56.504675614312475,
227591,,,,,,66.69849302315355,79.292,59.95600414355591
227594,,,,,,58.77456336714717,76.92,56.242370031483254
227622,,,77.194,71.23658167921977,,,,
227632,,78.08,,,,,,
227647,,,,,85.788,,,
227655,,,,,,75.11,,
227659,55.142530024935226,,77.498,,,,,
227667,,,,,,,77.574,57.347505564912154
227678,,86.18,,,,,,
227682,69.55,,64.53585323064382,,,,,
227686,,,,,,,78.224,
227689,79.46000000000001,,,,,56.78999234872653,62.998569650208054,
227706,,,56.913007745066864,74.21000000000001,51.9080857871122,,,
227738,,75.31,,,,,,
227740,,78.28,,,,,,
227758,,,,,,74.69,,
227759,,,,,65.55364713377651,,71.814,
227764,,,,,,,70.43464644825481,75.77799999999999
227772,,,56.24113762522016,77.9,,,,
227787,,,73.328,,,,,
227788,,,,,77.61,,55.91253317697047,
227790,,78.8,,,,,,
227791,,,,,74.05799999999999,,,
227794,,67.838834416932,,54.70688316599187,77.774,,,
227796,65.63124524282016,,,,,,75.10153813844121,88.55199999999999
227806,,,68.62627475213661,77.32,,,,
227813,,,64.12901576761979,64.1776614630925,80.59,,,
227835,,,79.622,,,,,
227836,,,,,73.038,,,
227837,,75.34,,,,,,
227847,,74.12,,,,,,
227855,,,75.79599999999999,58.340745141827405,,,,
227859,,,50.3465859459318,72.47,,,,
227866,,,,,,73.872,,
227881,,,55.172844259385,75.59,53.77099161568896,,,
227882,,,71.5544854059331,76.69,,,,
227884,,,,,82.644,,60.243507801723574,
227890,62.41965937670277,,,,,,83.858,62.83928350617027
227900,,,,,80.254,,,
227911,,,,,,,75.98,53.99480367726054
227916,,56.16664967181058,,75.11,56.92543551257469,,,
227927,,,,,81.006,,,
227928,,,,,82.114,,,
227929,,,60.0730857155863,76.69,,,,
227932,,70.80791978042984,,74.82,,,,
227945,,75.58,,,,,,
227947,,,73.214,,52.7403491643606,,,
227951,,75.3,,,,,,
227961,,,,,73.828,,,
227978,63.34268168890786,,79.008,,,,,
227982,,,69.958,50.18315151472917,,,,
227995,55.8024286251812,,76.97,,,,,
227998,,,,,,72.6,,
228007,53.00208142460657,,74.556,,,,,
228010,,,82.65,,,,,
228017,,,,,,74.98,,
228047,,,,,,,74.85,
228058,,76.63,,,,,,
228076,,,,,73.134,,51.043042280995564,
228077,,,72.234,,,,,
228080,,,,,77.902,,59.00309288954688,
228082,,,76.38,56.76169145955547,58.31535484824727,,,
228092,,,65.22355480197396,83.79,,,,
228093,,,,,,88.158,,
228106,,75.78,,,,,,
228108,,72.34,,,,,,
228111,,,,,,52.899287291794465,72.832,51.1124366037424
228120,,,,,78.042,,,
228136,,,,,76.644,,,
228145,,,,,77.158,,,
228148,,,,,,70.378,51.13140548021066,
228151,,,63.99951242814812,82.26,,,,
228153,,,75.12,,55.52902091313282,,59.84180740134011,
228171,,,,,,49.38117671782117,72.236,51.40349948800546
228174,,84.23,,,,,,
228179,,,63.739622694287,,61.84689035320028,,79.734,
228188,,73.0,,,,,,
228191,,71.45,,,,,,
228210,,75.44,,,,,,
228211,,,,,,75.424,,
228212,,,,,,74.548,,
228225,,75.03999999999999,,,,,,
228238,,78.55,,,,,,
228243,,77.24,,,,,,
228245,62.06502199331428,,83.148,,,,,
228251,84.3,,76.5262162429373,,,,,
228271,77.23,,56.29119136021428,,,,55.72441644351879,
228283,,,,,70.90571204241529,,74.956,
228290,,80.37,,,,,,
228295,,79.28,,,,,,
228302,,,,,80.28999999999999,,,
228303,,,,,,71.688,69.19325578330101,54.33102493423201
228312,72.62511238199347,,79.786,,,,57.73978454648237,
228321,,,,,77.52799999999999,,,
228325,74.85,,57.75763723132381,,,60.42086424052205,,
228332,,64.25196705930081,,68.45898886084908,77.4,,,
228336,,,81.086,60.21371754818303,,,,
228349,,,,,79.626,,,
228363,,79.52,,,,,,
228366,,74.98,,,,,,
228368,,,,,73.888,,,
228375,,,,75.85,,,,
228382,,,,,,72.846,52.73639069679876,
228388,,,,,,75.44800000000001,62.72049991759675,
228397,,,,,,74.85,,
228408,,,73.58684834418618,76.65,,,,
228415,,,,,81.79599999999999,,,
228416,,76.50999999999999,,,,,,
228419,,79.57,,,,,,
228457,,,,,,75.492,,
228461,,,51.08475153565269,72.61,,,,
228464,,75.22,,51.4883607645215,,,,
228509,77.6,,56.65406398720921,,,,58.2263087753347,
228518,,82.21000000000001,,,,,,
228520,,,,,,79.88611556265644,80.124,
228534,,,,,,75.474,,
228577,50.21392587787484,,73.008,,,,,
228579,,,,,83.208,,,
228591,,,,,78.41,,,
228593,,,81.766,66.55298286576338,,,,
228595,,,80.45,62.50875703982163,,,,
228614,,,,,,,78.368,
228618,,,,,85.762,,,
228624,,75.56,,,,,,
228635,,,,,,83.118,,
228642,,,,,55.66580796217143,,75.01,52.021384164043006
228645,59.134763196549066,,79.836,,,,,
228666,,,,,,,74.91,58.319052735695045
228681,,78.24,,,,,,
228684,,53.14895558326483,,,75.45400000000001,,,
228685,,,,,,70.004,60.52355675878215,
228687,,,,,,82.998,,
228702,,,90.05799999999999,,,,,
228707,,75.71000000000001,,,,,,
228708,,83.71000000000001,,,,,,
228715,49.73067207112159,,73.28,52.87627301820781,,,,
228716,,,,,75.066,,,
228729,,77.61,,,,,,
228730,,79.37,,,,,,
228732,,83.02,,,,,,
228738,,,,,,,74.89533919008271,80.792
228744,,,62.24459736628671,74.12,,,,
228748,,,,,,78.084,,
228751,70.18,,48.58071628700236,,,,65.27995878783213,
228757,,80.0,,,,,,
228759,,,,,73.144,,,
228770,,75.11,,,,,,
228774,,,77.182,68.37119466719491,,,,
228775,,73.52541296588699,,,73.91,,,
228781,49.66205293350462,,73.738,,,,,
228782,,,58.568018108246484,75.58,,,,
228783,,78.0,,57.42362930057307,,,,
228784,,73.03,,,,,,
228805,,86.19,,,,,,
228813,64.86757463099799,,87.298,,,,,
228815,52.1430963930265,,,,,74.132,57.51724348012859,
228819,69.0203851193983,,,,,,83.582,63.02861835659659
228829,,75.46000000000001,,,,,,
228834,,,,,75.6,,,
228838,,57.51125661546319,,76.24,,,,
228859,,,,,,80.07000000000001,,
228863,60.084392451766256,,,,,,62.0351613392489,77.194
228874,,75.83,,53.72589991937412,,,,
228875,,,,,,,64.48113870060976,73.11
228881,,,,,82.03999999999999,,,
228882,,,76.00800000000001,55.30512990185688,,,,
228883,,78.69,,59.06172778013538,,,,
228886,75.5,,,,,57.25155228224152,65.86792935597678,
228888,,78.12,,,,,,
228894,,,,,76.47,,58.59066335742294,
228918,,,,,70.226,,,
228928,,71.85,,,,,,
228941,,,,,,82.232,,
228946,,,81.71600000000001,,,,,
228959,,80.62,,,,,,
228961,,,77.742,57.05563644567486,,,,
228974,,,71.346,61.848620411698164,,,,
228983,,76.72,,,,,,
228997,,74.51,,,,,,
229011,,67.76260758792559,,73.57,,,,
229015,,,,,76.274,,,
229045,,,,,,73.566,53.90672160138928,
229071,,,,,,79.664,,
229072,,,,,,74.142,,
229073,,,,,78.872,,,
229082,,55.86143437870489,76.812,61.967039542897965,,,,
229087,,72.61,,,51.84708732329566,,,
229123,,,50.26753842302057,,74.104,,53.71533584984769,
229150,,80.23,,,,,,
229155,,,62.064515980512,,77.254,,56.11186997004661,
229158,59.635520304395236,,81.306,,,,,
229163,,,73.328,56.41985317213671,,,,
229167,59.231620254692984,,,,,,82.72,61.04537315999423
229171,,,,,,,76.718,54.8871974805094
229173,,55.92756940630412,,74.26,,,,
229175,,,,,71.946,,,
229184,,,75.432,63.11315955073421,,,,
229188,,,,,,86.436,,
229194,,,,,77.376,,,
229200,,77.93,,,,,,
229207,58.050749031039985,,79.394,,,,,
229209,,,,,,,76.922,57.5294669608918
229217,,,,,61.4424371840142,,76.142,
229232,,72.61,,,65.25811559520974,,,
229236,,80.44,,,70.27768719582527,,,
229237,,86.56,,,,,,
229249,,,,,,,69.25377847130946,74.804
229251,,74.9,,51.3980402106801,50.235249279497665,,,
229261,,74.4607272001945,,86.16,,,,
229263,76.41,,62.92289999865548,,,,,
229266,,82.22,,,,,,
229267,,,,,61.04778355952298,,76.762,
229277,,,,,76.814,,,
229286,,,,,,78.806,71.59230900036977,59.15116229831431
229295,,,,,,71.618,,
229327,,,52.13146028093103,73.69,,,,
229336,,,74.0316660154263,78.53,,,,
229343,,,,,79.586,,57.092950340301016,
229348,,,,,87.376,,,
229349,,74.15,,,,,,
229354,74.12,,66.56775270739791,,,,53.915805370836445,
229367,,,,,,75.17,,
229375,,,,,,79.064,,
229377,,,72.99000000000001,59.72373258208505,,,,
229378,,,50.29367336701698,55.3943086732555,74.152,,,
229379,57.780687686360736,,79.96000000000001,,,,,
229391,,84.39748301445725,,86.99,,,,
229398,,,,,,,72.748,55.6185924410695
229406,62.490492019646624,,77.394,,,,53.9000993482834,
229436,,79.22,,,,,,
229448,,,,,,77.172,,
229453,,,56.95275752329924,,58.97540089222889,,77.524,
229456,,,,,78.486,,,
229459,55.25106282091561,,77.946,,,,,
229472,,,60.15964387735495,,65.37763342797197,,79.584,
229476,,86.8,,,,,,
229477,55.55688645430689,,74.944,,,,57.004232389119885,
229487,,73.85,,,66.02780723018645,,,
229504,,,73.702,58.77051805657107,50.62268266606419,,,
229517,61.81966092301535,,58.52463604524306,,,,74.366,
229528,,82.91,,,,,,
229536,,,,,,70.82476300817535,74.506,
229537,,80.49,,,,,,
229543,,,,,72.804,,,
229558,,88.69,,,,,,
229574,,76.74,,,,,,
229575,58.82089962129541,,56.953791009287386,,,,79.284,
229582,,87.21000000000001,,,,,,
229584,,,,75.513571912393,75.608,,,
229605,,74.31,,57.9709569302175,56.6110430461996,,,
229620,52.495803484709,,,,,,55.332700551479064,72.012
229624,,,,,,77.868,,
229628,,77.87,,58.39920207442659,,,,
229631,56.98638281569133,,,,,,76.024,55.82957064144292
229636,60.469530262783415,,,,,76.0,55.15088349425602,
229640,,,,,78.784,,,
229646,,74.81,,,,,,
229649,,,,58.05889521357815,79.628,,,
229657,,,,,74.162,,,
229659,,,79.34750342931468,83.5,,,,
229667,,,,,61.00081069867345,,78.44,
229668,,85.46000000000001,,,,,,
229678,,,,,72.936,,,
229682,,79.16,,,,,,
229683,,,,,,77.836,,
229694,,,,,,73.92879596522462,76.894,
229702,76.31,,,,,,61.84561616123455,60.97963268601594
229703,,79.86,,,,,,
229705,,76.50925409760801,,,76.242,,,
229713,,55.5389691997365,,51.47754919317442,74.804,,,
229723,,,83.298,62.27006143384587,,,,
229731,,,,,,73.694,,
229743,,,74.996,66.85441282788639,,,,
229752,,,82.632,68.33739967869157,61.379196164849986,,,
229764,59.04595974007736,,55.124806437979345,,,,78.982,
229765,,,77.89,62.33593013020058,,,,
229771,,73.33,,,,,,
229773,,80.35,,,,,,
229800,,,55.80279666081192,72.09,,,,
229804,80.07,,,,,,66.82912398335334,66.86141873210502
229818,,79.52,,,,,,
229819,,,73.032,51.49941411074663,,,,
229842,,,,,,78.426,,
229851,,79.1,,,,,,
229856,,,,,,72.906,,
229862,81.53,,74.41856263495018,,,,,
229879,,77.59,,,,,,
229880,,,,,83.668,,,
229881,,,,,,53.71771961527185,75.512,53.670194421317774
229891,,,,,82.502,,,
229894,,,,,76.05799999999999,,,
229900,,77.2,65.70747509731173,60.23231094877833,,,,
229901,,80.67,,,,,,
229905,,85.72,,,,,,
229906,,,,,,,83.926,69.01498189928122
229910,,,76.812,,,,62.9129893538434,
229922,,,,,70.06333062749223,,72.178,
229923,,,,,,,75.146,53.0796961834072
229925,,,,,74.608,,57.85172854479028,
229930,,,,,74.834,,51.729391786828856,
229942,,83.47,,,,,,
229971,,,,,76.488,,,
229973,,,76.45,62.86470438608121,,,,
229984,,,,,80.362,,,
230005,,,77.6,61.629619274044245,,,,
230014,,,50.23617622773099,54.727711241382906,74.272,,,
230020,,,77.14509796980943,83.2,,,,
230021,,82.33,,,,,,
230032,,,,,,,68.30524395389894,73.752
230043,,,,,75.53399999999999,,,
230046,,,,,,74.202,,
230047,,,,,73.38,,,
230055,,,,,74.744,,,
230065,,,81.288,64.70455991969767,,,,
230081,,,50.16034697716449,69.50999999999999,,,,
230084,,,,,,81.936,,
230090,,,,,,70.39,,
230107,,,61.025103188463575,80.6,,,,
230118,,,,,76.748,,,
230126,,,72.95400000000001,,65.34811667356742,,59.07877073139985,
230132,49.038283581261936,,,,,,73.438,51.51256384382424
230134,,,73.224,61.066873737872356,,,,
230136,,,76.464,56.61940226941044,,,,
230142,71.46298075720519,,,,,85.436,66.61963631155935,
230144,,,,76.39,,,,
230149,,,,,72.844,,,
230163,48.39344011260856,,,,,,71.988,
230306,,72.2,,,,,,
230559,,,,,,,76.518,60.07642906503025
230561,,,,,,75.242,61.18355497476667,
230564,,,,,63.07065176433318,,80.362,
230578,,82.68,,,,,,
230590,,,63.584517328546596,71.05,,,,
230601,,,,,,81.218,,
230607,,,61.68802671162048,51.26705011757582,,,75.03,
230613,,,,75.66,,,,
230623,,,,,,74.4,,
230624,,,,,,78.74,,
230625,,82.69,,,80.48273570378123,,,
230638,,,,,,,77.418,64.88354780146857
230665,59.26517867131618,,57.963389229915606,,,,79.212,
230666,,,,,,84.232,64.10088628007198,64.57751902519331
230677,,76.28999999999999,,,,,,
230681,,,,,73.77737847430343,,77.87,
230685,79.46000000000001,,62.39064563434516,,,,57.22994597872308,
230686,,,76.67,61.93672199296998,53.80019951270689,,,
230690,61.04818888017771,,78.494,,,,,
230696,,,49.823497259540254,72.06,,,,
230703,,74.31,,,,,,
230708,,80.71000000000001,,,,,,
230713,,,55.63750853925925,73.33,,,,
230718,,62.25003139378865,,,74.404,,,
230722,,,,,,72.988,,
230737,,,,,,81.44,,
230762,,,,,73.24,,,
230767,,,80.946,60.69397980589378,,,,
230774,,79.68,,,,,,
230786,,,83.246,69.6989660330853,,,,
230801,,,75.324,62.032532514104915,,,,
230807,,,,,74.53999999999999,,,
230812,50.66253407231969,,71.544,,,,57.1663674309726,
230824,,58.270851499250554,,66.77434790240319,79.68,,,
230836,,,,,77.064,,,
230839,,74.43,,,62.23248801585922,,,
230847,,,,,,,69.66872802455971,74.26599999999999
230855,,80.1,,65.02385595558243,,,,
230857,,,,,,79.916,,
230864,,,,,,,77.064,
230865,,78.54,,,,,,
230871,,,,,,79.344,,
230876,,,73.332,57.36598097160545,,,,
230882,,73.56,,,,,,
230888,,,60.42843244709704,77.82,,,,
230897,,,,,,71.882,50.20582327995795,
230899,,,,,,86.992,,
230912,,,,,75.18731229939524,,77.262,
230918,,84.53,,,,,,
230936,,,78.78,64.30132835337378,60.54898187606399,,,
230938,,,64.04437856634439,85.26,,,,
230940,,,,,,75.64,,
230964,,,,,,77.844,,
230965,,,82.372,64.39776587178336,67.98729167931847,,,
230975,,,,,,56.10370679877261,70.3805690931424,80.788
230977,,,,,,,78.80807223058713,82.996
230978,,,,,,81.762,,
230982,,,,,,72.182,,
230984,,,75.47,72.42165926961431,,,,
230988,77.42,,76.15462194688499,,,,,
230991,,,,,,,72.77321953265309,78.538
231005,,,,,61.228435197925826,,81.30799999999999,
231007,,,59.63537953882749,78.18,,,,
231039,,,54.3658341299992,,79.234,,69.51189492181982,
231044,57.60736990434055,,79.814,,,,,
231065,,,,,,51.19416075020915,73.58,53.27162477506707
231070,,,,,77.852,,,
231089,,63.4446808191368,60.55541170601683,82.06,,,,
231093,,75.77,,,,,,
231102,66.97746385426944,,69.44791275799052,,,,81.998,
231107,,74.06,,,,,,
231108,,62.70328709631334,,,75.25,,,
231110,,77.27,,,,,,
231111,,79.37,,,,,,
231125,,,,,,,77.076,58.047550578837466
231131,,,,,75.20400000000001,,66.82041306634899,
231138,,,,,,67.8024130480595,78.632,
231139,,73.52,,,,,,
231150,76.55,,64.51108569380321,,,,56.40305161931513,
231184,,,,,,84.25,,
231185,,79.93,,,,,,
231190,50.74615513797782,,,,,,62.12492398943226,72.842
231199,,76.5,,,,,,
231207,,82.26,,,,,,
231227,,,67.97092458926619,79.92,,,,
231233,,,78.276,60.08004612389642,,,,
231235,,58.98901171391283,,,79.37,,,
231236,61.20341726681035,,,,,,79.842,57.19599045591437
231240,,,,,,,79.87,61.77469083946773
231247,,,57.52222844514235,56.04477707992964,77.356,,,
231266,,,75.80799999999999,56.38949200432131,,,,
231280,,,,,,,75.84,57.01372078860337
231281,,,73.50203797370655,67.10793661005631,88.336,,,
231284,,72.33,,,,,,
231301,,,57.39387006152582,,76.866,,54.27563617184714,
231303,,72.78999999999999,,,,,,
231307,,,,,79.186,,,
231318,59.2470966148094,,70.78996742956485,,80.648,,,
231322,,,,,,72.91,57.54482576446832,56.59906973185957
231335,,,,,73.718,,,
231340,,,,,83.424,,,
231352,,,,,,83.318,,
231353,,,,,75.926,,61.6870539031301,
231366,,84.45,,,,,,
231379,,73.25,,50.268229881036206,,,,
231390,58.234388698829655,,59.48163795612565,,,,81.1,
231391,79.08,,,,,,59.331597322019974,
231396,,72.84,,,,,,
231408,,,,,,69.566,56.39163339142805,51.38701932493558
231410,70.89583831233072,,,,,,85.772,67.92480470340017
231411,,50.76347198998364,,70.89,56.495402117829016,,,
231416,,,,,,,85.964,70.71274158025837
231423,,,68.33718709662989,79.03999999999999,55.96697300318286,,,
231424,75.72,,64.21634337519744,,,,,
231428,,,77.452,57.959232467468794,,,,
231442,,,,,,,73.352,59.4756775571596
231443,71.92027702360235,,,,,90.98,72.96658270414643,
231446,,,59.89782226279905,75.88,56.505349679308054,,,
231447,,,,,,68.80581383413367,83.714,65.9218257692415
231448,58.32277806294667,,,,,,80.602,62.23616979868451
231460,53.013043579733164,,75.264,,,,55.71135413747624,
231478,,,,,,91.66399999999999,,
231479,,76.84,,,,,,
231485,,78.71909797020679,,,79.022,,,
231500,,55.016251771659654,,53.4854655248716,72.96000000000001,,,
231507,,,,,78.462,,,
231510,,74.39,,,,,,
231512,,80.92,,,,,,
231520,,71.86,,,,,,
231521,,,86.432,75.8108556196831,,,,
231526,,,,,,,72.47,50.782341534827474
231527,,66.65939722833501,,,75.166,,,
231530,,,,,,63.280390302165046,77.384,56.96915694275716
231540,,77.49,,,,,,
231550,,,,,77.5,,57.132333923630995,
231554,,,,,80.232,,,
231555,,77.07,,,,,,
231570,,,,74.51,,,,
231574,73.53999999999999,,,,,,,
231580,53.18190223481005,,74.532,,,,,
231582,,,,,,77.004,,
231588,,,,,76.55799999999999,,,
231591,,,,,83.288,,,
231600,,,51.77549300593397,49.78571571860535,71.676,,,
231601,,,,,,75.17,,
231612,64.59290037235795,,,,,,69.99429350851334,82.688
231614,,,,,,80.714,73.44127541764666,61.54130553716653
231615,,,,,72.398,,50.30222710000381,
231624,,,,,,76.94200000000001,,
231627,,,,,,82.406,,
231628,,,,,,79.416,,
231633,,82.94,,,,,,
231634,,74.81,,,,,,
231640,62.29244304007825,,,,,,78.638,61.532147876253084
231650,,73.85,,,,,,
231652,,,,,,86.422,,
231667,78.23,,,,,,,
231677,,,,,,64.05963197295742,84.708,67.52229311376527
231685,,,,,79.306,,,
231697,,74.59359450620049,,,76.96,,,
231706,,,,,60.106064068028864,,76.89,
231733,76.88,,,,,,60.24394505102484,56.40834285914913
231743,,,,,,79.424,,
231747,,,,,,91.954,,71.51149313729347
231753,54.36682600650757,,,,,,69.21287316551754,78.748
231777,64.80939422683477,,57.932238174792296,,,,80.438,
231801,,,72.95,50.869299455034884,,,,
231821,,71.77,,52.679071972116176,,,,
231828,,79.88,,,,,,
231835,,,,,,80.338,,
231836,61.459670722050625,,,,,,80.618,62.72729509643622
231838,,81.61,,,,,,
231840,,,67.3479075876533,75.67,,,,
231848,73.34,,64.13590318890617,,,,,
231863,74.83,,,,,,60.88209313348812,
231864,,,,,,,79.002,58.29330099196113
231866,,,75.83127932963902,92.06,,,,
231874,,62.44185932686784,,,75.758,,,
231886,,,54.68061412114153,,64.08998999817943,,77.452,
231887,81.75,,,,,,,
231897,,,76.572,,,,56.866738798993154,
231910,,,,,,73.232,,
231913,,,85.52799999999999,67.61543462803168,62.883430551518146,,,
231916,,73.44,,,,,,
231919,,,77.62,63.728957674069875,,,,
231923,,,75.674,53.131106277861704,,,,
231929,,,,,,70.71,,
231930,70.01158671810607,,,,,,53.83226466135028,76.44800000000001
231932,51.52871752617352,,,,,,70.83996702170474,76.06
231936,,80.05579825151187,,,84.78999999999999,,,
231942,54.65309019717226,,73.958,,,,,
231943,,,,,,83.79599999999999,,
231946,,,,,72.982,,50.89009063802734,
231948,,74.51,,55.540898438336875,,,,
231954,,51.329576225010825,52.48154513253636,72.75999999999999,,,,
231956,,73.56,,56.523621214856924,,,,
231965,,,,,,72.29599999999999,50.309733216360215,
231969,66.29058090308473,,81.956,,,,58.972873245868364,
231985,,59.16553642885112,,56.28860040954589,77.412,,,
231987,,,,,69.22,,,
232000,74.43,,,,,,63.18268687444082,56.09482046207289
232008,,,,,78.54599999999999,,,
232062,,,,,75.94,,,
232066,,,,,,76.70400000000001,,
232067,57.96329404461674,,,,,,77.374,58.74544138072923
232080,,,,,,,80.892,59.57520015150409
232081,,,,,61.75756201686471,,79.592,
232083,,73.12,,,,,,
232097,80.67,,64.26494986699957,,,,62.515241284530205,
232099,,58.295900852322646,78.77,64.09638827459494,,,,
232102,,72.93,,,,,,
232104,,,,,,,83.1,63.14789151059304
232106,,,,,74.812,,,
232114,,71.73,,,,,,
232118,,,,,,74.214,,
232119,,83.61,,,,,,
232120,,,,,77.526,,,
232132,,80.23,,,,,,
232144,,82.6,,,,,,
232148,,,,,,57.05583814891221,68.22888650252497,78.622
232156,,,,,,,80.792,62.2519170620532
232162,,,60.388532612366845,76.12,,,,
232166,51.20108556691379,,72.77,,,,51.03606785642288,
232170,,71.23,,,,,,
232181,71.36,,,,,,63.10627784448263,
232185,,,,,79.396,,,
232189,,76.4,,,,,,
232203,,,,,76.644,,59.73974586312404,
232212,,,,,78.02,,,
232223,,,,,81.922,,,
232225,,,,,,75.828,,
232232,,,55.98784608080546,76.12,,,,
232244,,,75.58302544110246,83.98,,,,
232250,,,73.61,62.556377632799496,,,,
232255,,,65.02215967583882,81.2,,,,
232256,,71.93,47.279747856536815,59.6740398668104,,,,
232271,,,,,74.29671246214893,,75.95,
232293,,,,,,90.674,,
232295,,73.9,,,,,,
232311,,,,,75.376,,52.61624095517239,
232329,,,,,,75.474,,
232332,,74.9,,,,,,
232363,,86.49,,,,,,
232381,,,,,,75.42,,
232388,,,,,78.4,,,
232411,85.59,,,,,,65.15507891393563,64.27314874414431
232412,,,,80.51,,,,
232413,,73.70879409914409,,,75.55799999999999,,,
232432,,,,,,82.776,,
232437,,77.15,,,68.98700530216645,,,
232439,,,,,77.326,,,
232440,,,,,82.834,,,
232446,,,82.15,62.034278130432796,,,,
232477,,,,,80.752,,67.41904867253525,
232487,,,61.46880980328659,84.11,,,,
232488,,87.4,,,,,,
232490,,,76.822,,,,,
232498,85.55,,,,,,74.94106067247299,66.91169021449873
232519,,,,,,,74.252,54.59228923467479
232526,,80.07,,,61.45435330419831,,,
232535,,,,,74.714,,,
232545,,,,,,61.920533442021664,79.54599999999999,61.888666562343346
232550,,72.83,,,,,,
232580,,90.96000000000001,,,,,,
232595,,,78.874,66.45088161499183,,,,
232610,,,,,,58.1354679646333,81.426,62.261433238895364
232639,68.78778651344177,,,,,,87.05199999999999,66.16472781715969
232642,,,,,,70.268,,
232643,,,,,72.714,,,
232646,,,,,76.368,,,
232653,,75.23,,,,,,
232655,,,51.49615595246856,,74.862,,,
232656,,,,,88.012,,65.48651722214242,
232658,,83.96000000000001,,,,,,
232665,,,83.708,71.74103331537903,,,,
232668,,74.62,,,,,,
232670,,,,,,81.86,,
232675,,71.9,,,,,,
232693,,78.24,,,,,,
232699,55.350820487675904,,,,,,75.104,56.57079283928547
232704,,77.92,,,59.43411170247383,,,
232708,,,,,77.156,,,
232709,,,,,,,77.45,
232710,53.250848095677355,,,,,,68.71981958931718,75.392
232711,,,83.132,61.87617454647286,,,,
232729,,,,,,77.556,,
232730,66.62910015799454,,82.674,,,,,
232755,,,,,77.622,,,
232756,,85.95,,,,,,
232759,,,,,78.392,,,
232765,,,,,,78.106,,
232770,,,60.74980699517464,80.41,66.27355275082985,,,
232785,,,,,,73.024,,
232805,,81.45,,,,,,
232826,,54.41319457302181,,76.98,,,,
232829,,,,,,77.36,,
232831,,74.61,,,,,,
232832,,,,,78.816,,59.11047846325781,
232839,,,61.07529226773606,60.07792368512445,81.306,,,
232843,,,,,,,77.512,55.93737504933522
232857,,,,,56.56655169638044,,76.15,
232861,55.94828296200671,,,,,,76.982,58.2574804428522
232865,,,,,77.378,,,
232871,,54.81730159309884,,,74.646,,,
232873,,82.34,,,,,,
232888,,50.92975350094372,,,71.626,,,
232901,,,66.60028443103657,75.59,,,,
232905,,,,,,,84.042,62.174370632881946
232963,,,,,,51.68996525091133,74.09,53.10095128480941
232997,,72.26,,,,,,
232999,,,,84.55,,,,
233011,,,,,,63.76401616170874,55.708494439152425,75.246
233012,,75.11,,,,,,
233018,,,,,,56.54752427939543,77.818,57.78699155557135
233023,53.41374811073315,,,,,76.526,55.037090575428444,
233029,59.839892840064884,,80.376,,57.528241186422164,,,
233034,,,74.642,63.494984513342885,,,,
233045,,,,,,77.166,,
233047,,77.15,,,,,,
233048,,,76.84,,,,,
233049,69.68876473710671,,,,,,69.00453011568803,85.376
233050,,,73.53999999999999,53.19021718175681,51.596153134306476,,,
233051,,,,,73.068,,62.76205686701098,
233053,,,61.00447123318271,80.13,58.26690690224662,,,
233056,,74.02,,,,,,
233061,,,,,,,74.3360958488791,81.75
233064,83.61,,66.69115770026637,,,,60.60222139923798,
233078,,,,,,78.42,,
233084,,,,,84.53,,,
233092,58.84762920701583,,80.732,,,,59.0042762935108,
233096,,,,,86.472,,64.31203902068843,
233097,,81.24,,,,,,
233098,,,,,74.952,,,
233109,,,,,,74.038,,
233113,64.11544879073612,,66.70861946177997,,,,78.282,
233115,54.22439830309483,,73.71000000000001,,,,52.90092634457102,
233125,73.44927931492357,,81.486,,,,,
233139,,,,,,78.38,,
233151,63.47820141412643,,,,,,76.068,54.563601925316696
233152,,82.87,,69.72197179620667,,,,
233169,,,,,79.636,,,
233178,,,,,79.64,,58.659605937736515,
233195,,,66.29443949933541,84.78,,,,
233201,,80.07,,,,,,
233214,,,,,,73.008,,
233216,,,,,,82.554,,
233225,,76.87,,55.08607701827596,,,,
233230,,82.32,,,,,,
233231,,,,,,78.73,,
233245,,,,,73.19,,54.50956255591919,
233265,59.12007622402298,,,,,64.30980870239988,,76.462
233276,,,65.49113777926638,76.5,,,,
233280,,,,,74.728,,,
233292,,77.85,,,,,,
233301,,64.05485178202416,,,82.342,,,
233309,,,,,76.618,,55.42827176804013,
233315,,,,,73.85,,,
233372,67.93264691944262,,,,,,79.27799999999999,57.71471595629714
233373,52.591024110799594,,,,,,75.66,56.629295674638534
233378,,,57.501708079932314,,55.06141154145527,,74.01,
233379,,,,,,,68.51064395898912,77.158
233394,,55.16124369109732,,74.72,59.85144415343068,,,
233396,55.40557925003345,,60.08400170297318,,,,78.918,
233400,,80.63,,,,,,
233404,,64.37155230694924,,76.78,,,,
233409,,,,,76.866,,,
233414,52.56791646220228,,75.17,53.369084661258256,,,,
233419,69.69175544745605,,,,,,91.482,74.64872298556567
233424,53.785720934274494,,,,,,73.068,52.11935492168553
233435,,77.65,,,,,,
233442,,,,,65.8520606271666,,75.3,
233444,,,,,,68.25027203064705,51.261120963456214,74.17999999999999
233465,,,55.864515611062686,76.83,,,,
233470,,,,,,,74.77,52.56880489054466
233472,,,,,,,70.5081127897603,76.604
233476,,,,,75.776,,,
233478,60.673537814886515,,79.536,,,,,
233486,,87.50999999999999,,,,,,
233487,57.672680335283395,,60.76781320068452,,,,79.556,
233492,,74.45,,,,,,
233510,78.05,,,,,,70.50707611350683,57.72098984471717
233512,,75.16,,,61.48882425607136,,,
233520,71.83447357290972,,,,,,59.07469309793453,79.688
233529,,,78.338,56.17981528739208,,,,
233556,,,,,,,85.592,67.58362089646161
233560,61.92649554959758,,74.83,,,,54.71716152775084,
233565,,,,,,74.76,67.7219748462147,55.930622323962446
233568,,,,,,75.904,,
233571,,,73.624,60.72003963074578,,,,
233572,,,,,,74.34,,
233588,,80.76,,59.59442861968173,,,,
233591,,58.9616865188742,,,73.582,,,
233602,,,,,,79.328,,
233630,,,,,,83.23,,
233631,,,,,,65.85870891478221,78.5,58.52507288160887
233656,,,,,75.84,,,
233665,,,,,,72.912,53.97012149862579,
233705,,57.65554926880166,54.31618981451659,77.11,,,,
233707,,,,,,74.548,,
233710,,,,,,79.726,,
233711,,75.86,,53.72686989514064,,,,
233731,,,,,,90.576,,
233732,,,,,,79.98,,
233738,,83.7,,68.1202775612062,,,,
233767,,,,,73.498,,,
233770,,,52.8062292820865,55.033282350464006,75.406,,,
233775,,,,,,76.408,,
233780,,78.24000000000001,,,,,,
233785,,76.64,,,,,,
233790,,78.59,,,,,,
233793,,,72.694,56.795605897428665,53.78638077978797,,,
233795,,,,,,74.8388690502282,80.228,
233800,,,,,81.38,,,
233804,,,72.184,65.320601328611,,,,
233814,,79.54,,,,,,
233820,,75.2,,,,,,
233822,,79.77,,,,,,
233848,,,,,,,72.30067596156128,81.068
233851,,,67.27339119774132,77.62,,,,
233866,,,,,,79.16,,
233871,,,54.2540371779759,72.47,55.87555397929014,,,
233874,76.14,,,,,,57.31331681572428,
233880,,55.39336274962929,52.42771544428172,73.57,,,,
233884,,,78.28999999999999,62.289400138002236,,,,
233885,,79.5,,,,,,
233892,,,,,,73.774,,
233897,,,,,,64.068460440719,80.422,61.328635515211346
233911,,,,,77.844,,,
233917,56.183967491353705,,,,,,80.186,63.2047737636564
233924,54.49712800897092,,,,,,79.496,63.75873209661822
233926,,81.85,,,,,,
233927,69.41434919550757,,84.908,,,,,
233931,,78.93,,,,,,
233938,,,,76.22,55.55161934654876,,,
233941,75.94,,,,,74.61259234384629,,
233946,,,,,72.476,,53.45005105764399,
233957,,56.342456206148114,,78.67,,,,
233959,,,,,,80.458,68.96607734972147,67.78541658880486
233960,,73.8,,,,,,
233961,72.19,,53.06561513349664,,,,57.46351676095233,
233965,,,64.60776490832917,,64.12700606015123,,82.702,
233968,,,,,79.21,,,
234032,,76.66,,,,,,
234035,,,,,79.092,,,
234037,,59.65818605617376,,77.01,,,,
234039,,73.58,,,51.814024123446885,,,
234045,,,,,,58.39274419104476,79.676,61.82742308570374
234059,,75.5,,,,,,
234060,,,84.61,68.98816945486807,,,,
234061,,,54.840240938826966,73.53999999999999,,,,
234066,55.77212367552656,,77.174,,,,55.676313393586064,
234070,,,70.99799999999999,51.859587051841594,,,,
234072,,,66.61647005872312,56.12050347005481,79.13,,,
234078,,,62.61379483111063,82.45,,,,
234087,,,66.75465442717491,57.15427857084085,78.0,,,
234099,71.58,,,,,50.92280752293719,57.01821154374579,
234107,,,53.479011753195465,75.57,,,,
234108,77.68,,,,,,72.44729321092535,55.81627561589083
234111,58.08357579184825,,77.97200000000001,,,,,
234112,,,,,84.172,,62.53914571064536,
234122,,55.11889441147701,,78.43,,,,
234129,,,,,,,75.352,58.18344086220083
234134,,,78.334,73.33354904703076,,,,
234138,,,,,76.338,,,
234143,,76.44,,,,,,
234147,79.99,,,,,80.23058121852824,,
234148,,73.95,,55.670173566175,52.376957118525596,,,
234153,63.76027036889558,,82.446,,,,,
234158,,,,,,75.542,58.67856558076908,
234167,,80.35,,,,,,
234171,,,,,,,83.176,62.82258942452494
234177,,,,,,73.604,,
234180,58.10907485938088,,,,,,66.7392327187593,78.578
234186,,72.97,,,,,,
234200,,,,84.03999999999999,,,,
234205,,83.26,,,,,,
234222,,,,,,71.77,52.96521958250479,
234226,,78.89,,,,,,
234229,,64.12899408501977,,63.72117708552724,78.8,,,
234236,,,,,,89.11,,
234239,81.82,,,,,,60.75728859525273,60.7903091460089
234241,,,,,,71.626,61.02487560900299,55.42081770895766
234242,,,,,75.99,,64.72946001267145,
234249,,,,,,80.99600000000001,,
234258,,,,52.16671853456755,74.168,,,
234261,,73.39,,,,,,
234264,,,78.134,,,,,
234276,,,,,,,75.716,56.42499379218547
234279,,,,52.58062705592822,75.356,,,
234291,,77.09,,,,,,
234294,54.7505536294426,,75.22,,,,,
234300,,,,,,49.46458448310098,74.086,
234319,,,,79.7,,,,
234333,,,,,,62.700391163714826,79.888,64.79811623981104
234350,,,,,81.078,,60.931738059128065,
234358,,,,,69.1445038662432,,76.53,
234378,,,,90.17,78.49803903889897,,,
234381,,76.42,,,,,,
234385,54.587417425380906,,77.524,,,,,
234396,,,,,87.62,,70.05160083164067,
234399,67.93177436537704,,,,,77.788,,
234407,,73.32456085427962,,,71.892,,,
234416,,72.53,,,69.36102539633845,,,
234426,,81.53,,60.67635841540623,,,,
234457,,,59.75770837891066,78.39,,,,
234458,,81.36,,,,,,
234464,,,,,,75.226,,
234466,,,57.544296257612594,71.51,,,,
234468,82.35,,59.917444546691726,,,,,
234472,,80.17,,,,,,
234488,78.37,,67.38730747682416,,,,,
234496,,,,,,72.132,,
234497,,,71.326,51.61155826769823,,,51.23101139649387,
234501,,75.66,,,72.19317693040716,,,
234505,83.85,,69.53951665963012,,,,,
234508,,71.37,,,,,,
234514,,57.586080654530264,,,74.39,,,
234515,,79.99000000000001,,,56.30191521458318,,,
234522,,,,,,,75.744,56.27767183811375
234537,,,51.96958619564992,71.55,,,,
234569,,,,85.03999999999999,,,,
234570,,,,,,,71.5621014439227,83.578
234573,,,,,80.85,,58.45043423194822,
234574,,,,,84.566,,,
234575,,83.78,,,,,,
234579,,,,,,84.528,,
234612,,,,,,,81.78,63.17387381461642
234631,,,,,,76.088,,
234638,,,,,,71.772,,
234640,,,,,,53.99537918231153,70.9097550696384,78.002
234671,80.92,,,,,77.31890899411218,,
234678,,,,,82.428,,,
234679,,80.9,,,,,,
234683,,,,,,78.792,,
234686,,,,,80.038,,,
234687,,,53.037517164516416,76.35,,,,
234704,,73.72,,,,,,
234710,,,,,,76.51,61.18946723534081,57.465121340993484
234711,63.42142552318786,,,,,,81.126,60.990617567675216
234727,,80.49,,,,,,
234728,68.0786559237335,,80.092,,,,60.30061588713604,
234730,,,,,82.51,,,
234731,,77.62,,,,,,
234740,59.30227415476145,,65.67671266563391,,,,78.39,
234741,,,76.83726767330604,61.800961872236726,,,82.51,
234742,63.3885079409448,,,,,,71.13664376718812,85.504
234749,,76.98,,,,,,
234760,,,,,77.112,,59.85227242707255,
234769,,,74.554,51.994866687112555,,,55.0250280401726,
234774,,79.34,,62.703158191187875,,,,
234783,,,,,72.898,,,
234795,,,78.19200000000001,59.30583312868716,,,,
234799,75.35,,71.1889919761622,55.67530711660931,,,,
234813,,76.46000000000001,,,,,,
234814,,75.31,,,,,,
234817,,76.68,,54.816564442492634,,,,
234824,,,,,,86.38,,
234826,,,,,,81.004,,
234827,,79.62,,,,,,
234835,,81.24,,,,,,
234843,,79.34,,,,,,
234856,,62.25321979639135,,,76.07,,,
234860,,,75.434,63.455581013453596,,,,
234861,,74.32,,,,,,
234867,,,,,,,78.774,58.2996204481555
234870,78.4,,,,,,73.7508553086048,58.42668758553887
234875,,,,,,80.83,,
234883,,,59.78062463067892,75.84,,,,
234894,,,76.918,64.19474230218488,,,,
234901,,,,,,48.883611020146695,74.376,53.6537473542114
234905,,,,,,78.536,67.805739279978,59.75457624984615
234906,82.39,,66.42520114534578,,,,,
234910,,73.94,,,,,,
234913,56.34493794829135,,,,,61.85959424681917,78.79599999999999,
234918,53.71741784215186,,74.3,,,,,
234924,,,,,,51.29720499689119,72.276,52.12598357020947
234927,,,,,69.66236051104178,,75.76,
234930,,,,,79.774,,,
234935,,,,,76.268,,,
234940,,71.15,,,,,,
234941,,,,,77.6,,,
234943,58.20537916585482,,80.714,,,,,
234945,,,76.032,55.39147624444553,,,,
234955,,,,,,55.81326910051477,76.884,63.852899758840046
234970,78.34,,,,,,62.332049360536686,62.697525885045415
234982,,63.398673680949194,,71.97,,,,
234983,,,80.976,61.12074430096839,,,,
234984,,,75.172,53.58129353913083,,,,
234986,,83.03,,,,,,
234991,,,72.976,,,,,
234992,,77.97,,,,,,
235002,,78.86,,,,,,
235004,,80.08,,,,,,
235005,,,53.98226130937196,,78.03,,60.47242372090221,
235008,,,79.252,57.67483937940718,60.394779324310775,,,
235014,,,,,,,74.81,53.633640588896625
235022,59.217675514889976,,78.688,,,,,
235026,,,,,77.896,,,
235028,,73.74,,52.07855213276377,,,,
235029,,,,,,79.894,,
235036,,80.17,,,,,,
235047,62.244924184263425,,,,,,77.464,56.731259480695506
235059,,,,,,,75.612,56.84726793228727
235088,,,,,79.384,,,
235100,,,,,73.38,,,
235101,,,54.21129037054057,72.96000000000001,,,,
235133,,,,,,75.496,,
235134,,,,81.01,,,,
235149,,,,84.42,,,,
235152,,,,,83.974,,,
235156,,80.22630760591437,,,78.138,,,
235157,,,,,,77.574,,
235161,,,,,,78.75200000000001,,
235163,,,,78.1,,,,
235166,,,,,77.88,,,
235167,,,82.12,68.37493054329354,,,,
235172,,,,,79.852,,65.19161442455471,
235173,,69.69873226773636,,81.89,,,,
235184,,,,,,74.934,,
235194,,,,,,76.232,,
235212,,,,,91.41,,,
235216,,,62.26052993097654,72.77,,,,
235222,,63.362171852653866,,,78.062,,,
235242,77.78999999999999,,,,,75.7674193139067,,
235243,,87.3,,,,,,
235244,,82.7,,,,,,
235247,,,,,,76.072,,
235253,,,58.618905665525766,54.29450984910769,74.678,,,
235258,,75.66,,,,,,
235267,,77.02,,,,,,
235269,,,,,,,76.334,53.515426548222365
235288,,,74.312,54.78090267630988,,,,
235292,,72.92,,,73.93231041387625,,,
235297,57.63157027808124,,80.548,62.44824576169121,,,,
235315,49.16603778812299,,,,,,73.84,52.358783615464084
235329,,,,,72.646,,,
235345,53.083836377668646,,,,,71.748,,
235347,,,,,72.412,,,
235353,83.61,,,,,,71.81701303830695,70.25750262978748
235360,,,,,,79.686,,
235370,,,,,,,69.81846825507938,76.638
235374,,,,,84.05199999999999,,68.92969466093072,
235380,,,71.866,65.90179905750257,,,,
235398,54.149691875755856,,56.509958975245375,,,,79.578,
235405,,81.75,,,,,,
235407,,67.93633718548742,,81.37,,,,
235410,,,,,,86.74,,
235416,,,,,,79.328,,
235425,,53.85422749342429,49.92021075821329,73.89,,,,
235432,,,81.468,62.217763515536724,,,,
235442,,80.59,,,,,,
235454,,80.09,,,,,,
235456,79.75,,73.79885245827546,59.693083555803426,,,,
235458,,81.78,,,,,,
235464,,78.93,,,,,,
235467,82.36,,,,,,65.5399071112741,63.28776980983368
235471,65.45085117467745,,,,,,58.26747847029597,75.86
235496,,,76.406,66.35039694717572,,,,
235507,72.6,,,,,,61.19676573616795,56.19695624945065
235513,,,,,,76.926,,
235514,,74.12,,,,,,
235516,,,,,74.946,,,
235522,,,79.28399999999999,59.48823160642706,,,,
235526,,,72.04445476186687,79.27,,,,
235532,,75.0,,,,,,
235546,,74.12,,,,,,
235553,,77.59,,,,,,
235565,,76.5,,61.17846771074119,55.42953571971262,,,
235569,60.046577243123856,,79.74,,,,,
235570,55.778503694122556,,73.00978235713984,79.22,,,,
235572,,79.52,,,,,,
235573,,,,,72.53,,,
235618,,,,,79.07,,60.68148445569932,
235619,,,,,,,82.304,65.69160744755857
235634,,,,,80.012,,,
235636,,,79.348,63.60613177306283,,,,
235642,,68.23109556861748,,82.63,,,,
235658,,81.81,,,,,,
235661,,,,80.26,,,,
235662,,82.78999999999999,,,,,,
235663,81.09,,,,,75.89993003131845,,
235670,75.81,,65.8814594464637,,,,55.14296321065489,
235684,,79.05,,,,,,
235717,57.73486069520051,,77.582,,,,56.86888228454682,
235728,,73.92,,,,,,
235729,,77.81,,,,,,
235735,,81.9,,72.41948132896984,,,,
235742,,,,,,74.418,,
235744,,,,,,76.22200000000001,,
235751,,,,,72.574,,,
235754,75.17,,58.735776644898465,,,,55.42016965863941,
235755,,81.24,,,,,,
235769,,,,,,,76.044,56.05164653536421
235770,,,,,77.342,,,
235771,48.998194791243606,,72.114,,,,,
235773,,,,,75.206,,,
235781,,,82.14,70.56805572012988,,,,
235790,68.80789862222417,,,,,85.94,63.834628105456396,
235794,86.91,,,,,,,
235799,,,75.69800000000001,54.16876969180026,59.921380650532605,,,
235800,,75.81,,,,,,
235805,62.93686655586243,,,,,,84.746,69.08562776351114
235807,,,75.492,58.89282207399792,56.689009495094105,,,
235808,,73.58,,,,,,
235813,60.333191015821775,,81.072,,,,,
235815,,,51.79259751742734,,73.272,,,
235817,,,,,76.69,,,
235824,,56.36230884381901,,77.17,,,,
235834,,,,,72.4819576758253,,78.52199999999999,
235842,,,,,,81.178,,
235844,,79.51010514564193,,83.4,,,,
235849,,77.68,,57.97824276874867,,,,
235855,,,,,,66.78467017203248,76.382,55.38230980776513
235863,,76.45,,,,,,
235875,,,,,78.754,,,
235883,,,,,80.834,,63.96638889452635,
235884,,,,,74.788,,,
235885,,,61.53545946662926,76.4,,,,
235888,,,,,,77.71080330865095,,81.042
235889,,,,,,,73.57166507866225,81.732
235890,,79.82,,66.94787709918707,,,,
235899,,,,,78.038,,,
235915,,,,,,,76.104,
235916,,76.88,,,,,,
235926,65.15218294553172,,81.374,,,,64.03840808908788,
235935,57.64093155805163,,58.02439076818162,,,,79.408,
235942,,,74.322,54.62989670255207,,,,
235944,77.93305722870507,,85.618,,,,,
235945,,,62.66880434861321,83.14,,,,
235949,,,,,,,84.064,67.54179252220743
235955,57.041547466838594,,,,,,66.62788858634853,81.074
235966,,75.99,,,,,,
235970,,,,,,77.19800000000001,,
235973,83.64,,,,,,66.60541778911336,
235980,,,,,,76.24,,
235983,,,,,78.23,,57.19680987144929,
235987,,,76.872,64.32553683575262,,,,
235988,55.027249021676816,,,,,,60.47814364301306,76.724
235989,,,,,,70.28173096873516,54.30610294413276,76.532
235991,,,,,,76.526,54.89336757925929,55.319476273282
235995,,73.72,,,,,,
235997,,,82.996,67.76227592636408,,,,
236015,86.26,,64.60253210373415,,,,65.16761548897068,
236018,,76.41,,,,,,
236025,,,,,,74.01,,
236037,57.40006845850978,,76.086,,,,57.74899911052584,
236038,,,,,75.706,,,
236045,,,,,83.394,,,
236209,,,,,76.21000000000001,,,
236217,,80.07,,,75.23694802017872,,,
236244,,64.0632688137314,,,74.662,,,
236246,,,74.886,54.860100700609735,51.39297814605172,,,
236247,,,75.088,56.91041100012258,,,,
236248,71.75,,,,,,60.67814056814002,51.29771294033414
236259,59.06763519860157,,80.922,,,,,
236260,,79.07,,,,,,
236267,,73.66,,,,,,
236276,,,,,,60.53801858094332,80.954,60.55699661015059
236281,,,,,77.346,,58.66625158804275,
236295,,,,,78.84,,,
236298,,,80.956,61.95399845083039,,,,
236304,,74.68,,,56.28825612039175,,,
236307,,73.88,,,,,,
236308,,53.88619860530703,,,73.72200000000001,,,
236311,,,75.844,56.37687650767836,,,,
236315,,78.78999999999999,,,,,,
236316,,,,,77.154,,,
236319,,73.81,,55.24681482632986,60.07289333349126,,,
236321,,,,,,70.654,,
236344,,,66.29962591949682,77.88,,,,
236355,,81.97,,,,,,
236363,,,77.242,54.50904293551114,,,,
236364,,,73.504,,,,,
236369,,82.64,,,,,,
236382,,60.83637030655017,,,74.882,,,
236388,,,,,,52.843266048824354,72.974,51.48520027352832
236390,,,,,77.378,,,
236393,,,,,,75.712,,
236401,,,,,83.804,,,
236403,,85.65,,,,,,
236413,,,,,,77.19,,
236420,76.58,,,,,,63.97069250189965,56.0933667100035
236427,,,78.112,55.39702966787822,,,,
236432,,,,,75.96000000000001,,,
236437,51.29865598107335,,70.514,,,,,
236441,,,,,82.932,,65.52021403446923,
236449,,,,,,,75.904,56.716467696566156
236454,,,,,75.368,,,
236457,,,,,83.164,,,
236459,,,,,76.55024598791722,,77.476,
236461,,,,,,86.98,,
236465,,73.09,,,48.72170020646779,,,
236466,,,,,76.922,,,
236467,,78.56,,69.49156181247515,,,,
236472,,,65.67944496031855,77.67,,,,
236474,,,,,,,77.73,57.818521595881805
236477,82.25,,70.52441244719238,,,,,
236480,,,63.00952973370666,83.28,,,,
236487,,,,,,75.128,63.43172105777269,
236492,59.89505909271189,,81.27,,,,,
236496,,,79.76438195769973,86.92,,,,
236498,,,,,,80.102,,
236499,,,85.284,63.68984435102681,,,,
236506,,83.76,,63.672362813581,,,,
236507,,,,,,60.951284675097334,80.106,59.7914416061826
236508,,76.97,,,,,,
236510,,,,,,81.164,,
236518,,,,,,57.35880256563453,78.69800000000001,59.50788400029634
236524,,81.1,,,,,,
236528,,,,,,75.474,,
236529,,,73.13699009260368,78.59,,,,
236530,,,78.688,65.06136022892451,,,,
236532,,86.38,,,,,,
236533,,,,,,81.35,,
236535,,78.1,,57.84827222276352,,,,
236551,,78.35,,55.63590951117359,,,,
236555,,,,,,77.844,,
236556,,,78.414,64.30767680872344,,,,
236557,,,,,,62.348846380490485,74.396,
236572,,,,,79.24,,,
236573,,78.1,,,,,,
236586,,,,,73.286,,,
236593,81.92,,65.37247994090032,,,,,
236600,,80.13,,,55.18931161338126,,,
236601,,,,,,69.622,66.36070704012769,53.51890194804965
236610,,,,,,86.98599999999999,,
236611,,,,,,71.19800000000001,,
236618,,74.31,,,,,,
236621,,,,,,76.482,,
236626,,66.43190802723002,,,73.44200000000001,,,
236629,,,,,80.416,,,
236632,62.65242217137606,,,,,,76.9685881862355,86.458
236633,75.66,,,,,,61.685975357499345,55.573698368279686
236634,,,,,76.974,,64.31735209480583,
236636,,,,,82.628,,,
236637,,,70.748,63.65112849914071,,,,
236639,,,78.56,72.57888101693561,,,,
236650,,,,,,76.518,60.38821682967677,55.02636287766144
236657,,,81.57,60.92265089525951,,,,
236662,,78.63,,59.901310814285715,56.43498406662668,,,
236668,,,,,79.11544258215889,,81.176,
236670,,75.99000000000001,,,,,,
236671,,,,,77.792,,,
236675,,,,,70.78361757036282,,75.94,
236677,,73.37,,,,,,
236679,56.562334794329644,,78.606,,,,59.431851429262025,
236689,47.729658331444206,,62.38554139892274,71.5,,,,
236690,,80.47,,,,,,
236692,,,,,,76.772,,
236699,,,60.88347799740236,83.92,,,,
236703,,,,,86.504,,,
236706,,,,,,57.454630801892364,77.868,61.440581789640966
236712,,71.89661266863075,,,77.44,,,
236721,,62.48221471089706,,76.91,56.336777513703794,,,
236750,,,,,,,71.73772506304813,77.406
236757,,,,,,75.488,,
236760,,,79.248,,,,,
236764,,,67.23645879617145,82.26,,,,
236767,,,,,,74.866,,
236772,87.43,,72.15702039459984,,,,68.37157869986771,
236773,,58.210368928864185,,81.06,60.65964120053693,,,
236784,,,,,,61.77661967604107,78.798,59.030042261177506
236786,,,,,,83.786,62.205938309900134,62.65536541058248
236787,,,,,73.646,,,
236791,64.60539650211797,,81.834,,,,59.67609982984217,
236792,,72.6879657749153,60.69431842509359,83.5,,,,
236800,52.738385925710375,,,,,,77.842,
236803,,,,,,67.65987385320271,78.824,
236804,,84.55,,,,,,
236810,,,,,,80.134,,
236817,,55.65446939845164,56.311294535148214,78.13,,,,
236818,,,66.1558103169113,73.23,,,,
236822,,,,,82.95400000000001,,,
236830,,,75.9621774594229,82.53,,,,
236836,,,,,,74.154,64.75406517934697,
236838,55.805239746673664,,78.982,,,,,
236875,,,,,73.402,,,
236877,,,73.254,55.4686557243778,,,,
236883,,,78.146,,58.83331372441039,,61.89300296823324,
236885,,,,,,80.19,,
236889,,73.95,,,,,,
236897,58.2255462748611,,,,,,74.372,54.13135153470114
236898,,,80.02799999999999,69.71146593207553,,,,
236914,,73.5,,,,,,
236918,66.55252406608304,,,,,,67.72613933704783,82.93
236920,83.95,,,,,,76.0639858892785,66.41853977976544
236924,,77.69,,,,,,
236935,62.094510725060175,,,,,,78.402,58.47022437866271
236943,,,,,77.604,,,
236947,,82.09,,,,,,
236956,77.8,,,,,,55.66568078242876,
236985,,,,,,71.492,,
236987,,67.36807467951901,,87.13,,,,
236988,,,,,,79.97200000000001,,
236993,,,,,75.684,,,
236997,,,74.598,65.40850758429015,,,,
237000,,58.38546933295261,,,79.446,,,
237003,,,,,80.284,,,
237005,,,74.752,57.58675522526439,57.82809902765033,,,
237010,,,51.66126641055046,,77.41,,55.17189301670882,
237024,,76.75,,,69.35563257488292,,,
237031,,,,,,80.984,,
237033,,76.03,,,,,,
237034,67.6508757794546,,,,,83.06,,
237036,,,,,75.97200000000001,,54.28102038076701,
237040,,77.69,,,,,,
237055,,,,,,,83.46000000000001,67.86395079747828
237075,,,,,,76.776,,
237086,,87.3,,,,,,
237091,54.983080961063955,,,,,,69.16841655117476,77.184
237101,,,62.12116450730311,73.18,,,,
237109,,,,,80.042,,,
237122,,,,,77.798,,,
237135,,,,,,57.41402993679225,81.432,61.5012099059269
237138,79.2,,,,,,,
237140,,51.28342029558361,71.69200000000001,51.395855078955066,,,,
237152,58.31606378655721,,,,,,75.06,
237155,,,,77.72,70.86462411582697,,,
237161,,,80.882,61.5847219158444,,,,
237169,,,,,75.986,,,
237175,,73.82,,,58.67923517338991,,,
237181,,76.48,,,,,,
237183,67.78287669978116,,,,,,62.91190047040547,80.1
237184,,,,80.19,57.85246991826324,,,
237198,,,,,,,80.286,57.75165789737252
237203,,53.31790395431623,59.22484173628269,74.97,,,,
237204,,,,,,50.970931711186196,75.484,53.128902133155954
237206,,,,,74.334,,,
237211,,,,,77.70400000000001,,,
237213,,77.19,,,,,,
237214,,74.59,,,,,,
237221,,84.41,,,59.38449165429838,,,
237223,,,67.39275178403743,,60.536590503760955,,79.886,
237238,,,87.258,,,,,
237239,81.76,,61.385525463311495,,,,62.60346147706386,
237242,,,,,78.788,,,
237245,,76.54,,,,,,
237254,,,,,,83.302,,
237255,,79.73,,57.4679672862654,,,,
237256,,,,,,78.378,,
237257,,,67.10576401241723,77.39,,,,
237268,,,,,76.71000000000001,,,
237286,,,,,,76.446,,
237295,,,,,,79.062,58.240214191518795,
237307,,57.388703620946615,,52.56791220853999,73.748,,,
237310,,,,,61.65543928808576,,77.352,
237316,,72.3,,,,,,
237321,,,,,,81.72200000000001,,
237328,,,,,,,83.592,67.2090064617656
237329,59.40895288495097,,81.252,,,,,
237331,,,,,77.428,,,
237332,,,,,,76.844,58.348083462337115,56.48928342186147
237333,,,58.37501870904522,77.62,,,,
237335,79.14,,61.83389619348151,,,,58.108464414191914,
237337,,,,,,,76.872,58.17121451252421
237341,,73.88,,,,,,
237347,,,,,76.312,,,
237355,,,,,,70.966,,
237371,,,,,,,76.864,59.8925968294119
237378,,,,,,54.742803110676455,66.78726639541786,78.408
237382,73.37,,71.29765733700128,,,,,
237383,,89.83,,,,,,
237385,,,73.754,58.33156299955374,,,,
237386,60.98614196305799,,82.63,,,,,
237391,,,,,,78.19,,
237407,,,75.368,61.727399095922244,,,,
237415,,,,,74.892,,,
237420,,51.33147873606705,,73.1,,,,
237424,,,71.9752305378648,79.02,,,,
237440,,78.55,,,,,,
237442,,77.88,,55.75652804188465,58.3487511509504,,,
237453,,,,,,78.568,,
237469,,,,,78.87,,,
237470,,76.27,,,,,,
237477,,,,,,,82.20400000000001,
237490,,,52.64036637138181,76.25,56.322052865010306,,,
237496,81.01,,60.17277299239661,,,,67.42273397077501,
237499,79.81,,63.310141721662774,,,,,
237502,,,,,,77.642,73.30029789056752,61.464817962275475
237509,,,,,,73.9,,
237511,,,,,77.752,,,
237520,,63.18938508657893,80.2,63.341471559802855,,,,
237522,,80.76,,,,,,
237524,,,,,,76.61,,
237566,75.97,,67.8182194443189,,,,,
237570,,78.05,,,,,,
237586,,80.27,,,,,,
237594,,77.26,,,,,,
237595,,83.01,,,,,,
237612,,77.55,,,,,,
237613,,,76.434,55.50976318136473,,,,
237619,64.97605876251197,,56.97809016981108,,,,79.544,
237626,,,81.03,68.63543296428435,,,,
237629,,,80.784,58.96344264510361,,,,
237630,,76.52,,,,,,
237633,,,,,,79.70400000000001,,
237635,51.300204213953734,,,,,,64.99360328259414,74.588
237640,79.91,,56.90622216885359,,,,68.72248047784483,
237642,,,,,75.95,,,
237644,,75.3,,,,,,
237646,,,,,84.57,,,
237647,60.390000003047135,,75.718,,,,,
237651,,,,,74.458,,,
237658,,82.46000000000001,,,,,,
237662,,,,,78.752,,58.122346472806306,
237666,,,,,,73.83,,
237669,,,,,76.2044601924838,,79.902,
237670,80.53999999999999,,,,,,72.17138360671558,59.283676299451
237678,,89.38,,,,,,
237679,,,,,,85.19800000000001,,
237681,,,,,,,86.32,71.84899916338117
237692,74.28397904610827,,,,,,72.58027138387547,88.39399999999999
237696,,,,,71.97200000000001,,,
237705,,,,,75.44,,54.318966201374884,
237708,,,,,,78.998,,
237712,,,,,,84.944,,
237715,,,,,,81.066,,
237721,,,53.45242142574292,76.18,,,,
237731,48.81559967687718,,,,,,71.502,52.502170041005556
237732,60.48330767571148,,,,,54.05784633445279,75.56,
237772,55.45472480252224,,74.27,,,,62.20083041530613,
237807,,,,,,76.598,,
237809,,,,,,,76.534,58.567614201077824
237819,,,62.286572304011244,84.77,,,,
237833,,,,,,75.19200000000001,68.08823445492443,55.63422997698534
237840,,,77.852,57.250395062193846,,,,
237841,,,,,81.904,,,
237863,,,,,,72.26599999999999,,
237871,56.93598812465979,,79.998,,,,,
237875,,74.73,,,,,,
237884,,,,,76.894,,,
237885,,75.63,,,,,,
237895,76.99,,,,,,65.12831745143741,56.15439521446257
237916,,,78.78399999999999,57.28587272579095,,,,
237920,,,76.778,59.382706697714504,,,,
237933,,,,,71.264,,,
237936,58.12497261148521,,,,,,81.99,60.23317027672888
237937,,,80.588,58.88893873621083,,,,
237942,,,,,83.542,,,
237943,,75.46000000000001,,,,,,
237960,,,,,,79.366,63.65491545552626,
237965,,,,,75.152,,,
237975,,,,,74.612,,,
237977,,,,,,,72.186,52.06353087708801
237979,75.05,,,,,,,
237985,,85.21000000000001,,,,,,
237989,,,,,72.97542529699555,,75.596,
237993,57.928976408555386,,,,,,77.05799999999999,54.52347733190613
237994,,,,,,,72.22555274388779,82.056
238004,,,,,,83.186,,
238008,,79.46000000000001,,,,,,
238009,,,54.564839414405874,,76.97,,56.459610638912494,
238040,,75.99,,,,,,
238041,,,,,80.134,,,
238043,,,,,,,77.916,59.80878409923177
238049,56.61329946890374,,73.96600000000001,,,,55.3240747204288,
238050,,,,,,,83.78399999999999,63.17375598151235
238051,,,,74.66,,,,
238058,78.85,,67.56525866377916,,,,58.24742834487351,
238059,73.58,,,,,,58.633375092356616,55.99913144876576
238062,,,,78.35,,,,
238067,62.52216282886352,,,,,61.13220320137799,80.94,
238068,76.13,,,,,59.39747322173649,55.23517704357655,
238071,,,,,78.614,,,
238072,,,81.1,68.62976140116334,,,,
238074,,,,,83.794,,,
238086,52.27044986767983,,74.514,,,,,
238089,,,73.724,55.27183004425263,,,,
238091,,,,,73.22200000000001,,,
238095,,88.05,,,,,,
238098,,,74.958,68.85959486486624,,,,
238103,,73.62,,,,,,
238126,79.38,,76.13864894001281,,,,,
238127,,,,,,76.4,,
238132,,,78.124,,,,,
238157,,,,,78.786,,,
238160,,84.46000000000001,,,,,,
238170,,,,,,,73.44200000000001,52.67259719332107
238173,,,,,,53.5226796236132,75.774,58.966566450897666
238177,,,74.076,54.96090937489273,52.02213281898363,,,
238179,,74.91,,,,,,
238180,,,,,,77.876,,
238184,53.00058938535556,,,,,,58.43214971017133,74.672
238194,,,,,,79.39,58.11923912933725,
238195,,,,,71.66151097890415,,74.742,
238196,55.31817433713784,,,,,,77.042,57.840968370365715
238216,,,86.05,70.99842061345174,,,,
238220,,,53.779140559791685,75.8,,,,
238221,,71.83,,,,,,
238222,,,,,79.494,,,
238224,,,,,,80.12,,
238227,,,,,,,81.664,59.721817789172235
238230,,,,,,,82.352,65.703174626607
238235,59.51196785912053,,65.46752571457644,79.0,,,,
238236,54.148443087003805,,,,,76.53999999999999,63.01077271444139,
238263,,78.28,,,,,,
238270,,74.9,50.37000470684322,63.34659146872202,,,,
238273,,,,,,72.098,,
238277,78.46000000000001,,70.74065624922954,,,,,
238282,,54.99065711790474,74.94200000000001,65.71058228228752,,,,
238305,,,,,78.366,,,
238319,,72.4,,,58.459068735015876,,,
238320,,,58.07682477366275,,77.402,,59.87467229666103,
238331,,,,,79.064,,,
238332,,,,,,78.464,58.556857607041486,
238336,,,,,76.542,,,
238354,,76.6,,,,,,
238360,53.10872245122884,,,,,,74.968,52.2280666465195
238363,,,,,76.04584478971019,,80.284,
238368,,,,,,73.668,61.186112483532774,54.06194678389024
238370,,81.3,,,,,,
238375,,76.2,,,75.13953345826998,,,
238379,,,75.772,,54.48630257915064,,56.16216833212584,
238389,,77.31,,,,,,
238392,,,,79.83,,,,
238409,,,,,79.762,,,
238446,,77.43,,62.27135188774065,,,,
238450,,76.45,,,,,,
238460,,,,,,76.062,,
238461,,51.39804196885058,56.463377854689305,72.7,,,,
238463,,,82.83,65.68646283212769,,,,
238464,,,,,,73.30738569812115,75.486,
238473,,78.55,,,,,,
238476,,83.3,,,,,,
238490,65.44634578514332,,,,,,81.332,59.24800152124907
238504,77.1,,,,,,55.972232138557395,
238505,,,,,,,79.204,61.5850979265737
238508,,75.16,,,,,,
238509,,,,,,,78.52,59.10168420765363
238510,,,,,63.57171583992285,,73.914,
238516,,80.73,,,,,,
238545,,,,,,81.17429358096649,80.482,
238563,,,,74.34,,,,
238576,,73.53,,,,,,
238577,,,,,72.332,,52.11391270769316,
238578,73.61,,62.895099397333944,,,,59.029639065052436,
238581,62.0365428058274,,,,,,81.586,59.58940748167937
238587,53.49704649939203,,75.646,,,,,
238593,,58.147367939528735,,68.61937444591716,74.544,,,
238616,,,,,,,85.25200000000001,68.5536287312973
238621,,83.0,,,,,,
238631,,,,,,76.662,,
238634,,75.4,,,,,,
238636,,,51.72687066319564,75.32,,,,
238637,,,75.47800000000001,60.603125253435124,,,,
238643,,,,,,74.69800000000001,63.421873108231786,54.69663926932446
238647,,,,,64.13045899263773,,74.14,
238656,,,,,,76.45,,
238660,,,,,75.494,,,
238662,,,,,78.646,,62.44550928966332,
238684,,74.82,,,62.520684014461,,,
238692,,64.14259216795827,,75.47,,,,
238694,,,,,,71.738,,
238703,,74.46000000000001,56.27885156792539,63.53539361046463,,,,
238704,76.85,,,,,,63.51598430291322,58.26784958060375
238716,,,,,,72.164,,
238717,,83.69,,,,,,
238725,,76.23,,,,,,
238726,,,,,,,72.866,52.00034201468548
238736,,,,,,74.884,,
238743,,,,,,79.998,,
238744,,67.84981085532401,83.53999999999999,,70.40947878364724,,,
238749,,79.39,,,,,,
238756,,,,,,84.044,,
238758,,,64.67341617560561,72.83,51.81045204666532,,,
238759,,,,,75.2,,,
238763,,,,,,75.874,,
238765,,,,,69.642,,,
238767,77.61,,72.31005697087375,,,,,
238775,58.67476646493252,,,,,,76.936,55.1737569719637
238779,,77.22,,,,,,
238792,,,77.212,,,,,
238793,,,56.560328618152596,75.43,57.268789963963464,,,
238794,,,,,,,75.47014980481318,92.374
238839,,,78.032,57.201260390840616,,,,
238840,,73.76,,,,,,
238857,,,,,80.102,,,
238862,,78.6,,,,,,
238873,,,,,,76.336,,
238880,,78.81,,,,,,
238882,57.43206759862604,,,,,53.04798390766727,76.272,
238889,,,,,71.22,,,
238896,82.74,,,,,,76.13865422915649,63.73650574997136
238900,,,,,,85.064,,
238922,,58.35322277868158,54.846168166594666,75.49,,,,
238940,,76.7,,,,,,
238941,,,,,76.55,,,
238944,,,76.178,56.72602312434418,,,,
238953,51.640505716832635,,,,,61.63287689717338,74.238,
238957,,,,,,73.368,,
238963,,74.97,,,,,,
238965,,60.60752497660933,,74.23,,,,
238980,76.51,,64.83139439424538,,,,,
238986,,76.59,,,,,,
238987,,78.34,,,,,,
238990,,,,,,73.43,,
238995,,,,,,71.518,,
238996,,65.87176698769179,,70.83,49.01653412077259,,,
239003,,,,,,,74.988,54.17141329887095
239011,,76.43,,,,,,
239012,71.94,,50.78220905637969,,,,,
239016,,,,,81.156,,,
239023,54.2574546451223,,75.518,,,,54.61590600483169,
239028,58.432355970647016,,57.11684872704097,,,,81.398,
239042,,,74.892,52.922486590874186,,,,
239043,,,,,,76.862,,
239045,61.7149956259385,,62.51618473955092,,,,80.262,
239048,56.87830411908986,,,,,,79.178,58.15359336248424
239053,,,90.782,71.61283703854694,,,,
239073,,,,,,,77.506,56.66258474675402
239078,,,,,,76.912,,
239084,,,61.7160153599053,73.91,,,,
239085,,,,,,93.252,,
239090,,76.78999999999999,,,,,,
239091,,61.086276160037556,,77.01,,,,
239093,,,,,84.744,,,
239096,,63.275432571173056,,82.16,,,,
239097,,,,,,75.642,,
239099,,56.62004457852749,,76.4,,,,
239106,,,,,78.12,,,
239116,,,58.491389937789336,58.47143152923218,77.116,,,
239118,,73.72,,,,,,
239119,,,65.29045241593093,55.53506372159504,76.976,,,
239125,,,,,,78.394,,
239126,,,,48.94091901409222,72.288,,,
239136,,70.29743695118508,,,77.81,,,
239138,78.65,,,,,,70.9292854744034,62.26633950845551
239148,77.19,,59.60640593894478,,,67.82859391849603,,
239175,74.28999999999999,,67.11887397600255,,,,,
239179,,78.46000000000001,,,,,,
239181,,74.47,,,,,,
239197,,65.72192192636018,,51.53415103365022,74.206,,,
239215,,,74.778,57.47715401906741,,,,
239231,,,,65.56442887512979,86.78399999999999,,,
239250,61.834609869366936,,,,,79.47,,
239259,,77.18,,,,,,
239267,,,,,,78.408,,
239269,,,,,74.744,,,
239301,,86.15,,66.73864839556616,,,,
239323,,,,,,79.478,,
239324,69.73,,67.86076497708582,,,,,
239329,,,,,,75.80799999999999,,
239333,,,,,,,66.80791789001536,73.386
239340,,84.56,,,,,,
239350,,,,,,53.90947332245308,77.924,61.88687464714107
239356,,,,82.48,,,,
239360,,82.48,,,,,,
239361,78.0,,70.05845532840456,60.915177394649675,,,,
239367,62.01696109077738,,,,,,82.61,66.4166865170239
239368,,,,,81.306,,,
239373,63.873407110387106,,,,,79.958,,
239378,,,,,,77.31,,
239379,74.78,,67.77329494758105,,,,,
239380,70.11186214046687,,,,,,67.32514911049415,85.02799999999999
239393,51.798637125552425,,,,,51.216637554791475,74.518,
239394,,,,,56.83102275056114,,76.946,54.91354076195009
239397,,,,,,55.91026728639798,76.44800000000001,55.79301212305889
239403,,78.67,,,66.71162938103924,,,
239418,,,,,,78.25,,
239432,,,,,,76.106,,
239438,,77.37,,,,,,
239439,,,,,,,78.418,58.408757300254
239443,,,,,76.81,,,
239451,,,76.28,54.29627913429535,,,,
239453,,,,,71.854,,,
239458,63.301167308860286,,,,,57.68337538233237,77.054,
239476,,,,,74.80799999999999,,,
239478,,75.22,,,,,,
239482,,,,,,,85.758,67.66001332273927
239494,,56.306355510238284,,72.21,,,,
239498,,,74.092,72.67390503972871,,,,
239502,,73.56,,,,,,
239505,,,,,69.6487980642387,,76.83,
239506,,75.3,,,,,,
239512,,61.318190035121425,63.10576078651334,79.08,,,,
239513,,74.94,,,62.010357102462066,,,
239529,,,79.888,65.84973533205222,,,,
239540,,76.21000000000001,,,,,,
239553,,,74.094,,53.53525044856253,,59.93622179971252,
239571,,,,,77.276,,,
239580,,88.92999999999999,,,,,,
239581,,80.7,,,,,,
239589,,,,,,77.758,,
239595,,,,74.51,,,,
239596,,71.82,,48.8872677787273,,,,
239612,,,,,,77.398,,
239613,,,82.14,,,,,
239614,,,,,81.452,,,
239627,,,,,,73.69800000000001,,
239631,,,,,,79.014,,
239634,,75.41,,,58.15211569346333,,,
239641,,65.98682735410142,,77.64,,,,
239642,,,72.81,58.70205559034872,,,,
239661,,,,,,,71.54167821542566,75.932
239666,55.880822505815686,,73.272,,,58.26333871758089,,
239669,,,,,,58.55547142476166,64.28891202297157,79.964
239671,,,,,,,79.412,57.54344345593942
239672,73.22,,,,,,62.685864993873665,55.933051901268115
239679,,,,,78.012,,56.40785260506487,
239681,,,,,75.176,,,
239682,,,,,75.016,,,
239686,,72.81,,,62.13613328143024,,,
239690,,,57.268593592204255,74.09,,,,
239696,78.31,,,,,,57.140355823922775,
239700,,71.73,,,,,,
239701,84.26,,,,,,81.04252639262833,
239704,,,,,81.222,,,
239708,,,,,,73.36,,
239731,,,50.07990377290272,73.56,,,,
239732,,,77.03,,58.970594906520525,,57.83631072502537,
239740,64.57879573633373,,,,,,78.298,58.41161166396874
239744,66.35186236036537,,80.172,,,,60.33802172248272,
239747,,,,,,75.354,,
239750,,74.78,,,,,,
239755,,,,,,,80.92,63.859152398463266
239763,,,,,,,84.134,69.50623036790442
239768,,75.33,,,68.17452657553414,,,
239770,,81.83,,,57.83347933259292,,,
239778,,,81.334,66.50407183745808,,,,
239779,,,,,,73.59,,
239782,,,77.688,67.83700484295714,,,,
239795,,,,,,77.834,,
239799,,,,,,73.248,,
239800,,,,,74.262,,,
239807,66.9156224892068,,85.03,,,,,
239808,,,61.28077819443213,56.98578975728794,78.214,,,
239810,,,63.73008583224762,82.99,,,,
239813,,75.63,,,,,,
239814,,79.35,,,,,,
239817,,,65.23975243836375,81.13,,,,
239818,,89.7,,,,,,
239837,,,89.75,67.25125916637163,,,,
239838,,,,,,75.056,68.91502476092258,57.94102877041582
239842,,,,,,83.328,,
239858,,51.246399101496706,,,70.746,,,
239875,,,,,76.568,,,
239881,,,,,,79.822,,
239890,,82.37,,,,,,
239892,63.39575292453251,,,,,,83.98,66.90090552389124
239894,,,80.134,71.55437430541232,,,,
239901,,,,,,81.884,,
239903,,74.61,,,,,,
239909,,,,75.8,60.50422263349269,,,
239919,,,,,77.662,,,
239925,58.571552962459144,,74.648,,,,55.60298934100816,
239928,,76.8,,,,,,
239936,,,,,,75.768,,
239944,55.05327802072255,,,,,,70.3532892511797,78.572
239955,,73.2,,,,,,
239956,,,,,,80.196,,
239960,,,56.196957475119234,72.56,,,,
239962,48.373965061910184,,,,,,73.424,54.403576701374575
239964,,,,,,80.124,,
239974,,,,51.72062216845559,57.406723702294585,,71.556,
239977,60.769439882337835,,,,,,74.0909322001987,84.90799999999999
239978,,,,,,,82.612,63.612058265121284
239980,,53.208375933294185,,75.28,54.33451479425391,,,
239981,,,,,,75.624,60.829658633915344,56.053304211991296
239989,,74.43,,,51.21816807142916,,,
239998,,78.78,,,,,,
240008,,78.77,,56.73928892532867,,,,
240017,,,,,,,70.009184958344,83.006
240020,,,,,67.03924903443529,,79.168,
240035,73.21000000000001,,,,,50.08585643149557,,
240040,79.01,,,,,,69.69422614971936,
240047,,,,,,78.934,63.52848004866178,61.44020177965756
240055,,,,,73.438,,50.960045552238256,
240056,,72.57,,,,,,
240057,,,57.76639242238115,75.93,,,,
240060,,,,,79.19200000000001,,,
240064,,81.34,,,,,,
240068,,,,,,,73.55799999999999,54.13459967461019
240095,,,69.62861955567271,75.66,,,,
240096,,,,,,,75.176,60.816614711881236
240097,,,80.508,70.33294877145661,,,,
240099,,,,,72.46000000000001,,,
240100,,,,,79.416,,,
240117,,,,,,,75.156,55.08557622148615
240130,,88.0,,,,,,
240131,,,,,,,72.92822249608366,77.788
240133,,,,,,78.95,,
240138,,79.3,,,,,,
240150,,,,,73.416,,,
240156,,,,,,74.648,66.84250120227078,59.12374001350012
240168,,,,,,76.424,,
240193,,,80.02,63.57414614758728,,,,
240207,,,,,76.1,,,
240209,,,,,,79.702,,
240211,,,,,,59.938176413664586,77.412,57.059522675113286
240223,,,,,78.602,,,
240226,,,,,,,76.862,60.55990158113497
240240,,,,,,76.258,,
240243,87.19,,,,,,67.46923663300213,68.07809478445868
240244,,76.05,,,,,,
240248,,,,,75.47,,,
240252,,,59.1682789128993,78.75,,,,
240258,,77.4,,63.72752668112271,,,,
240260,,,,,,73.844,54.78500273952565,53.673504707877456
240262,,,75.664,,55.51218611500333,,64.53625494894384,
240271,54.877426621022465,,,,,,76.966,57.09853290828346
240273,82.77,,,,,,68.27671806150204,60.82201892519172
240277,,84.06,,,,,,
240280,77.83,,56.45849347254782,,,,56.16622869651588,
240282,,78.42,,,56.6086560402484,,,
240285,,51.37366500450813,,72.33,,,,
240289,,79.77,,,,,,
240317,,,,,,76.894,,
240319,55.85034963510753,,78.082,,,,,
240323,,,71.26599999999999,,,,,
240328,,,,,70.806,,,
240329,75.22,,,,,,56.1107996514915,
240331,,,73.46600000000001,55.52465151341417,,,,
240333,,74.47,,,,,,
240334,,74.14,,,,,,
240335,,55.28030290089823,,72.59,,,,
240338,,,,,,73.47800000000001,,
240345,,,,,74.34,,52.34006299654411,
240352,,76.76,,,,,,
240359,,83.76,,,,,,
240373,,,,,,50.00536930926667,72.234,51.82017000715994
240431,,,,,,71.54,,
240439,,78.99000000000001,,,,,,
240446,,72.78,,,,,,
240448,,,77.096,70.50701519228238,,,,
240451,,,,,,,82.56,60.050016532295444
240452,,,,,,81.226,,
240453,,82.7,,,,,,
240458,,,70.91123163770077,81.92,,,,
240468,54.03800746442363,,,,,,75.274,57.32437253250364
240472,,71.27,,,50.22265586923153,,,
240473,,,,,71.916,,,
240475,,,,,,76.064,,
240481,,,72.91,60.13020303050207,,,,
240496,,77.11,,,,,,
240499,,,,,,,66.25083783755652,75.736
240500,,80.31,,,,,,
240501,,,,,74.584,,,
240503,,,,,,56.54689944425182,65.88804462179384,79.388
240507,80.92,,75.0112286137674,60.76487932042324,,,,
240513,,,74.23400000000001,58.01580757729366,,,,
240532,,,,,,,72.48,52.60930115701095
240535,71.32,,60.546759338627595,,,,,
240544,76.8,,,,,,63.94079840548067,
240572,49.89294281268032,,,,,,59.992109434892,72.696
240580,,,,,,,72.956,53.870155076088835
240583,,,72.2,49.95678933230873,61.225458564589445,,,
240587,,,,,74.064,,51.958148141536775,
240589,,,,,,76.902,,
240599,,,,,,71.412,,
240600,,,72.25399999999999,52.537509284980636,,,,
240603,,,72.118,50.69306298550542,52.31559568244915,,,
240604,,,,,70.918,,,
240605,,,64.34766451825752,75.26,,,,
240606,,,,,74.084,,,
240608,,73.68,,,,,,
240611,,,54.57471385207579,74.82,,,,
240628,,,74.95400000000001,53.70249033448959,,,,
240632,,,,,73.914,,,
240638,,,88.848,,,,,
240640,,80.74,,,,,,
240648,,,76.85,55.23445597036761,,,,
240652,,77.49,,,,,,
240653,,,62.51900520512132,76.26,,,,
240660,54.526008743160666,,60.84562460819474,,,,76.176,
240661,77.3,,,,,,57.31247283168406,
240663,,,,,,82.224,,
240669,,81.00654996021609,,79.66,,,,
240673,76.77,,,,,62.49077610777673,59.52902786873608,
240677,,,56.281647755916666,72.65,,,,
240679,85.43,,82.19754965846721,,,,,
240683,,,78.854,59.01925450935795,,,,
240685,,,68.9143198162681,76.49,,,,
240690,,,,,,65.56163569611569,82.94,62.576273039742304
240697,,,76.314,55.0138219668816,55.942648926604775,,,
240702,,,,,,80.764,,
240709,,,,,71.01547408057259,,83.456,
240710,,49.992800906935734,,49.8110008675156,73.176,,,
240715,,,,,,71.458,,
240716,,,,,81.428,,,
240725,,76.0,,53.982487007196845,,,,
240728,,79.33,,,,,,
240734,83.16,,75.83259895288893,,,,,
240740,61.524207019970206,,,,,,83.5,65.33217921204307
240743,,,,,,77.524,,
240744,80.32,,,,,62.376968456662354,64.30273256195026,
240753,,,,,,83.986,63.47058476686215,64.60353917718918
240756,50.497842548699374,,,,,,74.006,57.22996764549664
240773,,,,,75.24,,,
240777,,81.6,,,57.22065258738629,,,
240783,,,,,,78.56,,
240787,62.93062345445624,,,,,,81.99799999999999,61.674027307296384
240788,,,,,,73.358,,
240797,79.02,,,,,,66.55788924799093,
240798,,,74.644,67.74475063028878,,,,
240801,,,,,,76.622,,
240808,,,,,51.38867699609917,,73.492,51.908445134527135
240813,,,,,58.35203757131463,,74.592,
240814,,,,,,74.92,64.10369269927129,56.619849733942544
240826,,,,,73.336,,51.8424836761061,
240829,,,,,,73.292,64.29076137597565,56.146951765730705
240833,,,,,,79.606,,
240835,,77.13,,,,,,
240837,56.90077430726129,,78.116,,,,55.06289680268821,
240847,,,,,,77.568,,
240859,,78.67,,,,,,
240863,,,55.14373170805399,75.59,57.80841679741651,,,
240865,47.77121265602521,,,,,,71.784,53.00183913761758
240867,,67.99901201708971,,,73.956,,,
240891,71.27,,,,,,54.285628781974324,
240897,,73.18,,52.35659499132613,68.00863880115493,,,
240900,,82.56,,,,,,
240908,,76.38,,65.34040956117185,,,,
240912,,75.89,,,,,,
240915,,,,,81.416,,,
240916,,,79.51,60.188387653582254,,,,
240921,,,,,75.766,,,
240922,,,,,,73.836,,
240925,,,,,,,79.896,59.51926866606037
240926,,78.36,,,,,,
240938,66.90149125843877,,78.264,,,,57.64807781087635,
240941,,,,,,52.14843332524841,74.688,57.87796091771784
240943,,,,,,54.22013852603882,65.49864737557483,75.53
240944,,,,,,76.758,,
240947,,,,,82.884,,,
240950,87.57,,65.45005031155205,,,,66.8373807108041,
240953,,65.56364821251049,,,80.748,,,
240956,,,,,77.44800000000001,,,
240963,,,,,,78.674,,
240967,,,,,,70.678,,
240969,,,,,,79.934,,
240970,58.409931975884014,,79.55,,,,,
240974,77.75,,58.114370461568384,,,,60.027967162049194,
240976,,,,,79.488,,58.634541765725054,
240978,54.85948883101652,,,,,,58.59259193964243,72.066
240981,,,59.76278601439476,72.1,,,,
240982,,,60.18436476371005,77.19,,,,
240988,,84.68,,,,,,
240992,56.90650121024655,,71.70200781078198,78.03,,,,
240997,,73.3,,,,,,
241002,,,,,,,72.05035352897195,79.30799999999999
241004,,,79.206,,,,,
241005,,,,,,72.976,,
241007,,77.63,,,,,,
241010,,75.55,,,,,,
241025,55.45233536814454,,,,,78.73,56.488022849046004,
241026,57.797431443942024,,,,,,80.018,61.296561279046045
241031,,80.21000000000001,,,,,,
241038,,,,,,,72.15,
241039,,,,,74.12,,53.25017616022674,
241042,,,,80.34,,,,
241049,,,,,81.422,,,
241053,,,,,,73.624,,
241055,,,,,77.744,,,
241064,,77.62,,56.70717624535524,,,,
241070,,77.47,,,,,,
241075,,,,,,,77.676,56.242824470183365
241079,,,,75.13,52.22163480905828,,,
241084,,,,,,66.66226842921597,88.25,71.73039584423299
241085,,,77.522,57.19114614980922,,,,
241094,,,,,,,75.4,53.5660634831223
241095,83.59,,66.18796984340374,,,,,
241096,,,69.06925591365365,88.7,,,,
241120,,76.4,,,,,,
241130,,,,,,78.32,,
241131,,,,76.15,,,,
241150,,,62.7418259295595,61.05796270894394,76.686,,,
241157,,,,,75.974,,,
241159,,86.38,,,,,,
241160,,,60.052141447228045,73.25,,,,
241162,,,,,,,82.748,66.18204885395144
241168,65.63207633751801,,,,,,80.812,58.876410467376765
241171,,80.19,,,,,,
241172,,54.50957685721074,,73.89,,,,
241173,,,,,,79.064,,
241184,,,,,81.034,,,
241186,,,,,,,64.15978820516767,81.208
241187,,83.86,,,65.68698513720707,,,
241197,,79.52,,,,,,
241202,,,,,,78.424,,
241236,,,,,,69.16302545035448,84.544,66.30374504851757
241238,57.0184382053352,,79.188,,,,,
241239,,,,,,56.21728146736584,62.350570113952074,77.146
241244,,,,,76.80799999999999,,,
241245,,,,,,76.744,,
241266,,,,,,78.544,,
241269,,,,,74.428,,,
241277,,,,,,71.80199999999999,,
241299,,71.69,,,,,,
241318,,73.88,,,,,,
241328,,75.59,,,,,,
241335,69.44,,66.3687174789114,50.13994413984515,,,,
241344,,,,,,57.70797525477207,59.52200260167027,73.93
241379,53.53379163592718,,73.742,,,,57.205358657569604,
241389,,,,,,,81.538,62.460291544875126
241390,63.44466149093696,,73.04634379360262,,,,82.206,
241397,,59.542418075699175,,,73.414,,,
241409,,,,72.14,,,,
241411,,76.25,,,,,,
241412,,,,,,67.86675708939445,76.458,
241413,,,,,,70.964,,
241418,53.986580159281324,,77.148,,,,,
241419,,,79.786,58.8979659898826,,,,
241428,,,76.004,,56.07584069824842,60.23257137032249,,
241436,,84.0,,,64.39388275170056,,,
241445,,,,,78.478,,,
241452,,,,,,,74.64,54.52626450612701
241461,,,,,,65.10175543521962,70.17347216775512,87.098
241463,62.73602518651594,,,,,,80.32,63.2244983581206
241464,,84.98,,,,,,
241470,,,,,79.352,,,
241474,53.67225642163579,,,,,,77.45400000000001,57.54383446775397
241486,,73.00152009993322,,,88.57,,,
241487,60.15681501253551,,,,,78.128,63.37852902943781,
241489,,64.04935244313496,,79.32,,,,
241494,,83.1,,,,,,
241496,,,,,62.023756057631054,,82.606,
241499,,,,,,79.25800000000001,,
241505,,,,,72.926,,,
241507,,71.95,,,,,,
241508,84.88,,78.68024737670035,,,,,
241509,,,63.47435477123725,,84.53399999999999,,,
241522,,,,,,84.62,,
241523,,,,,,77.5,,
241534,,76.53999999999999,,,,,,
241536,64.35187942194851,,,,,75.95,60.858057004484905,
241538,,,,,79.062,,,
241543,,,,,74.242,,,
241552,,,48.813885859585135,,73.386,,52.119803595028245,
241568,60.288253142337304,,77.634,,,,60.66369447025749,
241578,,74.08,,,,,,
241585,,82.94,,,,,,
241588,55.112255373685485,,76.662,,,,,
241590,,76.7,,,,,,
241591,,,,,,79.58,,
241601,,,,,,,78.76,62.98245852669143
241602,60.12599434104318,,,,,,75.66689499383816,84.19200000000001
241607,,66.76930367850453,61.05513566327593,80.53999999999999,,,,
241619,,,,,,46.92735758630836,72.382,51.519277502766435
241628,,,,,,76.578,66.9433746507498,60.609691048986036
241629,,,,,78.19,,,
241637,,,66.8306042553749,87.62,,,,
241645,,,77.956,54.82183273079411,,,,
241646,68.63,,,,,67.06059327640777,,
241651,,,,,,89.97,,
241659,,,,,,72.55199999999999,,
241673,,,,,77.45,,,
241682,,,,,72.83,,,
241686,55.994801048354454,,,,,74.006,,
241688,,,,,70.55799999999999,,,
241689,,,,,,,76.482,
241692,,75.88,,,,,,
241693,,,,51.23500709608187,72.328,,,
241695,,,,,,,68.53632380499724,75.1
241696,,,,,79.066,,60.23024218842263,
241699,,72.56,,,,,,
241707,,,83.048,75.19484952790779,,,,
241708,,80.39,,,,,,
241710,,80.03999999999999,,,,,,
241711,,,73.212,55.36052131547496,56.560812309646124,,,
241721,,,,,,,76.5056897408333,88.568
241726,,,,,78.336,,,
241736,,82.32,,,,,,
241737,,75.96000000000001,,,70.83653661266902,,,
241771,62.12642803793749,,,,,63.751215089726664,80.24,
241775,,80.49000000000001,,,,,,
241783,,,67.57408218158761,78.7,,,,
241788,,,,,,83.684,,
241793,,,65.85505066214449,74.73,,,,
241809,,,,,75.694,,56.929670500825736,
241810,,77.88,,,,,,
241811,62.328879161980886,,73.98348568366086,,,,83.85,
241812,,75.44,,,,,,
241821,,,,,,80.438,,
241824,,79.27,,,,,,
241825,,,71.05,59.13571992849823,,,,
241828,,72.85,,,,,,
241833,,,68.48391273101214,78.21000000000001,,,,
241835,,,,,,76.504,,
241842,,,,,77.772,,,
241850,,,,,,87.68199999999999,,
241852,,,,,,,88.532,71.30364722548813
241854,,82.99000000000001,,,,,,
241855,,74.44,,,63.881026347848724,,,
241856,,,82.39,64.31764968494828,,,,
241861,,,,,76.812,,57.95115580671287,
241862,,75.26,,,,,,
241864,,74.19,,,,,,
241867,,,,,81.934,,63.45200584912797,
241875,,,,,78.124,,56.523509312027095,
241900,,,,75.89,,,,
241907,81.07,,,,,,72.67366271302669,65.71190629425881
241915,,,54.249189449720234,,,73.868,55.11288339568538,
241921,,,,,,74.778,,
241925,,,,,,,82.966,62.48669246534266
241927,,,76.254,61.10441612137399,,,,
241928,,,81.522,62.974440762633265,,,,
241929,,,,,77.08,,,
241930,,79.1,,,,,,
241932,,,,,73.564,,,
241937,56.5892388795695,,78.592,56.338131786187375,,,,
241938,,,76.74,56.71479408902409,56.3035208377312,,,
241941,,79.74,,,,,,
241953,,,77.924,56.531586668904,,,,
241960,,,,,,,74.466,53.44263403013823
241963,54.0586397095865,,72.22,,,,57.36488168439417,
241967,,,,,77.91,,55.27928129636599,
241969,,,,,,73.286,,
241982,,,74.93,58.093666048122564,53.44339119944427,,,
241985,82.13,,,,,,,
241992,78.64,,,,,,57.79847003208652,53.76760440162946
241993,,75.36,,,,,,
241995,,74.8,,,,,,
242000,,83.0,,,,,,
242002,,,,,,53.55515589152096,78.186,56.92993026472995
242003,,,,,72.65192007217118,,79.44,
242004,,,,,,62.455360917289966,62.546053510076995,80.656
242006,,,,,78.05199999999999,,61.475389636883214,
242019,,,,,,78.01,,
242021,,,76.062,54.42518108105971,,,,
242041,,,,,73.382,,54.1192369330406,
242045,,,76.878,54.577371390269185,,,,
242054,,,,,77.03999999999999,,,
242055,,,52.8231102099241,,77.69200000000001,,61.87704364803015,
242056,,,72.202,57.31800210917411,,,,
242062,,,73.542,55.766989287076136,,,,
242075,,,,,,81.882,,
242081,,,78.53399999999999,58.13042556891943,,,,
242085,,,72.03,61.79662655589428,,,,
242087,,,84.102,63.171539788114536,,,,
242090,76.9,,,,,,64.74503248636965,61.10477239957516
242092,,,,,,,75.974,56.81600578077929
242108,,73.36,,62.58525217556582,53.51871989136815,,,
242112,55.555572725352484,,,,,,78.408,60.46476295507449
242114,,,,70.05,54.125773636502736,,,
242117,,,,,,,78.656,61.28038629338904
242119,53.861781082850335,,,,,,67.31719211212415,76.908
242156,,,,,78.42,,,
242160,,77.17,,,,,,
242162,79.01,,,,,,74.59591906922593,
242166,,,,,,57.543998743941245,68.9101791963521,81.00399999999999
242181,,,,,78.01,,,
242182,,72.88,,,,,,
242183,,,,,,72.664,,
242187,80.97,,,,,,,
242195,,80.9,,,,,,
242199,,73.34,,52.4935797962075,52.03821594566441,,,
242201,,,84.594,70.93171756445565,,,,
242214,,,,77.93,,,,
242217,,,78.166,67.02701970907574,,,,
242223,,,,,,72.256,61.29857656535614,53.196885661598216
242230,,,51.92524045725284,73.34,,,,
242236,,76.58,,60.821135993169634,,,,
242238,,83.42,,72.10833903263358,,,,
242240,,,56.066101109968244,71.34,50.923736017763105,,,
242245,,,,,,,71.89,50.9722100749437
242250,54.55444217410557,,,,,78.098,,
242253,,,,,,73.798,,
242258,,,71.5,51.935763730347865,,,,
242263,,76.2,,,75.57229240448999,,,
242264,,75.67,,,54.288738929085895,,,
242265,,,,,,75.274,,
242267,,,,79.81,,,,
242268,,54.35813221659398,,,70.322,,,
242271,60.39398193980719,,77.072,,,,,
242276,,,,,,71.25200000000001,,
242279,,,80.162,71.71687404715567,,,,
242280,62.51430017570473,,82.508,,,,,
242287,,,,,80.89,,,
242291,,,,,,76.26,,
242294,,,63.8661178868054,75.62,,,,
242302,,,54.00497140735978,72.6,51.3085731434438,,,
242306,,,,,75.858,,,
242312,,,,,,73.932,,
242322,,,,,77.078,,60.58092462733775,
242325,,52.14596130482128,72.52799999999999,57.90383297341518,,,,
242332,56.41887955789072,,79.748,,,,,
242333,,,,,,76.968,,
242335,,,,,78.366,,58.67965947234766,
242342,60.07891137500968,,81.914,,,,62.38502012938592,
242350,,,76.968,,,,,
242358,,72.18,,,,,,
242359,,80.99,,,,,,
242362,,75.63,,,,,,
242366,,52.75324865409419,,49.8941677383637,70.632,,,
242369,64.46670976772303,,64.7170451717382,,,,78.8,
242374,,,,,,82.332,61.14971158537868,
242380,,,67.85161223483095,82.65,,,,
242381,,,60.05408556710537,76.28,,,,
242383,,76.14,,,,,,
242386,,79.3,,,,,,
242389,53.44983139384702,,,,,,74.548,55.53270674309667
242392,,81.22,,,,,,
242393,,,75.44,,57.97913580876333,,52.97566486005808,
242411,,,76.95400000000001,56.902560760380126,58.31502294441556,,,
242418,,,,,79.09,,,
242419,,,,,,48.60365471186326,64.30993898264988,74.80199999999999
242423,72.89,,64.90364030503267,,,,,
242426,,,,,,57.842810899360146,80.21000000000001,60.82000022366449
242429,,,,,79.036,,,
242434,83.96000000000001,,80.95151365713882,,,,,
242436,,,73.57,60.46256432761736,,,,
242444,84.49,,,,,,66.30332422286294,63.40870959393043
242453,,83.13,,,,,,
242458,,,,,,87.306,,
242482,,,,,76.342,,,
242485,,,,74.44,55.99915131348919,,,
242489,,,,,,,77.634,61.03359393244247
242492,,,,,,77.48400000000001,,
242494,,,,,,74.838,,
242500,,74.4,,,,,,
242503,,,75.23,,55.71445984173368,,55.130674145505886,
242506,,,,,77.54,,,
242509,73.5,,,,,,62.39899940765823,54.50532112594785
242513,73.78999999999999,,52.54838489264539,,,,54.489053198974716,
242515,,,,,,75.05799999999999,,
242516,,,,,,67.33658670503571,87.20400000000001,67.97149882407037
242525,,53.43183360967191,,76.81,,,,
242527,,77.44,,,,,,
242528,54.25961718645237,,,,,73.854,,
242530,,,,,,81.504,66.40538281742992,67.68232574841929
242531,,,76.642,61.4929126978587,,,,
242532,,74.4,,,,,,
242533,,76.23,,,,,,
242534,,,,80.82,64.12559407369457,,,
242541,,77.9,,,,,,
242542,,,,,77.97,,,
242547,,53.485435332158886,,53.62958003977704,72.77,,,
242548,,,74.412,53.2427655448055,,,,
242554,,,,,77.476,,,
242562,,74.01,,,,,,
242569,,80.82,,,,,,
242577,66.83650150430941,,60.46709022036746,,,,81.756,
242578,,82.34,,,,,,
242596,,77.7,,,70.58697145105747,,,
242600,,,71.176,,,,,
242602,,,,,81.516,,63.66064819695317,
242603,,77.85,,,,,,
242612,,,,,,,69.16255866029177,78.814
242619,,,,82.39,,,,
242623,,77.36,,,,,,
242624,,,,,75.346,,62.91501266142974,
242628,,,,,78.07,,59.43870778037212,
242629,,,,,77.584,,,
242633,,,80.772,74.29668774010887,,,,
242635,,82.09,,,,,,
242640,60.51703620886361,,77.05,,,,,
242641,,,,,85.35,,,
242643,,67.68684602526686,,72.48,,,,
242648,,,56.03021821242171,,78.436,,62.3324510400512,
242655,64.06027898555254,,66.73206217650018,,,,81.032,
242658,,,,,73.966,,,
242660,,80.9,,,,,,
242661,,,,,,70.374,,
242663,,81.5,,,,,,
242664,,,,,,,83.77,60.95041057748845
242672,,73.9,,,,,,
242678,,,,,,,72.882,
242690,,76.54,,,,,,
242698,52.20002928681546,,,,,,72.19800000000001,49.848705769790314
242712,,,,,77.412,,57.26289889764881,
242714,,,,,,62.317563046215284,75.726,54.98207773923951
242716,,,,,,74.116,,
242725,,,81.314,,,,,
242734,,72.56,,,,,,
242744,,61.804198748483984,,74.71000000000001,60.72385557193811,,,
242749,,,71.25292445323396,76.91,,,,
242751,,78.24,,,,,,
242753,53.12485072661921,,76.116,,,,,
242755,,,,,,75.572,66.2551029407249,60.696502661739174
242759,,53.25583120436448,,,73.346,,,
242764,,,,,,72.416,65.93239749154075,53.9150322315094
242769,,,,,76.522,,,
242787,,,72.05,52.557583176356545,,,,
242791,,,66.77213289416225,52.3156154958507,,,72.79599999999999,
242794,,,79.418,,,,,
242800,,,,54.552290145186674,77.128,,,
242816,75.74253518443768,,84.624,,,,,
242821,,,,,,,67.16908057105587,75.652
242826,,73.17,,,,,,
242835,,85.75,,63.42214809499037,,,,
242840,,73.13,,,,,,
242841,,,,,,,76.232,60.42086648028112
242850,,,,,76.75604513936247,,78.758,
242863,,,64.30944855780496,74.4,,,,
242893,,,,,,75.914,,
242906,,,,,72.98400000000001,,,
242907,,,,,78.906,,,
242908,,,,,,,80.548,62.84092111025485
242914,64.47866231889222,,,,,,82.548,62.302775077639026
242916,,,,,80.132,,,
242919,,76.56,,,,,,
242924,,,,,,,68.49179599033036,74.434
242946,,,,,,55.21086863949973,67.93940100010485,79.776
242958,,77.33,,,,,,
242964,,,,,,,79.75246458413379,87.894
242965,,,,,,77.94,,
242971,80.8,,,,,,68.18708991171786,68.40547907149936
242974,,,76.208,,56.069245457446144,,59.32278522730475,
242984,,,,,,,68.00214973939288,72.958
242997,,,,,,,81.078,62.253997890765646
242998,,,,,,80.08,,
243000,,,,,79.37,,61.91685358331874,
243001,76.8,,67.35523188963131,,,,,
243009,,81.88,,,,,,
243014,,,,,,64.63285763569169,76.67741343165272,88.854
243016,51.5039576120596,,,,,,65.27485331169882,73.604
243019,,65.79469473860854,,73.84,,,,
243023,,74.42653026676246,,75.88,,,,
243025,,75.81670033215286,,,75.52799999999999,,,
243032,,,,,,83.94,,
243034,,,,,,,81.76,65.00038102478868
243041,74.2,,,,,,65.37920750857711,56.81597421933063
243044,,,49.92343859812957,72.53,,,,
243045,,74.11,,,52.85988679491249,,,
243047,,,,,,78.576,,
243056,,,,,71.768,,,
243057,,,,,81.544,,,
243061,,,,,,54.556226308420904,75.99,56.44367399343978
243064,,,73.282,,,,,
243080,,,,,75.364,,,
243100,,,,,76.404,,,
243125,,,,,74.356,,,
243133,,63.758901581677605,,,81.156,,,
243134,,,,,,,80.816,61.614171349952514
243153,,71.34,,,67.24398706268983,,,
243154,,,,,,61.30634875130653,78.202,58.71275523965104
243155,,76.62,,,,,,
243163,,,,,,,71.762,49.42122673030924
243169,55.02999864665901,,,,,78.28,57.17636544830425,
243173,48.553618341842714,,72.874,,,,,
243175,,,56.53465764471132,57.47995394804799,,,72.262,
243185,,78.93,,,,,,
243200,,,,,,78.45,,
243203,,,,,,76.686,,
243205,,,,,,,75.96,54.93609401832492
243210,,49.94732338740141,,,73.48,,,
243220,,73.71000000000001,,,,,,
243222,,,67.61033098152794,80.53,,,,
243223,78.25,,71.28136684354233,58.18762616205922,,,,
243235,,,,,75.732,,,
243237,,,,,77.844,,,
243241,,86.36,,,,,,
243244,,76.39,,,,,,
243245,,,87.05199999999999,,,,,
243249,60.63830738176456,,80.148,,,,,
243252,,74.45,,,70.59577831325183,,,
243256,60.93929735325135,,81.22200000000001,,,,,
243271,,,52.12591687770812,73.47,,,,
243275,,76.56,,,,,,
243276,,,,,,46.82971387222797,71.882,51.45402369132461
243279,,,,,73.044,,,
243282,68.88111534796774,,,,,,83.292,60.27638246756437
243283,,,74.518,,,,,
243284,,73.85,,,,,,
243293,,,,,75.042,,,
243302,,,,,,72.03399999999999,,
243312,57.46269525078601,,73.60407204079706,,,,79.926,
243315,,,,,,77.252,,
243344,,73.02,,,,,,
243345,,70.24416774889927,,73.58,,,,
243347,,75.51,,53.631542894610895,,,,
243349,,,75.666,,,,,
243350,,,,,82.214,,,
243353,,,54.29027280897229,,78.194,,62.182184880494304,
243354,,,63.18953363429465,80.63,63.65885527294287,,,
243355,,,,,76.474,,61.493983246582346,
243360,71.63,,,,,64.39902116445207,57.755253082558994,
243371,,,,,,56.78903759886688,59.09381591313236,75.892
243378,51.227835543181044,,,,,72.26599999999999,50.30276152996583,
243386,,,,,,74.898,,
243388,,,,,79.374,,,
243390,,,,,,,76.458,58.73830445148295
243392,,,,,,,77.734,57.500224451956626
243398,,,,,74.02,,,
243401,,,,,,,76.876,60.08527348692732
243412,,74.56,58.29372805336438,64.77324205369531,,,,
243414,,,,,76.96000000000001,,,
243427,,,,,,71.75,,
243431,,77.53,,,,,,
243442,,77.46000000000001,,,,,,
243445,,,,,,77.30799999999999,,
243449,,77.59,,,,,,
243456,,,,,,81.626,,
243459,,,,,,71.25399999999999,,
243464,55.377480564203815,,66.42953294382758,,,,75.76599999999999,
243465,,75.67,,,,,,
243473,,,,,76.94800000000001,,,
243478,,,78.676,68.10062414207961,,,,
243481,,,,,80.52799999999999,,,
243491,57.17736172514863,,78.344,,,,,
243497,,79.03,,,,,,
243513,,74.92,,,,,,
243514,,,,,73.95400000000001,,,
243516,,,52.928783591839675,70.27,,,,
243520,,,77.184,75.15920940851719,,,,
243525,,,79.144,,,,,
243526,,,,,80.024,,,
243527,,,75.194,61.699664702784986,,,,
243528,,74.02,,,,,,
243530,,81.06,,,,,,
243532,54.39389154657453,,70.75,,,,54.257651078086525,
243534,,72.78999999999999,,,,,,
243537,,,,,,76.528,,
243539,55.10676914863748,,74.504,,,,52.596035146454106,
243545,,,,,,76.072,,
243549,,77.22,,,,,,
243551,62.68015108780851,,,,,,78.194,56.62190946260791
243558,,,,83.28,,,,
243559,,,,,,,83.544,64.9977494515597
243568,,77.59,,,,,,
243571,,76.9,,,,,,
243572,,,,,74.794,,,
243574,,,,,75.408,,,
243576,,,,,86.192,,,
243580,,,,,,86.898,,
243586,,,,,,85.408,,
243589,,,,,78.444,,,
243593,,,,,,,75.13351289742498,86.168
243595,,77.13,,70.58787267978123,,,,
243599,,75.44,,,,,,
243602,,,,,77.266,,,
243604,,,,,,,81.288,67.61355271467087
243606,,,,,81.77199999999999,,63.50353923000794,
243608,,,,,79.858,,61.27046289901861,
243612,,76.62,,,,,,
243613,,60.94465562915549,,74.37,,,,
243618,57.021734133768135,,74.37,,,,55.08625090701027,
243619,,,,,,63.20797209107598,76.874,56.493680879614175
243627,,,80.2192435775122,82.9,,,,
243628,,78.74,,,,,,
243630,,,,,,86.556,,
243631,,,82.928,68.85572298064557,,,,
243637,,,,,71.622,,50.071162868156584,
243639,,,,,,71.922,,
243640,,,69.81348752454761,54.08888680030596,77.524,,,
243643,72.17,,54.87978296395105,,,,51.63344114672541,
243646,69.46796798081334,,78.888,,,58.954767017445555,,
243657,,,66.93893893819073,81.96000000000001,,,,
243661,,77.83,,,,,,
243664,,,58.80961295026059,,,,60.592961498158495,73.872
243666,74.73,,55.195674115593306,,,,60.891435537811915,
243669,,,,,,,81.484,61.326967908315254
243672,,,,,75.646,,,
243673,,78.78999999999999,,58.66862531545351,,,,
243684,,,78.478,65.43301679773337,,,,
243686,62.01475486440839,,83.628,,,,,
243690,,,,,,,75.888,53.75930426483743
243702,,,,,83.636,,,
243715,,89.87,,,,,,
243731,79.65,,,,,,73.54655144636642,62.75290981535013
243738,,73.92,,,,,,
243756,,,,,77.958,,,
243764,71.56,,,,,,57.42232071923557,49.97681072386234
243765,,73.7,,,,,,
243767,,,72.366,62.45367465450748,,,,
243773,,,,,49.345990668527406,,71.52,
243780,73.98138446861863,,,,,,65.59220147282193,83.634
243787,,,,77.88,,,,
243788,64.73839024262426,,,,,,55.80212218259775,77.008
243789,49.546088529388,,,,,,63.55236750355054,73.382
243792,61.0246040903748,,,,,,81.602,61.070076540584985
243795,74.02,,,,,62.399898511965574,58.102566516016324,
243801,,,74.72,59.47141704974153,,,,
243807,,,72.238,,,,,
243812,65.98158002524616,,,,,,72.3283237685009,89.098
243817,,,,,,64.84442926501106,74.568,53.63105092759401
243824,,,,,76.9,,,
243828,59.24427975765778,,74.392,,,,,
243831,,,,,,71.25399999999999,,
243833,,76.16,,,,,,
243834,77.2,,,,,,68.241971515464,55.83589925531478
243838,,,,,,58.841760752910815,74.46,55.01843289376036
243840,,,,,72.896,,,
243841,49.57008679881602,,72.23,50.25089989770466,,,,
243842,,,,,60.08675692348017,,79.46,
243845,,,,,73.636,,60.56224818328437,
243849,53.10207582501091,,74.47200000000001,51.76769411273733,,,,
243854,,86.05,,,,,,
243860,,71.47,,,,,,
243866,,,,,73.564,,,
243867,,74.45,,,,,,
243869,,71.75,,,,,,
243870,,,77.178,64.3416103004346,,,,
243871,,,72.794,53.109129274747694,51.40125635581659,,,
243876,77.8,,57.33483533661389,,,,,
243881,52.244838257227094,,74.476,,,,,
243883,50.044602120631104,,,,,,60.12609388050273,72.984
243886,,76.73,,,68.98354290603643,,,
243887,,,54.25076307804953,,55.06721206488796,,77.834,
243891,,,73.58,,,,,
243894,,,63.64146954863868,74.86,,,,
243898,,,76.52799999999999,59.415884958669864,,,,
243904,75.15,,,,,,57.43999280688715,
243908,,80.78999999999999,,,,,,
243914,76.92,,64.5784537419529,,,,,
243918,,61.103726431846496,,72.92,,,,
243921,,54.49175834238657,,72.97,65.05270688649813,,,
243923,,83.01,,,,,,
243924,,58.30912486787651,,71.02,50.47764660662077,,,
243932,71.28999999999999,,,,,50.826556255295884,57.37322164766945,
243953,,,,,,,78.516,61.705039081646014
243959,,74.36,,,,,,
243960,,,,,,76.518,56.18774439052388,
243963,,,74.138,51.32749184779211,,,53.23525279946268,
243966,,,,,,75.49600000000001,,
243970,56.099420516677824,,,,,,60.83799850230849,77.734
243971,,,,,70.386,,,
243976,,84.37,,,,,,
243977,52.91842550848165,,,,,76.726,,
244000,,74.22,,,,,,
244014,72.53,,,,,,51.802080200095475,52.40063257479214
244022,,,,,,79.544,,
244024,75.38,,,,,,58.311452643228066,55.385352770359574
244027,,,71.71600000000001,63.91441119191788,,,,
244034,57.10148285450917,,,,,,76.322,
244040,,,,,,73.85,,
244046,,,,,,72.628,,
244050,,,60.712701176676866,79.89,,,,
244054,,,71.126,65.08981345214023,,,,
244056,,74.66,,,,,,
244067,,84.73,,,,,,
244068,,83.0,,,,,,
244076,52.95405543582862,,73.44200000000001,,,,,
244078,71.75999999999999,,,,,,,
244079,,72.78999999999999,,52.009224001658225,,,,
244081,,73.1,,52.98279480858811,,,,
244082,,,,,,75.456,58.70351294558011,55.92421979677739
244083,,,72.682,58.06750953399774,59.784734869106465,,,
244087,,,,,,,76.702,
244094,,,,,70.502,,,
244108,79.67,,67.45124240669024,,,,59.35626657975046,
244109,,,,,,,76.398,56.908797117039796
244110,55.57480510316964,,,,,75.386,52.119426632276465,
244112,77.28999999999999,,,,,61.63564357873946,,
244114,,69.78685067583642,,81.98,,,,
244131,,,,,75.112,,,
244133,,74.58,,,65.6327523522399,,,
244134,,,,,55.90560865658797,,74.514,
244135,,78.09,,,,,,
244143,,,,,,74.202,65.91587238223133,56.71737771546737
244147,75.31,,,,,,63.7461108275112,55.3215166922551
244154,,,,,,,76.74,58.95918688208589
244160,,77.03999999999999,,,,,,
244167,,,50.65855561839891,,64.86596845097719,,73.492,
244176,,,,,,85.6,,
244181,,,,,76.32,,,
244185,,,,,,76.36,,
244188,,,,,,,74.316,
244190,,74.89,,,,,,
244192,,76.67,,,,,,
244193,,,,,,55.562982596786604,66.20768748341908,78.092
244196,,,,,72.93,,,
244197,,,,,64.95937950897296,,79.86,
244204,,77.85,,,,,,
244205,,,,,,81.792,59.954339956773914,
244206,,82.86,,,,,,
244213,57.26708901649286,,,,,,75.56,55.616490197760044
244224,,,58.94504928832443,76.16,,,,
244233,,,,,,77.386,,
244234,,,,,,,76.606,55.11876889722847
244238,,82.95,,,,,,
244240,,75.76,,,,,,
244250,,,,,,76.594,,
244252,,73.3,,,,,,
244257,,,,,,86.412,,
244260,87.83,,,,,,,
244261,73.87099475695376,,84.608,,,,64.67402718925501,
244263,,86.72999999999999,,,,,,
244269,,80.2,,,,,,
244270,,,75.48761910388261,81.07,,,,
244272,,74.69,,60.488321124909945,,,,
244277,,74.39,,,,,,
244280,,,59.120953055724726,71.98,48.64881210455997,,,
244287,,,,,79.376,,62.865527037498936,
244288,,,,,,80.988,,
244296,,,,,,78.65,,
244305,,74.59,,,55.19487983047401,,,
244309,82.15,,68.18531416861539,67.67930135974389,,,,
244318,,,68.87265703608327,60.52419149785295,,,79.6,
244319,,,,,,78.474,,
244322,,,71.356,,,,58.951282245632164,
244349,,81.51,,,,,,
244369,63.64164477925662,,,,,,84.27799999999999,64.0349109690268
244373,80.82,,73.10860116357446,,,,,
244374,62.158661007624126,,83.604,,,,,
244377,,80.63,,,,,,
244380,,,,,82.456,,,
244390,,,,,,81.56,64.78981691374173,
244391,,,,,,79.17681522856869,,82.962
244393,,,78.94,64.18812983828096,,,,
244394,,74.17,,,,,,
244399,,,75.75246385347761,80.74,,,,
244407,,,,81.27,,,,
244413,,55.07885708841098,,,75.834,,,
244416,79.37,,68.43802531381453,,,,58.9907580158126,
244435,,,55.107459760936585,61.61209581153666,75.904,,,
244438,,,57.445188603498885,76.37,,,,
244456,,79.98,,,,,,
244460,,74.96000000000001,,53.08234877916074,,,,
244464,,,,,,57.022638812254385,76.958,55.46433155336197
244470,,,,,76.922,,,
244471,,,,,76.578,,,
244472,,,68.1479386108206,80.91,,,,
244474,,,55.171265181598095,75.38,,,,
244480,,,,82.08,,,,
244486,,,,,79.334,,57.444931881445704,
244490,,76.42,,,54.31032347800701,,,
244491,,76.36,,,,,,
244497,,,,,74.09,,54.39477221098398,
244511,,,72.4,53.96049575588643,,,,
244513,,,,,,,79.512,64.17772548334332
244517,,,79.166,56.58438408695436,,,,
244522,54.46204804535557,,74.314,,,,59.53834143478205,
244542,,54.91846325941829,,77.48,66.09049324339331,,,
244550,74.07,,,,,,68.00789502888233,55.02900666600948
244559,,,,,,,75.422,55.0900958912096
244565,,,55.864459321243686,75.75,59.00790236337888,,,
244576,,76.53999999999999,,,,,,
244591,,,,,81.76599999999999,,,
244592,,,,,,,68.5403949446919,75.732
244599,,,,,76.082,,55.19438292377022,
244601,,,,,,76.29599999999999,,
244603,,80.53999999999999,,,,,,
244622,,,,,,83.18,,
244626,,,,,,74.402,,
244634,,,79.708,57.9766693424228,,,,
244653,,,72.574,,,,,
244655,69.85,,48.32670508380937,,,,64.5907331709827,
244669,,,71.55171971319805,87.33,,,,
244672,,,76.334,,,,58.694721909066935,
244674,,77.45,,,,,,
244675,87.26,,67.91631182205441,,,68.4976658154838,,
244680,,,75.57,52.065300749059006,,,,
244685,,,,,,80.246,,
244692,,,57.58279430987496,76.08,,,,
244694,,,,,,77.504,63.62664860795729,63.974013111517394
244706,,,,,,79.28999999999999,,
244709,,73.3353636080981,,76.15,,,,
244715,52.09051177376579,,71.304,,,,,
244717,,,,,80.93,,,
244723,,,,,,80.566,,
244725,,,64.13492230813945,76.71000000000001,,,,
244728,82.92,,,,,80.09014679487255,,
244731,,,,,,73.844,,
244736,50.19574803720457,,74.83,,,,,
244749,,85.81,,,,,,
244757,,,,,75.424,,,
244762,,,,,,72.792,,
244767,,,,,,,83.02799999999999,66.18488923374034
244778,86.08,,,,,,66.54707401366748,65.8648731637753
244780,,,,,75.654,,,
244783,,,73.874,59.93555604719883,,,,
244787,,,,,77.19800000000001,,,
244788,,,81.402,59.75063275573129,,,,
244791,,,82.7,60.992639653474995,,,,
244793,,,,,,83.05799999999999,,
244795,,,,,77.576,,,
244796,52.91909684026006,,76.084,,,,,
244797,,,,,,82.328,,
244799,,76.82,,,,,,
244800,,,,,78.098,,,
244824,,,74.786,,,,,
244825,,,,,,,78.04599999999999,57.40542152831347
244836,,,76.886,,,60.91200749791158,,
244837,,,,,73.116,,,
244842,,,,,,,71.978,54.514618571378044
244843,75.24,,,,,,68.28356030067802,55.27366700464337
244853,57.561513352645484,,,,,74.154,64.6191918483868,
244859,,75.81,,55.65557794168712,,,,
244863,76.03,,,,,,62.1374076124467,
244869,,,,,74.53,,,
244870,,,,,78.718,,,
244871,74.21000000000001,,,,,,68.06145789572014,57.62248473859344
244874,57.458569481283405,,79.92,,,,59.689481584247396,
244884,54.8595467426621,,,,,,77.9,57.08187324302679
244889,,,63.70555288254769,82.73,,,,
244891,,76.34,,,,,,
244892,62.86989760951919,,,,,,72.05258720537518,82.244
244895,,,64.91337630585717,80.28,,,,
244902,,,,,,,75.87,55.41133431757987
244915,,82.84,,,,,,
244919,,75.61,,,,,,
244938,,78.08,,,,,,
244940,,,,,74.568,,,
244941,,,77.7,57.2563633327203,,,,
244942,,,,,,74.21600000000001,,
244944,,74.16,,,,,,
244946,,,,,78.05,,,
244947,,,,,,78.26,,
244948,,62.98169919484821,,79.61,,,,
244949,,,,,,80.232,,
244950,,81.41,,,,,,
244963,,75.62,,,,,,
244984,,72.31,,,,,,
245017,,,53.392735546850616,75.57,56.59875110700008,,,
245018,,78.89,,,,,,
245020,,,,,,,75.646,57.587523638537846
245021,,75.32,,67.71650046781474,,,,
245022,,76.43,,,,,,
245035,,,,79.93,71.63188910469577,,,
245037,,84.05,,66.17265773449373,,,,
245039,71.78,,,,,,69.17151611589135,53.88844810169523
245040,,78.26,,,,,,
245041,,78.82,,,,,,
245042,,,55.35342678425751,,74.548,,54.44726896946384,
245054,81.21000000000001,,63.1388469231538,,,,65.06380266416122,
245058,79.85,,74.80798288004318,,,,,
245059,,72.7,,,,,,
245061,,,69.49102214323945,77.14,,,,
245070,,72.8,,,,,,
245079,,,,,,75.608,,
245084,,,,,74.444,,,
245091,,78.02,,,,,,
245097,,,78.504,,,,,
245122,,,,,,73.078,,
245131,,,,,,,79.8,63.139140352286155
245132,,82.09,,,,,,
245138,59.653894110641254,,80.492,,,59.698850296222616,,
245149,,,,,,76.062,,
245152,,,,,,84.242,,
245153,,76.44,,,,,,
245155,,,,,,,77.46279136433584,86.164
245157,60.47787531455399,,,,,64.29999457231938,77.986,
245158,,,,,,82.814,,
245165,,55.818035084761796,,,74.68,,,
245174,,,,,,72.75999999999999,,
245209,,,,82.44,,,,
245211,,67.35379142384707,,,80.912,,,
245212,,,,,,74.672,,
245215,,,,,,76.362,,
245218,,,,,,74.986,54.07448505109735,
245231,75.77,,,,,,61.502813448720644,59.101035903550766
245233,,76.47,,,,,,
245235,,,,,84.548,,,
245238,,79.46000000000001,,,,,,
245240,,,,,,78.378,,
245247,,,,,61.039359396849115,,78.294,
245249,50.852363641029456,,74.98400000000001,,,,,
245252,,77.46000000000001,,,,,,
245253,,,81.334,61.63050647645858,,,,
245261,64.44879209336273,,76.524,,,,57.74869702627763,
245264,,,,,,76.008,,
245268,,,,,75.41,,56.63044836048201,
245270,,,,,75.044,,,
245275,,58.614175557440404,78.30199999999999,67.98341179164028,,,,
245286,,,68.52220281140382,75.0,,,,
245287,,,,,75.524,,,
245290,,78.98,,,,,,
245319,,,77.144,59.06885227593876,,,,
245331,,,,,,74.748,,
245332,,,75.482,55.485943235154636,,,,
245336,,82.71000000000001,,,,,,
245337,,,,,,73.59,,
245338,,,77.26,,,,,
245340,74.67,,63.62183791912524,,,,53.27722074505534,
245341,75.32,,62.77872049966925,,,,,
245347,,78.91,,,,,,
245355,,74.61,,,,,,
245357,62.336929494660254,,,,,,58.61704173675697,76.774
245364,55.64900783806384,,,,,,59.58314091029317,75.72200000000001
245367,87.0,,65.84212745655475,,,,,
245368,,,,,,77.18,,
245371,84.27,,61.47539853983865,,,,62.726467275953546,
245374,69.53,,57.63422682701553,54.1163932115335,,,,
245384,,,,,,74.944,,
245388,,83.76,,,,,,
245392,76.69,,,,,,59.518200543594865,
245404,,,,,,70.69,59.80754027453272,53.801594063481545
245410,,80.33,,,,,,
245414,,,,,77.76599999999999,,,
245426,,83.28999999999999,,,,,,
245428,,,,,76.884,,,
245438,,,,,,73.44,,
245439,,77.76,,,54.86433944350436,,,
245461,58.9576392269454,,,,,81.416,61.19928926584518,
245491,,,,,77.15024011697528,,76.946,
245499,,73.62,,,,,,
245501,,,,,,74.132,,
245518,,,,,72.978,,67.46801847602859,51.118393489556
245528,,,,,,73.29599999999999,,
245531,,,,74.24,63.13707093075361,,,
245532,,,,,,78.232,,
245537,,,,,,,63.328966791165854,76.80799999999999
245538,,,,,,81.13,,
245539,,,,,,71.14,53.53187760993491,
245540,,80.17,,,,,,
245541,70.65499200348694,,,,,,80.13,59.094468514416675
245543,55.25732482506077,,74.274,,,61.45653284121766,,
245560,,75.23,,,,,,
245563,,,,,,78.746,,
245565,,,,,,63.24266806278508,56.56444823197854,76.9
245566,,77.05,,,,,,
245582,,,,,,78.88,,
245597,,,,,82.936,,,
245598,,,68.19082985135086,77.75,,,,
245622,,,,,,80.506,,
245628,,80.66,,,,,,
245630,,,65.64699879337999,85.83,,,,
245637,82.47,,,,,60.63367982064198,65.91338086270069,
245652,,,,,,77.95,,
245684,,,,,71.18,,,
245685,53.30558389505762,,68.65014400231586,,,73.876,,
245694,,,,,,68.29290112193186,79.436,60.62685208728843
245704,,,,,72.922,,,
245708,69.73,,,,,,55.843812199785006,52.29468596139589
245710,,77.06,,,,,,
245715,,,58.15288617032228,56.32201849451356,78.15,,,
245716,,,,,,81.132,,
245717,,,,,,63.673364209090124,75.096,
245719,,72.74,,,,,,
245722,,75.67,,,,,,
245729,,55.873394250780876,,,77.868,,,
245741,,,,,,,81.418,65.29693316438141
245749,,,,,,73.78,,
245750,,75.48,,,,,,
245751,,79.32,,,,,,
245760,,74.08,,,,,,
245761,,,75.874,53.551391968176134,,,,
245762,,,,,,75.82307085559046,76.602,
245766,,,,,,76.63,,
245769,,72.7,53.4060995994505,64.64974861257149,,,,
245770,,,,,,78.112,,
245779,,74.5,,,,,,
245784,,,,,71.886,,,
245812,,,,,,72.418,,
245848,,79.17,,,,,,
245849,,74.99,,,,,,
245855,58.3349921301791,,77.84,,,,,
245856,,,,,,75.496,,
245863,,,,,79.14,,,
245867,,,73.076,50.33001498188289,,,,
245870,,,,,,,79.648,61.154027640910506
245893,52.830992450600256,,73.904,,,,61.7845527355256,
245894,53.93002095392105,,,,,,75.586,58.13205026665645
245900,,76.64,,,,,,
245902,,,,,,80.252,,
245903,,,59.93044896632575,73.14,54.32376217859178,,,
245940,,,,,,60.93511998092308,80.248,
245977,,,,,,59.393190901773224,65.74767691402403,83.246
245981,,,75.82,66.54549624975586,,,,
245986,54.286507371257386,,74.832,,,,55.47276989265582,
245988,,,58.16745596845409,76.23,,,,
245992,,,80.69200000000001,68.09955763669763,,,,
245999,,,,,,77.004,58.72160289281506,
246005,,,,,72.49799999999999,,,
246006,,,56.9760885415392,79.51,,,,
246007,,,61.564649220113296,76.93,,,,
246009,,,,,,,77.12,57.66343410512372
246011,,,,,,,76.842,55.46309488687741
246013,57.75154291265192,,77.966,,,,55.14463535504704,
246014,,,,,78.554,,,
246015,,75.67,,,,,,
246018,72.64,,60.58129927480671,,,,,
246033,,82.42,,66.36603807388964,,,,
246043,,,,,72.632,,,
246044,,,,,,58.582077171491584,80.8,62.33512446111355
246045,,,,,,58.505285063040475,80.5,61.06252001640801
246047,,61.59647772915924,,73.89,53.179202458078386,,,
246048,,77.1,,,,,,
246053,57.46204670572856,,,,,76.98,61.851106987334376,
246054,,,72.58,,,,,
246055,,,,,73.55854374802185,,82.218,
246057,,,77.276,58.798451159135205,,,,
246063,,,63.84037063452667,76.99,56.003969004071074,,,
246068,,,,,64.15716735836898,,73.202,
246074,,,,,,,75.55199999999999,
246079,,73.88,,,,,,
246093,,,,,,79.838,,
246094,,,,,,70.956,56.67447805496841,
246096,,,,,,70.788,56.545047322449456,
246097,,76.44,53.35247073305461,69.87092162163775,,,,
246099,53.907290573075564,,76.2,,,,,
246100,,,75.038,56.95189807028785,,,,
246104,,,77.59367405512923,88.45,,,,
246106,,,,,77.996,,,
246107,77.89,,,,,,55.24119742414994,
246108,,,,,,75.218,,
246112,53.139650742348216,,,,,,75.812,59.820901099756654
246113,,,,,82.434,,65.20133082222497,
246118,,,,,75.438,,,
246126,,,,,72.46000000000001,,,
246127,,,,76.52,54.52702017236187,,,
246136,,,71.272,,,,,
246137,,,,,76.52799999999999,,,
246145,58.8720107861801,,,,,,79.36,61.085726110736694
246147,68.51075427830015,,,,,66.97334435226543,85.86,
246151,,,,,,73.886,,
246155,,,,,77.238,,,
246157,,78.24,,,,,,
246159,,,,,77.47,,,
246164,,76.62,,,,,,
246168,55.74483163196678,,75.944,,,,54.589842954441416,
246169,77.71,,70.65632949827159,,,,,
246170,,,,,,,61.004117824872466,74.78999999999999
246172,,,,,,,76.11198915981825,85.944
246174,83.64,,,,,,67.64702366924601,
246175,,,,,,72.106,,
246184,,,56.967665470275634,72.4,,,,
246185,,,,,67.24433845836076,,73.958,
246191,71.08205707479448,,,,,89.354,,
246195,,,,,73.156,,,
246228,71.11,,,,,,61.60764367689667,51.350009442068306
246230,,,,,,63.10660923410296,76.322,
246237,75.77,,,,,61.45066564307564,,
246242,,,,,,84.816,,
246243,,58.87098631146799,,73.88,,,,
246249,,,,,73.436,,,
246258,79.94,,,,,78.80359069590611,,
246263,,,,,77.322,,,
246264,,73.23,,,,,,
246276,,,,,,,77.27799999999999,63.024020426387466
246284,,,,,77.754,,,
246289,,,,,,,73.45381139385316,80.874
246291,,,,,75.504,,,
246296,,,,,,74.74,,
246297,82.03999999999999,,68.58942823138057,,,,,
246298,,77.242961470771,,77.81,,,,
246299,,54.911167065644754,,74.81,,,,
246300,,77.21000000000001,,,52.00405434357928,,,
246301,,,75.524,68.70545030843884,,,,
246310,,,74.556,52.77719128688451,,,,
246321,,,,,,83.147137751828,,85.77799999999999
246329,,,,,,74.372,57.28981773341407,53.32562835996811
246335,,,,79.25,57.95466333840873,,,
246336,73.48,,,,,,55.461350630788786,51.72074419366592
246345,,73.21000000000001,,,,,,
246349,,,,,,,74.28999999999999,56.954740591854204
246350,63.56828013364803,,81.852,,,,,
246351,,,,,72.27418859808392,,80.298,
246352,,,77.79599999999999,74.72299154386188,,,,
246390,,,,,76.244,,,
246392,,75.53,,53.619982375630656,55.686164440956155,,,
246396,73.16,,50.84937581028703,,,,54.00342874340449,
246402,,,79.762,67.99251707583957,,,,
246406,,76.95,,,,,,
246419,75.35236435977764,,79.436,,,,,
246420,,,,,,,75.29031323947439,86.34800000000001
246423,,,,,,,80.63,62.46499818922175
246430,,,,,,87.172,,
246431,,,,,,,81.102,63.484373939531785
246434,,,58.02463858583918,79.66,64.13472205308231,,,
246444,,56.21722745214914,61.70936278388815,78.82,,,,
246455,,73.78999999999999,,,,,,
246457,,,,,,60.407030820796734,78.108,59.96059634214369
246459,,,,,,55.164570888452936,80.434,64.27812293999666
246469,,,,,,,80.74,59.78711315019924
246471,,,,,,78.038,,
246548,,,,,,,82.24,62.08285209675257
246549,,,71.212,64.51324542781695,,,,
246550,,,,78.44,,,,
246560,,,,,,74.836,,
246561,,78.54,,,,,,
246562,,,57.87324913187735,,58.19094096770768,,79.936,
246563,,77.94,,,,,,
246565,,84.83,,,,,,
246591,,,70.846,68.92358768645566,,,,
246592,,,75.88,58.89283641634274,,,,
246594,,,,78.92,,,,
246604,,,,,,75.616,,
246606,,,,,84.83,,,
246609,,,74.248,58.81337021589384,,,,
246617,52.99316472672583,,75.11,,57.88651484173323,,,
246618,,,,,,82.694,,
246646,,,82.666,75.8018065442896,,,,
246647,,,72.142,55.617876379956286,,,,
246649,74.74,,,,,55.17375939906061,,
246654,,76.46000000000001,,,,,,
246656,,,,,80.424,,59.12467498529099,
246666,,,,,73.812,,,
246669,,,,,,,82.87423778188716,90.088
246672,,,,,,,82.69,66.75721820090018
246679,,80.09,,,74.34849669489014,,,
246680,,,,,70.606,,,
246681,,,75.404,62.987462588834624,,,,
246682,,,,,,,78.316,59.57640234801617
246683,,,64.45243747716985,81.03,,,,
246685,,,,,82.69200000000001,,,
246688,,,,,81.474,,,
246695,,78.93,,,,,,
246696,,80.51,,,,,,
246708,59.709063026716066,,,,,79.55,67.33004038324538,
246713,,,51.44419177234998,,64.75288145374925,,75.772,
246723,,74.55,,,70.74538254106382,,,
246728,,,,,,78.674,,
246729,,,,,,75.734,66.47188736509605,61.307036818463864
246748,,,,,80.63,,,
246757,,,,75.35,65.17020395243878,,,
246762,58.028036922980945,,,,,79.58,60.62419395845226,
246763,,,,,80.296,,,
246770,79.83,,,,,,68.32749453596143,63.919972745072855
246777,,,,,,,75.752,53.33147892032619
246785,,,,,,,82.532,69.55394420867928
246787,57.88414274733927,,,,,,73.756,55.60560959667721
246788,56.06387222783992,,56.47286008236964,,,,73.416,
246789,,,73.132,,,,,
246790,,,,,,,76.328,56.04903380782383
246791,59.96697246320769,,,,,,82.366,64.1839031683862
246800,,,,,66.42778057444862,,81.236,
246803,,,,,78.806,,,
246804,,,72.214,59.67400729384388,,,,
246809,,,56.13956923960997,77.14,,,,
246814,,,80.362,,,,,
246816,55.74977724871368,,73.71000000000001,,,,,
246817,,79.16,,63.72875130316804,,,,
246826,,81.67,,,,,,
246827,,,,,,67.15077624671977,56.56953019259311,77.658
246832,,,,,,76.918,,
246836,,81.49000000000001,,,,,,
246840,,60.5310526449978,,,75.056,,,
246845,,,,,,74.936,66.48233596027183,57.102964937537045
246846,,55.13581338113922,73.126,60.76725222582915,,,,
246847,,,56.13039247037543,,56.03122455378555,,77.246,
246849,,,,,78.636,,61.3496457278876,
246858,,,,,72.25399999999999,,,
246860,,,72.572,,,,,
246863,,73.33143930965737,66.15312928202826,85.72,,,,
246871,,,81.55799999999999,67.4043809259885,,,,
246872,,75.07050132989289,,74.78,,,,
246873,,78.6,,,,,,
246874,,,72.474,53.081914159191676,,,,
246875,,85.12,,,,,,
246877,80.4,,,,,,,
246885,,,79.978,60.840841647515674,,,,
246910,,,61.77779212219099,,52.2642450540534,,74.258,
246911,,74.42,,65.69200728281186,,,,
246914,,68.18573104578032,,,78.67,,,
246918,,,77.22200000000001,65.62779647546895,58.057476539057944,,,
246919,,,,,,79.176,,
246920,,,70.082,49.87929981992639,,,48.80738585020457,
246923,64.23572178658803,,64.38983162370336,,,,83.008,
246928,,,83.014,,,,,
246937,,,,,,53.40882397463859,78.596,58.49282769404395
246946,,,74.702,56.36582982366499,,,,
246947,,,54.50686234713366,77.53,,,,
246950,,73.03,,,,,,
246954,70.41,,,,,57.995695348283824,53.21825012890038,
246959,,,,,66.50940680647199,,77.056,
246960,78.63,,,,,,58.9093419911468,54.69701698773592
246974,,,,,75.80199999999999,,,
246991,,81.0,,,,,,
247001,,,,,75.348,,63.053772836123954,
247009,,,,,78.996,,56.88040982102391,
247013,,75.14,,,,,,
247019,,80.87,,,,,,
247025,77.72,,,,,,63.244883430951106,58.559508085888496
247026,,,80.492,58.00802123728304,,,,
247027,,,,,74.68849282544811,,75.998,
247028,,,80.66,69.88206548089688,59.192142604997464,,,
247030,58.38099682232985,,80.932,,,,,
247031,,76.19,,,,,,
247034,,56.081417664128026,,,71.52199999999999,,,
247037,,,65.28230212554479,,73.27799999999999,,,
247038,,71.87,,67.52004732894292,,,,
247040,,,,,76.922,,,
247041,,,,,76.81738133098051,,76.63,
247042,,74.04,,,,,,
247050,81.95,,,,,,62.923106276410095,62.47792746663593
247060,,,,77.7,,,,
247073,,73.34,,,55.597202733814754,,,
247076,,,,78.56,,,,
247084,,,,,,,74.6,
247085,,,70.816,56.10029054370114,,,,
247086,53.624296571308506,,,,,,76.406,
247089,,,,,75.708,,,
247090,,,88.432,,,,,
247093,,,58.77809685928801,78.64,,,,
247103,,86.91,,,,,,
247107,,,,,,61.54688268644552,72.544,53.69529453469412
247120,,,,,,,76.446,56.72273146791913
247122,,,,,,80.252,,
247124,,,,,79.432,,,
247125,,,,,72.262,,,
247131,,,,,81.38,,,
247138,,,,,,80.884,,
247140,,,72.794,57.542745109830776,,,,
247143,,,,,,80.252,,
247150,,,,,77.66,,57.12835178100984,
247156,,,,,79.626,,,
247172,,,,,,84.282,,
247179,,,64.26361166681897,70.25,,,,
247180,,,,,71.78,,,
247185,,,62.256015209692535,73.51,,,,
247187,,,,,,74.412,,
247195,52.20085732412835,,53.0305378980842,,,,74.55,
247197,,,,,76.446,,,
247203,,,,,76.33,,,
247209,,,,,,,76.28,58.593828348756006
247229,,,,,76.67228407547405,,83.872,
247240,,,,,72.836,,,
247241,,73.28999999999999,,,,,,
247245,53.384087284657085,,52.41338458433853,,,,74.124,
247246,,,85.322,69.92907891823812,,,,
247248,,79.14,,,,,,
247249,,,,,,81.858,,
247257,,87.46000000000001,,,,,,
247258,,,70.59062043408213,77.83,,,,
247263,,86.15,,64.29578862433564,,,,
247264,,75.78,,55.79621401524289,,,,
247278,,,,,75.24600000000001,,,
247279,,,,,,76.936,,
247286,,,,,,,75.164,57.126869231782976
247288,,60.26242159211354,,74.36,,,,
247308,,,,,74.67,,,
247309,,73.44,,,67.49740539315096,,,
247310,59.7528252318551,,73.392,,,,55.18600527273761,
247328,,,65.60664007498755,78.05,,,,
247330,,,,,75.486,,,
247333,58.756723985698144,,,,,,64.38944555620112,77.572
247335,,,,,,78.70400000000001,,
247336,,,74.114,59.23941287976099,,,,
247350,,75.75,,,,,,
247354,,,,,,60.600606125325974,72.936,56.705088870987524
247356,,54.0629974667783,,,72.566,,,
247360,,78.31,,,61.001379864402,,,
247361,79.5,,57.844750560062735,,,,65.23790401949834,
247368,,,,,77.626,,,
247369,,,62.0853771895764,78.24,,,,
247376,,74.39,,,,,,
247385,,,,,76.076,,,
247394,72.83314030860998,,87.97,,,,72.48908268514579,
247395,,79.6,,,,,,
247400,,,74.78,63.65301988536667,,,,
247407,,76.82,,,,,,
247409,,73.25,,,,,,
247412,,77.74,,,65.78071066468871,,,
247423,,,,,,,75.61,58.71254307764653
247447,58.01798722633247,,,,,,82.834,62.313379499532005
247458,,,,,64.65733096449283,,79.176,
247459,,78.62,,,,,,
247463,,,,,,82.806,,
247466,,76.44,,,,,,
247471,58.84634745985369,,60.88996925810518,,,73.956,,
247474,,,,,71.69,,,
247476,,,74.156,62.14376581872571,,,,
247490,,72.45,,,,,,
247495,,,82.688,63.1740407305271,,,,
247497,,79.7,,,,,,
247500,,78.35,,67.77117476896461,,,,
247509,,,,76.1,,,,
247518,,66.82494571215054,,,70.812,,,
247519,,,,,,73.092,55.18621444851028,54.66776849611936
247528,,69.35169154997122,,,73.95400000000001,,,
247533,,,,,72.428,,,
247534,,,,,,,76.638,57.34012908299467
247539,,,,,,77.08,,
247557,70.45,,,,,,,
247582,,,76.526,63.61121378212667,,,,
247599,,,71.04455047482114,77.59,,,,
247601,,71.39,,,,,,
247612,,,,,,,73.318,53.91568063918483
247623,,,,,75.37,,,
247635,78.88184325288903,,,,,,71.64822842673782,89.794
247640,,,,,,74.02799999999999,65.82115187861261,
247641,,,,,,,82.318,63.40071060039289
247643,,81.08,,,,,,
247648,,78.65,,56.262353688088155,,,,
247649,,84.57,,,,,,
247658,74.96000000000001,,53.71232986750799,,,,55.52107089353363,
247667,,49.16751305123026,,,71.688,,,
247668,,,,,,,75.162,54.96615782092748
247674,,,,,,,65.29693345801131,78.09
247677,50.86365663147952,,72.928,,,,,
247678,,,,,80.424,,,
247679,,,,,,86.518,,
247680,,,,,,71.438,,
247686,,,,,,77.53999999999999,,
247689,,73.5,,,,,,
247721,,,74.752,52.78980487276608,,,,
247722,71.13,,,,,,65.37073410601897,55.15873734065003
247729,80.99,,76.3078758429012,59.33764577017417,,,,
247731,,,62.73733772813027,72.88,,,,
247741,,,,,72.69,,,
247748,58.36318220299101,,74.652,,,,58.30642464954351,
247754,,77.17,,,,,,
247764,,,,,73.668,,,
247771,,,58.04107768869987,,78.214,,57.53511028211477,
247782,,,,,75.572,,,
247819,,88.89,,,,,,
247821,,,73.77799999999999,53.12683406531178,,,,
247827,84.4460901371508,,,,,,88.62,
247832,,,,,82.508,,,
247834,,,,,,70.436,50.91307324326883,53.07417404010985
247836,,,,,70.10667663718957,,72.282,
247844,,,76.178,,,,,
247851,,,89.364,71.53220882720564,,,,
247861,,,80.748,,,,,
247874,,,,,,,75.15,65.06367772427217
247881,,,,,76.702,,,
247883,,,,,73.642,,,
247887,,,,,,57.56451531397348,58.37954073023728,77.018
247888,,,,,,80.482,65.0170335744904,64.06355379341447
247890,,,,,,54.467290135964625,73.726,52.21771824432352
247913,,54.85163421066881,,,74.208,,,
247931,,76.6,,,,,,
247941,,,,,,77.08,,
247950,,61.58230849147539,,74.11,54.36411948037139,,,
247955,,,,,,63.29123320572545,78.128,57.6396024399914
247962,,72.61,,,,,,
247963,,73.74,,,,,,
247968,,,,,76.55199999999999,,,
247972,59.398346988661615,,80.386,,,,60.378906193357025,
247974,,,67.66239713478117,75.83,,,,
247978,,77.1,,,,,,
247985,,,67.5173359284282,,74.388,,,
248002,,74.25,,,,,,
248003,,78.74000000000001,,,,,,
248010,,,56.971463023741784,73.06,,,,
248021,,76.53999999999999,,,,,,
248040,,75.67,,,,,,
248041,,,,,74.8,,,
248049,,,,,,,72.5330318410898,80.908
248050,,,,,80.94,,58.76680009404817,
248053,,,,,80.21000000000001,,,
248056,,,,51.02836581395077,74.1,,,
248057,,,54.809084302821915,76.24,,,,
248060,,,,,,,80.4,61.41972613086087
248095,,59.49907031061058,,,77.464,,,
248101,,,71.906,50.309065390489934,,,,
248105,,78.48,,,,,,
248107,,,,,76.08,,,
248110,,74.31,,59.11027975509071,,,,
248111,,58.52613808937832,,76.34,,,,
248112,,,75.616,57.31866048031972,,,,
248117,64.11444037377613,,71.44200000000001,,,,,
248118,64.43411626996735,,,,,,73.566,
248123,54.056637999093056,,,,,51.44787574024191,72.92,
248126,,,,,,71.174,,
248133,,76.73,,,,,,
248137,,77.84,,,,,,
248147,,,75.434,53.289596065631066,,,,
248148,,,76.72978041016835,86.94999999999999,,,,
248149,,,,,78.908,,60.444654247402184,
248165,,,,,85.03399999999999,,63.93534289904697,
248166,,,80.744,69.83514575678257,,,,
248167,,,,,,49.9095070255213,58.84718269364224,72.0
248168,,,52.39123641108019,,73.578,,62.04551386020107,
248169,,80.35,,,,,,
248171,,74.25,,,,,,
248174,70.54,,,,,,52.46780445195418,
248175,,,78.104,56.3437325682156,56.08439296722396,,,
248178,,,,,,,62.258926320967625,73.014
248188,,,,,,71.78157204243436,78.396,
248191,,,70.76693845127134,79.47,,,,
248199,,77.1,,,,,,
248201,,,,,,74.80199999999999,,
248207,,80.73,,,,,,
248227,,,,,,,71.50999999999999,51.39219578572082
248231,78.15,,,,,,61.712733553732726,59.619562529474095
248243,,,87.38999999999999,74.53499371873659,,,,
248245,,,,51.688961493540745,74.404,,,
248265,,75.83,,,,,,
248266,,,,,80.75,,,
248278,,80.89,,,,,,
248281,53.905732027051286,,,,,,73.76,55.56995610191627
248300,,,,,,,75.148,56.503901804008294
248311,,76.26,,,,,,
248328,,73.36,,,73.90392543478735,,,
248337,,73.48,,,,,,
248342,,80.05,,,,,,
248356,55.119314313497526,,,,,,72.05392940460807,80.612
248357,,,,72.15,,,,
248360,,,,,,,74.494,
248384,,,60.00831601363243,80.12,,,,
248385,,,,,,81.89,,
248392,50.448996450910876,,,,,,72.816,57.244169180125326
248405,,78.32,,,,,,
248408,,68.00636688149473,,,72.416,,,
248434,,,,,,76.902,,
248443,,,,73.96000000000001,66.94176729272431,,,
248458,,,70.34,48.83859937810225,,,,
248465,,,,,83.942,,,
248470,,78.09,,,,,,
248471,54.2095603195164,,77.44800000000001,,,,,
248473,,,68.20834037810467,78.15,,,,
248474,56.5324554491596,,75.744,,,,56.06578813490225,
248477,,75.39,,57.33099777860335,,,,
248484,,84.69,,,,,,
248487,,,65.92282104513743,71.32,,,,
248492,,78.37,,,,,,
248493,,,,,71.844,,,
248508,,79.14,,56.51459293710662,,,,
248539,,,,72.94,,,,
248547,59.416243786898924,,,,,,62.39895941684975,77.328
248548,,,74.816,,,,,
248550,,88.18,,,,,,
248559,,75.84898193582242,,,75.71600000000001,,,
248564,79.42,,,,,,69.49491230870633,62.221589061051226
248568,,,,,,73.328,,
248569,,,,,70.408,,,
248573,,,63.72181573091564,63.52246566956279,,,79.056,
248575,,,,,,,69.3531446680926,77.986
248576,,,56.82487702740951,74.34,,,,
248584,,,,72.3,,,,
248587,,,75.27,55.28582657054166,,,,
248602,,80.96000000000001,,,,,,
248604,,,,,75.886,,,
248661,,63.882731918598815,,78.25,,,,
248662,,,,,72.464,,,
248674,,,,,,80.06,,
248680,,,72.97200000000001,,64.37600610819153,,,
248687,,78.79,,,,,,
248688,74.76,,61.08077179851569,,,,56.16144858388035,
248692,,,,,73.23,,,
248694,,67.14936228293848,,70.43,,,,
248695,,84.77,,,,,,
248698,,81.01,,,,,,
248710,,,,,,56.342787086026114,76.274,59.207415105743465
248711,,76.22,,,,,,
248712,,,,,,78.314,,
248718,,74.98,,,63.363698577892144,,,
248723,,,64.18878152239898,70.75,,,,
248729,,,,,,,82.104,64.44807751602923
248740,,,,,,72.714,,
248765,,,,,,,75.896,55.30484560780494
248774,,72.67,53.258932373564235,64.93724324522091,,,,
248777,,,,,77.734,,,
248784,,,,,,76.916,,
248787,,,,,,75.688,,
248788,,,,,,78.594,,
248793,,,62.13005644108689,83.82,,,,
248805,58.58457432707846,,,,,79.51,,
248808,,,,,78.648,,,
248809,48.451809127519084,,70.246,,,,,
248812,,,,75.12,,,,
248820,,,,,78.718,,,
248821,,,,,76.112,,,
248836,,74.41,,,,,,
248839,,,,,,72.47200000000001,,
248854,,,62.51249469034485,80.43,,,,
248855,,77.01,,,54.38195747023253,,,
248856,,,71.50999999999999,,,,,
248857,,,,,,,78.67,58.333917968191834
248863,,,72.538,,,,,
248868,,53.66187755243556,50.82019688609191,74.7,,,,
248869,74.73,,,,,,58.328092077017274,
248870,,,58.99541097608531,77.53999999999999,,,,
248872,,,81.458,73.07591936644724,,,,
248878,,77.77,,,,,,
248880,,,,,73.674,,,
250723,,,83.726,64.63915126659265,,,,
250724,,,,,,,79.42,60.394865774374324
250725,,78.35,,,59.6688601510176,,,
250758,,60.2105592864783,,,73.22,,,
250763,,,,,,75.156,,
250764,75.39,,67.60835103494047,,,,,
250766,63.938698051744666,,74.766,,,,53.36813580896737,
250779,,76.72,,,,,,
250780,,75.12,,,,,,
250786,,,,,74.756,,,
250789,,,,,,,84.076,68.4360038521055
250791,51.59393930419288,,73.03,,,,51.38442009495776,
250805,,52.499765531345474,,,72.366,,,
250807,64.43499330584024,,,,,74.386,,
250810,,76.9,,,,,,
250811,,72.38,,,,,,
250812,,,,,,71.936,59.65664188060032,55.46064252858778
250813,,77.81,,,,,,
250816,57.786709466366894,,,,,,79.08,58.5176594023272
250822,,,71.994,49.93303751657387,,,,
250823,,55.049330671286754,,75.0,,,,
250825,,,,,,52.780653999784796,75.89,53.93279013105691
250839,,55.31618713259854,,77.45,,,,
250847,,74.59,,,,,,
250850,,75.91,,53.67992565587235,,,,
250851,,77.45,,,,,,
250853,,,58.937095282148135,77.93,,,,
250854,,,,,76.62,,54.19543225938591,
250855,57.88085556657916,,,,,,75.748,58.30904678789693
250858,,77.72642132119948,,82.71000000000001,,,,
250876,,56.293872789176085,,72.77,,,,
250881,,,61.568133370371235,78.47,,,,
250884,,,,,,74.852,,
250887,,,,,,51.93787429556576,73.662,56.40476003148555
250895,,,,71.96000000000001,,,,
250896,,74.61,,,,,,
250909,,,,,74.084,,,
250913,,,60.40278283973412,77.88,,,,
250918,,,53.33027618502136,,76.938,,55.67289266363938,
250926,,75.28999999999999,,58.342082096372664,58.63366310158537,,,
250931,,61.7599214638213,,81.23,69.09003291974122,,,
250932,,,,,72.44833166139703,,77.494,
250941,,,,,81.206,,62.41040437511201,
250946,,,,,,,77.436,54.81400835136933
250947,,,,,,,78.28999999999999,55.631168062206775
250952,,74.83616290257014,,77.07,,,,
250954,,83.15,,,,,,
250955,,83.48,,,68.08872934533781,,,
250959,,,74.52130088073666,86.38999999999999,,,,
250960,,,,,75.598,,,
250961,72.44987204941279,,,,,82.638,,
250970,,,50.80683692874625,,63.604457120044955,,73.54599999999999,
250991,,,,,76.994,,59.71377356120109,
250992,,,71.382,58.22590909325382,,,,
250993,,74.98,,,,,,
250994,,74.18,,,,,,
250997,,78.27231845821758,,78.44,,,,
250998,72.99000000000001,,,,,61.21525768953313,55.074280505984646,
251001,,,61.522465627250405,74.7,,,,
251002,,,,,,75.006,63.02907427974103,
251006,,,,,72.75,,,
251011,,,81.06,,,,,
251024,,,73.958,,,,,
251025,,,,,75.50596148992844,,78.786,
251028,,,,,,,77.718,57.85260713491424
251030,,,,,,74.082,62.79304344999799,57.17303164901783
251045,,,72.126,53.617982360299045,,,,
251052,,,,,,72.224,61.472542381416176,54.624276208822444
251076,,,58.076909679068486,79.3,,,,
251090,,,,,,75.092,,
251104,,,75.482,57.11008795350295,,,,
251105,,,,,,81.72200000000001,,
251107,74.67,,,,,,60.89204075398677,53.94320025711809
251116,,82.56,,,64.87529797783944,,,
251132,,,69.88641655446479,79.22,,,,
251134,,,,,,48.568553906428406,71.27,51.529570395601596
251138,,80.24,,,,,,
251143,,,,,75.632,,,
251149,,76.72,,,,,,
251156,,,,,,80.746,,
251161,,,,54.29676753302534,78.922,,,
251167,,80.71000000000001,,,,,,
251168,,76.15,,,,,,
251170,,,,,,79.988,61.59982849500997,60.18691923643806
251176,,,,,,,74.414,56.907452162574245
251187,54.88093038354636,,76.096,,,,,
251189,,,,,,67.15958955937339,80.494,
251191,,,,,,,79.444,60.523945373258805
251198,,,,,,78.3,,
251201,,,75.648,65.4165647617788,,,,
251212,,,,,76.214,,,
251213,,,75.92,71.31146714830163,,,,
251219,,,,,,,72.042,51.630839077718605
251223,,,,,,82.392,,
251224,,,,,,71.69,,
251229,,,,,,78.264,,
251230,,51.02645525691918,,,70.75,,,
251235,,,,,,70.574,49.36371169135035,
251236,,,,,,,70.30661667879625,78.286
251247,,,,74.94,58.646692100349654,,,
251260,,,,,,76.21600000000001,,
251272,,,,,,71.298,65.304030095111,58.4699430608845
251275,,,,,,74.1,,
251281,,,56.14864636324761,76.39,,,,
251287,,,60.017047268851606,,67.36117757426157,,78.642,
251288,,78.52,,,,,,
251289,,75.93,,,,,,
251291,52.6798058583837,,,,,71.164,62.1479849084508,
251294,,,81.536,58.46685090993459,,,,
251306,,,76.686,63.225828727039044,,,,
251311,69.42999999999999,,55.25546714676436,,,51.90235916416121,,
251312,,72.55,,,72.67541796037482,,,
251313,,,73.52,63.47208731978813,53.26398233197573,,,
251320,,76.48,,62.52990472684112,,,,
251325,,,,,75.026,,,
251335,,56.625205629502695,,,77.94800000000001,,,
251337,,80.25,,,,,,
251339,,,,,73.548,,53.257399494078825,
251342,,,,,,75.368,55.63714921774335,
251343,,77.85,,,,,,
251346,,,,,,,67.29270721739215,73.344
251349,,,,,,72.776,,
251352,,,,,,,76.618,
251353,,,,,,83.902,,
251356,78.39,,,,,,66.64237473143703,60.89228989368607
251359,,,,,,71.3,,
251368,,,,,,73.47,,
251373,,60.42341263218603,,78.11,,,,
251377,84.09,,80.44532519070954,,,,,
251380,,82.28,,,,,,
251381,,,,,,74.594,,
251385,,74.7,,,61.407217785354796,,,
251392,,,57.69043100080425,81.39,,,,
251401,,,,,,,78.562,60.85651637992274
251405,,75.73,,,,,,
251411,61.90631263687645,,76.894,,,,,
251416,,71.8,,,,,,
251417,,,,,,72.928,,
251420,,,72.838,59.677604542028234,,,,
251421,,,,,,,74.44966397928025,85.362
251427,,,,,72.358,,,
251429,,78.09082574345466,,77.64,,,,
251431,,,,,,77.468,,
251438,57.66735629081678,,64.16310408415444,,,,79.164,
251439,,,73.238,55.51753584893612,,,,
251440,52.102247485104314,,,,,,74.242,52.69233618411217
251446,,80.1,,,,,,
251451,,76.88,,,,,,
251454,70.77,,65.15064900946462,,,,,
251456,,75.53999999999999,,,,,,
251464,,,,,78.054,,,
251466,,,76.212,59.34714919362084,,,,
251469,,,,,76.436,,,
251470,86.22,,,,,,,
251479,,,63.21298096557318,,84.672,,,
251482,,,,,,,74.828,56.60105632689314
251486,,,66.51205253424813,75.22,,,,
251489,,51.187093118639325,,70.5,,,,
251497,,54.4080306758587,,75.98,,,,
251499,,,,,,73.214,55.694128222946276,53.738629707606236
251516,,,,73.74,,,,
251517,,80.73242012616802,,64.95220841348045,86.132,,,
251519,,78.31,,56.1188604502315,,,,
251521,,,,,76.412,,,
251528,,,,,77.204,,,
251530,,,,,83.05199999999999,,62.43299500216266,
251532,,,,,,76.69200000000001,63.90328558882784,64.14602634749409
251537,55.57687197137751,,67.80935618584722,,,,77.464,
251545,54.538039024927045,,,,,,76.44,54.9940263723486
251547,,,,,78.782,,,
251555,,,,77.9,63.20467421018773,,,
251560,,,75.94800000000001,68.08806797048928,,,,
251566,,,,,,,75.73078927108067,86.886
251570,75.08783474240515,,,,,,65.03312390144673,85.386
251573,,,,,82.604,,,
251575,,,,,,,80.62,61.1971794815501
251579,,,74.72200000000001,,,,,
251580,,,,,,73.174,56.689401439176656,
251590,,,,,70.982,,,
251592,,,72.57,59.006707169469664,52.527037885639714,,,
251594,,54.65018645812131,,,74.236,,,
251595,,,,,77.65,,,
251596,,,,,,,75.836,56.08653712964815
251597,,,,,,72.234,,
251599,56.654724492770505,,76.868,,,,,
251603,75.16,,55.98170213204525,,,,,
251610,52.539483339305264,,,,,73.772,56.43581770049712,
251615,,,,,83.232,,,
251616,,82.8,,,,,,
251617,56.079070489461024,,78.564,,,,,
251626,,,,,82.528,,,
251629,,,74.49600000000001,,,,,
251633,,,,,,,78.464,57.52003593984479
251634,50.477499369086516,,64.09859960498365,,,,73.416,
251642,,,51.139587198765994,49.65053526999785,71.378,,,
251651,,,,,,76.918,,
251658,,75.9,,,,,,
251662,,,74.024,67.53718483741596,,,,
251677,64.70866877638251,,,,,,76.77,55.08441393336385
251681,,79.52,,,,,,
251686,,79.15,,,,,,
251688,,,,,68.7659097396064,,74.3,
251690,80.7,,61.53711832839819,,,,66.9786288720885,
251754,,75.16,,,,,,
251756,52.95983018549081,,57.908880920980494,,,77.9,,
251761,54.64456916423005,,73.564,,,,51.14999699158211,
251762,,,,,78.03399999999999,,70.68619563003426,
251764,,75.08,,,,,,
251769,,,57.603891501036834,77.25,,,,
251770,49.37200062970282,,,,,,73.15,52.34430503181024
251781,,,,,77.586,,,
251790,65.86050050248541,,75.476,,,,,
251800,,,58.382506491056276,73.92,,,,
251804,,,,,84.446,,64.45320139646117,
251805,,68.41587578945445,,,84.78,,,
251806,,,84.168,63.84247751396728,,,,
251809,,87.02,,,,,,
251810,,,,,,83.134,,
251812,,62.15850943939188,,,73.232,,,
251819,,,,,75.896,,64.56008123962935,
251823,,,,,,70.782,,
251828,,,,,,72.488,,
251829,,78.08,,,,,,
251830,,,,,71.084,,,
251831,67.7214260768902,,55.61496085150956,,,,77.404,
251834,,,,,79.042,,,
251841,75.41,,66.37680576561017,,,,,
251842,,,,,,,70.72474950403958,76.478
251845,,,75.26,53.60055355134037,,,,
251847,,,54.10978130661754,,77.978,,57.28649982436145,
251848,,,,,,70.684,53.81495986515932,
251851,,,,,,73.614,,
251852,,,,,,63.38439863527246,85.77799999999999,67.49805165942064
251854,,,91.018,,,,,
251855,57.51140826314585,,77.27,,,,,
251870,,78.82240587939658,,,78.0,,,
251873,52.17463490538492,,,,,,75.326,59.69626037277924
251878,,,,,73.30799999999999,,,
251880,,,,,,,78.212,61.186643070995004
251884,,,,,,70.156,55.90753766092467,52.84666982500094
251891,,,,,77.018,,,
251892,,,,,,82.928,,
251894,,,,74.6,,,,
251895,,76.21000000000001,,,,,,
251905,,77.09,,,,,,
251906,,,,,,70.166,,
251908,,,,,76.422,,55.77315375761049,
251911,,,,,72.474,,57.84003156036445,
251915,,74.31,,,,,,
251920,,75.71000000000001,,,,,,
251922,,,,,,78.776,,
251924,,73.07,,,,,,
251926,,,76.776,64.47650874305764,,,,
251942,,,,,81.566,,60.934528586222655,
251951,56.89557958454764,,55.20516612174877,,,,78.05199999999999,
251954,,,,,,,82.66,67.90267518162378
251961,,,,,,77.848,,
251974,,,61.71067869901157,73.45,,,,
251977,,,,,,74.996,,
251979,,,,,73.494,,,
251981,,,,,75.316,,,
251988,70.09543087791857,,65.22457909541765,,,,82.912,
251992,,72.09,,,,,,
251994,,,,58.21832292928879,79.322,,,
252000,,,,,78.01,,,
252001,,77.99,,,,,,
252011,,73.34,,52.927675830911745,,,,
252014,,,,,77.46600000000001,,,
252016,,,,72.98,73.06220282747199,,,
252018,,79.17,,,57.69209331864649,,,
252021,,,,,,82.56,,
252025,59.68464774912211,,78.068,,,,56.50109920111649,
252027,,,80.452,66.65710163290878,,,,
252029,,,,71.52,,,,
252030,,63.47087019131405,,71.97,,,,
252031,,,,,63.258913024140185,,74.708,
252033,,,,,75.382,,,
252036,,80.33,,,,,,
252037,,,,,,84.226,,
252038,54.55631644601544,,77.162,,,,55.673503684094165,
252042,,,,,,83.738,,
252044,,,55.40561816701232,76.65,,,,
252059,,,,80.11,,,,
252060,,,80.004,,59.007029776977326,64.68841694672717,,
252064,,84.3,,63.01106774850524,,,,
252066,79.8,,64.75321786104183,,,,59.029698090480636,
252067,,,,,72.946,,,
252073,77.59,,,,,,62.433229445589426,59.891359101130675
252074,,78.46000000000001,,,,,,
252078,,,,,73.03999999999999,,,
252079,65.35048263306267,,58.29780018342457,,,,80.212,
252082,,,,,,73.484,54.95422478629839,
252083,,,,,,74.546,61.83977824442408,54.724552831302674
252084,,,,,,76.654,,
252088,51.477117103842254,,73.26,53.66530664595758,,,,
252095,,78.08,,,,,,
252096,,,,,75.244,,65.05807562959262,
252099,51.48308977110445,,,,,,70.994,48.405365276415246
252108,78.38,,,,,,56.37815551128812,
252125,53.107672216148224,,74.674,,,,,
252134,76.96000000000001,,74.0295815866733,,,,,
252137,,,,,,,71.708,57.193554067647376
252139,53.507490371714894,,74.826,,,,,
252143,61.45838764760434,,82.712,,,,,
252144,,82.83,,,65.12012240049069,,,
252145,,,,,88.864,,,
252146,,,,,78.924,,,
252148,53.75654052910038,,76.316,,,,,
252162,,,,,,81.356,,
252164,,,,,,76.294,,
252168,,78.34,,,,,,
252169,,,,,73.79599999999999,,,
252175,,,71.008,60.691936634310494,,,,
252183,,,,,76.474,,,
252185,,71.95,,,,,,
252192,,,,,79.338,,59.86155602268519,
252193,,,,,,76.884,67.36741361409612,57.74709770811213
252208,,,,,80.35,,,
252209,,,,,,72.32,57.97695238526477,52.14998664816405
252223,,74.25,,,,,,
252225,,62.474719785984156,,72.56,,,,
252231,,71.49,,,,,,
252238,60.96651075119624,,,,,,80.892,59.00660733550147
252239,58.11428236430615,,78.202,,,,,
252240,,,75.94200000000001,,54.963744471619684,,54.30793688432231,
252252,,76.44,,,,,,
252254,,,,,73.59777346157647,,74.938,
252259,82.78,,66.74602979401573,,,,61.1563197330278,
252263,,,,,71.58191305297179,,73.554,
252268,,,,,76.232,,,
252278,48.30337171380776,,71.366,,,,56.03322444820965,
252290,,,69.92021090621236,80.56,,,,
252293,,,,,81.718,,,
252302,,,,,75.47200000000001,,,
252308,,,61.02866794125656,83.78,,,,
252313,,,76.998,63.990884839274564,,,,
252315,,,,,78.036,,,
252316,,79.4,,,,,,
252317,,78.97,,,,,,
252320,,,,,73.73,,,
252324,60.8891293370248,,,,,,82.742,62.89066014435289
252327,,,,,79.606,,,
252330,,,,,,71.652,,
252339,,81.69,,,,,,
252362,52.536515136666395,,71.36514322359857,,,,75.288,
252371,89.96,,85.93622440651177,,,,,
252376,,,80.106,59.18853870913762,,,,
252379,,,,,72.03399999999999,,,
252382,,,74.588,57.92282107634496,,,,
252383,,,60.750936229000516,80.19,,,,
252385,,,,,71.548,,,
252386,,,,,,79.384,,
252410,75.03999999999999,,62.98189860192636,,,,,
252416,,,,,,,63.48937997759802,75.15
252432,,,70.52199999999999,53.195026022274796,,,,
252434,,,,,,73.31,,
252440,,,,,71.76726746950138,,80.496,
252442,,,,,80.998,,,
252448,,,,,,,81.01,59.33153640969745
252466,,,,,73.25145680300324,,73.858,
252468,,,,,,48.27873350986126,73.406,52.686558242601585
252470,53.484803122866545,,75.516,,,,69.52262353900147,
252483,,,,,81.344,,,
252484,72.33,,55.368951511588634,,,,57.295817161682564,
252487,,,,,,80.318,,
252488,,,,,78.412,,,
252489,,54.30786314060568,,73.75,62.746679150228836,,,
252494,,,,,,73.646,,
252495,,,,,,,81.14,61.44022892021805
252506,,,71.798,54.45165753773156,,,,
252508,55.025852088933206,,77.484,,,,,
252509,58.18716494098385,,,,,,74.062,
252512,,81.82,,,,,,
252516,,,,,,,73.59,53.79223483297376
252526,,,,,,,78.02799999999999,58.18956802640746
252527,,75.08,,,,,,
252534,,,,,,74.94800000000001,,
252541,,,72.0807690048918,81.16,,,,
252544,,,,54.92035414404773,78.102,,,
252547,,,,,74.228,,,
252551,,80.65,,,,,,
252555,,,,,76.094,,,
252567,,,75.576,69.54153314322718,,,,
252571,,,,,,,72.832,50.85195302000292
252572,,,,,70.762,,,
252573,,,,,79.706,,,
252574,,75.64705219796575,,76.32,,,,
252577,,78.01,,,74.24729342265856,,,
252580,,,,,,,76.474,57.74359038926553
252587,71.00999999999999,,53.59187334335904,,,,55.889830019990576,
252590,,,,,,78.028,,
252598,61.822497796682676,,78.566,,,,,
252599,54.653807272818405,,77.754,,,,59.343440323581625,
252644,50.27598868647328,,,,,70.5,51.574939444315284,
252675,,78.86,,,,,,
252697,,,,,,73.772,,
252698,,64.30828052578757,,,73.5,,,
252700,,76.83,,59.0510724949464,,,,
252706,,,,,77.564,,,
252710,,,,,,74.154,59.64571646759005,55.923335730626874
252711,,,,,82.944,,,
252737,,74.51,,,,,,
252746,,75.63,,,70.54355973100604,,,
252753,,77.45,,,,,,
252754,,72.89,,,,,,
252758,,,64.89765595461652,72.27,,,,
252770,,,,,69.272,,,
252793,,80.9,,,,,,
252794,,,77.01008053314905,80.9,,,,
252796,,,,,,58.02760097339283,79.89,61.299236665688916
252802,,85.56,,,68.39553576825367,,,
252807,,,75.238,56.00751849521306,,54.728978076078164,,
252810,,54.829397367974835,72.432,63.41210449675203,,,,
252837,58.97018909696285,,,,,,79.626,61.08637372078669
252846,,,,,,76.016,,
252858,,,75.054,,,,,
252859,,,53.756925879971405,75.91,59.236846271493995,,,
252861,,,,76.36,59.247928936221456,,,
252864,54.699369847550436,,,,,,76.324,54.35443580026704
252865,79.02,,,,,,64.31588642857042,59.13666329954012
252866,,,,,75.898738422002,,81.44200000000001,
252873,,77.23,,,66.43961556031215,,,
252878,,74.03,,,,,,
252883,,,63.84143824245854,75.9,,,,
252897,,,,,74.586,,,
252902,,49.778352743252334,,,72.328,,,
252903,76.82,,,,,,,
252909,,,76.55027007071438,58.493804334157076,,,80.374,
252913,,75.49,,,,,,
252917,53.67717321090416,,75.806,,,,,
252927,,,74.684,,,,,
252929,59.48242570827325,,,,,,68.94773801490784,82.186
252931,69.29173806376353,,61.056667214903584,,,,,77.852
252935,83.52,,,,,,61.03654106732779,
252936,59.70499284436352,,,,,,77.396,56.025682965923174
252937,79.87,,,,,,65.56320641625072,62.33687983685732
252942,,,,,,74.048,,
252943,,,73.29599999999999,51.25177967933605,55.273804487541426,,,
252960,,,,,,,67.68355722766837,80.03399999999999
252961,,79.44,,,,,,
252962,,75.08,,,,,,
252964,,,,,80.148,,,
252967,,,75.03,60.54799615020547,,,,
252970,56.14570899694244,,,,,,73.072,
252974,53.56718306537978,,,,,,75.594,56.3917208049594
252975,,,59.484170686107475,77.73,,,,
252999,,,,,75.288,,,
253002,63.198756609947836,,,,,82.5,,
253004,61.49669086217002,,,,,,80.65,63.731291041606084
253010,,,54.73008600205468,75.85,,,,
253013,,,,,,74.45400000000001,,
253019,,,,,,79.478,,
253024,,71.43,,,,,,
253034,,77.13,,,,,,
253036,63.482928981340734,,,,,,77.388,55.57544478496334
253039,,,,77.89,,,,
253041,,,,,70.696,,,
253052,,,,,79.306,,,
253054,,,68.65063471350516,80.35,,,,
253055,,,,,69.56290620732692,,79.458,
253057,,,,,75.342,,,
253071,,,,,,75.816,,
253072,,,,,,84.17,,
253073,,80.33,,,,,,
253074,,,,,,,75.18,57.47128027440068
253076,,,,,75.398,,,
253079,,71.69,,,,,,
253102,76.14,,,,,,58.23310472668337,
253106,,,50.75546799345973,70.73,58.161334934002625,,,
253109,61.98176869092683,,84.95400000000001,,,,,
253111,,63.25244241929127,70.54599999999999,55.77505327548488,,,,
253112,,,,,,72.00999999999999,,
253114,,55.56383297956489,,76.41,,,,
253120,53.638430589156535,,74.696,,,,56.10255433447901,
253121,,,,,,56.78288031203502,79.312,61.755913158129665
253122,,,,52.49218720836418,77.384,,,
253124,,,72.84023107733266,63.77986579039828,84.574,,,
253130,63.420120109760305,,,,,,79.952,61.860556947763236
253133,57.72124083095589,,80.082,,,,60.496425280441386,
253135,59.04231363585645,,75.988,,,,61.31199997405753,
253136,,79.48,,57.182571707053356,,,,
253139,,,57.59230193263811,,,58.85083303515874,76.392,
253146,,77.47,,,,,,
253149,,,,,87.018,,66.74794928586624,
253150,58.587728323355556,,,,,,79.834,60.443658460757234
253152,,,,,,75.72,,
253153,,,,,74.034,,57.10446910136369,
253157,,,82.822,63.36979579303073,,,,
253162,,,78.36492249060407,81.13,,,,
253163,,87.59,,,,,,
253167,57.17627874609448,,,,,,81.954,61.64182576005573
253170,,78.12,,,,,,
253173,,,,,,74.89,,
253177,,,80.524,,64.45033329634184,,70.34749483774463,
253181,,,,,,77.794,57.41959746425721,
253193,,,,,75.248,,65.31545263924409,
253202,,,57.92005058811321,75.93,,,,
253213,,,,,77.86,,,
253223,50.13166438266937,,63.45960695263535,74.14,,,,
253225,,,,,,72.048,,
253238,,77.87,,,,,,
253239,,,,,79.212,,,
253240,,,,,,57.38667683026783,60.74793061795477,79.50999999999999
253242,,,,,,84.30799999999999,,
253246,,,61.75665759534341,74.48,,,,
253249,,,76.894,65.77045411452882,,,,
253250,,,,,,,71.84930018181588,78.856
253251,,77.27,,69.02999232557116,,,,
253270,,,,,,57.686537571992346,56.35278729935186,75.858
253275,,,,77.06,72.13642137355852,,,
253276,,78.89,,,,,,
253278,,78.51,,,,,,
253283,,,,,,,79.87,58.48620997310569
253287,,,70.2854568446613,81.17,,,,
253293,,,,,,,78.412,57.23712045292114
253294,,,,,77.358,,,
253296,,77.94,,,64.09225339584293,,,
253304,,,78.334,58.281832011358134,,,,
253306,,,,84.35,,,,
253322,,,,,78.482,,,
253327,55.48951393965712,,,,,,79.318,57.233772666530186
253341,,79.48,,,,,,
253349,,,,,,75.848,,
253366,,,,,76.09,,,
253369,,72.19847809736638,,,70.924,,,
253374,,,,72.61,,,,
253376,,74.96000000000001,,,,,,
253383,,,,,,73.686,,
253384,,,,,76.258,,,
253385,,,,,,79.544,,
253386,,73.02,,50.509807783183135,54.55660158541657,,,
253396,,,,,,,86.182,67.74612243656505
253399,,,,,,69.3075649098899,62.43936364859757,81.298
253403,,,,,,,73.35,52.751772531599364
253407,77.12,,57.269695410323784,,,,57.74164054050739,
253409,,,,,79.86,,57.85572145731232,
253416,,,,,,79.382,,
253418,73.0,,,,,,53.606767643529416,
253433,,,,,,,77.52,56.322859140524166
253440,,,,,,52.136809722714546,76.53999999999999,58.25348322395891
253441,,,,,,75.968,,
253444,,,,,,83.332,,
253461,55.07497956908473,,75.118,,,,,
253463,,,,,76.654,,,
253464,,,54.33913525825251,74.76,,,,
253465,,79.48,,,,,,
253472,,76.63,,,76.00768457507525,,,
253473,,,68.51992435497333,83.78,,,,
253474,,69.38594669996799,,74.1,,,,
253475,,,75.294,55.68404783542716,56.482899741612066,,,
253479,,,,,,,75.312,57.90393935954609
253490,,,,,79.644,,,
253491,47.82257555568418,,71.622,,,,,
253510,,82.72,,,,,,
253518,,72.8,,,,,,
253522,,,,,,,76.29599999999999,55.818496670796115
253537,,,,,78.43,,55.61948165890899,
253538,,,,,73.164,,,
253549,,,,,,,76.824,54.888744171266964
253551,55.56035608643663,,,,,,73.754,52.65543328477518
253556,,,,,,69.23243438893928,52.66225933145892,75.332
253558,,,,,,73.024,,
253568,,,,,,80.136,,
253570,,,,,,70.542,,
253574,69.83401395976145,,77.21000000000001,,,,54.95780434561771,
253579,,,,,,,76.184,59.93098807040498
253607,,,69.41,63.53611019314116,,,,
253619,,,76.792,55.208761582774954,,,,
253651,,,,,74.566,,,
253693,49.545849431214336,,,,,,62.95594691603084,72.77199999999999
253694,,,,,,60.73237176168399,75.94200000000001,
253704,,,,,74.068,,,
253712,,,72.95400000000001,58.85180270735203,,,,
253713,,,,,74.15,,,
253715,,,,,,,74.424,55.777545032233085
253727,83.64,,67.66165610719032,,,,66.85780426027128,
253735,,,,,,72.568,,
253758,,,,75.23,,,,
253771,64.60952276872365,,75.76,,,55.296552676428746,,
253809,,79.66,,,,,,
253810,,,53.579971022452035,74.89,58.92763351362513,,,
253822,,,,76.25,,,,
253833,73.58,,65.0070131487229,,,,53.87748880688932,
253861,,,,,75.266,,,
253867,,,67.59639834059944,76.23,,,56.366968566643024,
253886,,,,,74.452,,,
253895,56.23593060386853,,,,,,60.49553376676881,74.642
253901,,,,,,,66.26966892713318,75.212
253902,,,,,60.22046642654777,,76.076,
253907,,,,,,,74.06,53.19461113909723
253910,,,,,,,69.55714740920854,76.104
253911,74.4,,,,,,61.337881192491274,54.44536299799056
253919,,,,,,73.544,,
253932,,,,,,76.162,,
253943,,,48.347030702643046,50.57438078819194,71.35,,,
253951,,79.23,,,,,,
253952,,,81.49,68.36948038453838,,,,
253953,,,,,,54.786541303465775,68.86499886729624,77.814
253969,,64.71892387730092,,,72.312,,,
253970,,,61.8827470920483,79.66,,,,
253974,,,70.33,55.94634809794331,,,,
253980,,,,,,56.97814419712706,59.77884112609737,77.318
254003,,77.08,,,,,,
254005,,,,75.41,66.68140099589563,,,
254022,,,,,,84.594,,
254028,,74.23,,52.16931453546093,,,,
254039,,,70.10845093436154,76.16,,,,
254048,,,61.216324425232884,,63.807134854812396,,78.84,
254062,,55.49672412257244,,76.75,,,,
254064,,,73.236,,57.67738822936309,,54.55922806629811,
254067,,,,,,74.386,66.95246132125031,55.83530558827505
254075,,,,,,61.37846569102796,75.562,
254084,,,77.52799999999999,57.026607903896455,55.87644789260764,,,
254088,83.51,,,,,,76.54468643595379,64.95919149561843
254094,,74.66,,,,,,
254113,49.745786236104884,,,,,,63.74229768309907,72.742
254117,,,,,,83.154,,
254120,,,80.062,,,,,
254121,,81.06,,,,,,
254125,,,,,,76.312,,
254131,72.79,,59.1685588568793,,,,53.34575923194238,
254135,49.48209520031255,,72.27,,,,,
254136,,,,,,,63.52734337402421,76.28
254142,,,62.94005872471234,80.7,61.750791710049775,,,
254143,,75.95,,,,,,
254148,,,,,,,79.122,63.88149502769473
254158,,,52.21636791392811,72.49,,,,
254172,,76.72,,,,,,
254173,,76.62,,,,,,
254176,,75.53,,,,,,
254188,,,74.25,54.76030916915084,,,,
254200,,,,,75.518,,,
254204,,,,,77.896,,,
254206,55.88199817056554,,71.31715645943686,,,,,78.312
254210,,,,,76.478,,,
254211,,53.55850526963399,,,75.582,,,
254220,,,,,,69.40265774212394,56.21578120364955,78.776
254225,,,,,,,82.262,62.38588928070187
254228,,75.08,,,,,,
254230,,,70.232,52.47817113046166,,,,
254234,,69.43061373099597,,74.77,,,,
254237,72.14,,,,,,59.87298017077667,54.94145065583755
254238,,,,,76.69200000000001,,54.20413886202417,
254243,,,70.97903033071059,85.08000000000001,65.90484088245383,,,
254244,,,,,,71.52799999999999,65.46541062513194,53.564382568896015
254245,,78.41,,,69.82859990941597,,,
254247,,,,,,80.55799999999999,,
254258,,,,,75.96600000000001,,,
254262,,67.95310243878843,,83.46000000000001,64.28066682361835,,,
254265,,75.89,,,,,,
254267,,,,,,73.76,,
254273,,,57.153588684532956,77.01,54.286045596234224,,,
254275,,,,,,72.464,,
254282,,73.78,,,,,,
254289,,75.19,,,59.28775786856759,,,
254294,,73.15400706855107,,,71.106,,,
254296,,,56.20667901293667,77.14,60.298887059096664,,,
254307,,,,,,,72.158,54.956245309162114
254310,,81.28999999999999,,,71.12074544175832,,,
254315,,,72.392,59.41158033768544,,,,
254327,,,,,74.812,,,
254333,62.77209204034337,,,,,,78.964,
254347,74.43,,,,,57.63543975388166,56.56376185158599,
254361,,77.06,,,,,,
254368,,,50.468124179610406,74.1,,,,
254373,,,76.156,55.87469191964021,,55.83673271146952,,
254422,,71.61,,,56.66753849076433,,,
254446,,,,,,52.185368475933835,74.39,54.314559947441616
254449,,,,,,78.826,,
254469,,,75.322,54.48591806726632,,,,
254470,,,,,77.27199999999999,,,
254480,60.47688662347983,,73.486,,,,56.178642678171535,
254482,,,,,,72.902,53.18190056641633,
254492,,,,,75.348,,,
254496,69.19,,61.89099611252415,,,,,
254501,,,,,,76.566,,
254503,,,,,,71.64,55.07332661689736,52.07744440455884
254507,,,,,,73.638,,
254514,,73.09,49.646643356672705,66.33450755762215,,,,
254522,,73.48,,,,,,
254525,,,,,,76.16,,
254529,,,,,77.518,,,
254537,,,,,77.032,,58.61366294033822,
254541,,,,,,,63.24942378012426,76.02799999999999
254548,,,,,82.584,,,
254551,,,,,,82.366,62.95706195663693,62.324875041373055
254556,,,,,,,74.36,54.541790139231956
254566,81.73,,,,,,76.20916538819623,64.30258693374229
254578,,,53.824967751022854,77.25,,,,
254579,,,71.14761592456252,79.84,59.56161410568731,,,
254585,,,,,,,77.654,55.064578765833716
254588,,72.82,,,,,,
254628,,,,,74.856,,,
254637,50.07143401179611,,73.438,,,,,
254638,,,,,79.436,,66.25693109406836,
254653,,,,,,78.386,,
254660,,,,,,,79.816,57.994703138654494
254672,,,,,75.282,,,
254680,,,74.814,57.687506281513045,,,,
254685,,,,,76.538,,,
254692,,,,,,54.74746805985392,62.37195346051364,76.072
254695,,,,78.09,69.42151990226054,,,
254703,,76.65,,,57.81637745632828,,,
254725,,,,,,73.256,,
254739,,,,,,,73.554,58.077029584202904
254750,,72.61,,,,,,
254752,,,,,,,78.026,62.09064181366689
254754,,,,72.92,71.53637782125176,,,
254756,,,,,,,75.502,62.067172271915275
254774,,,75.19200000000001,,,,,
254786,,,69.91518029201109,76.7,,,,
254787,,75.98,,56.293404123902256,,,,
254789,81.11,,68.34413838939679,,,,,
254796,,,,,,,77.35723888170935,85.83600000000001
254804,51.76015538050962,,73.80199999999999,,51.07323740534993,,,
254807,,,,,,,76.492,59.128404868912824
254817,,,,,63.253430987284716,,82.874,
254819,56.24425808615737,,75.364,,,,,
254822,,,,,78.59274926981047,,79.574,
254824,,,,,,78.332,,
254826,,76.26,,,,,,
254831,,,,,,,69.8204366421199,74.438
254840,,82.44,,,,,,
254849,,,,,,73.566,,
254858,,,,,,73.782,,
254859,,,,,,,74.286,54.035904154321756
254860,,,,,,,78.182,62.43247473462557
254871,,53.4892530843014,55.16163541544739,72.41,,,,
254887,,,65.892389807499,78.59,,,,
254890,53.28828666542095,,63.72384496576141,,,,72.964,
254894,,,,,,81.052,,
254899,,,,,77.4225398192603,,78.298,
254905,,,62.82364211262795,,56.07153381838895,,76.672,
254909,,,,83.54,77.70915717349621,,,
254910,,,,,57.97456008662647,,79.96000000000001,
254913,,53.873357704710415,,,75.488,,,
254914,69.47,,,,,,63.9871281998893,50.39390615068975
254925,,,,,,70.75,,
254928,,60.40022038313184,,77.72,56.667177591325995,,,
254941,,,,,74.97800000000001,,,
254943,,,,,,49.63983233761447,74.246,53.756997171433895
254945,,,71.50999999999999,,,,,
254951,51.03817578642034,,74.186,52.7092280998261,,,,
254961,,66.0863806176493,,,71.882,,,
254982,,,78.21600000000001,68.03076579829246,,,,
254994,,75.6,,,,,,
254996,,,,,78.882,,,
254998,,,,,,,71.746,52.69620510531256
255000,,,,,,80.77,,
255001,,,67.84184258639978,84.41,,,,
255002,50.27753548085218,,,,,,64.04057543479153,74.774
255008,,,,,76.78399999999999,,,
255009,69.60030506653187,,83.824,,,,61.683489155427516,
255010,66.35353500107702,,,,,,75.492,54.34879621988473
255015,,,,,,,75.91,59.206612896279175
255033,,70.24007766902503,,,74.048,,,
255035,,,,,75.772,,,
255036,,,,,,77.154,62.04810639326055,57.91104198662644
255043,,,,,,77.708,,
255049,,,,,,,74.602,56.98111704972935
255069,,,77.79145231475516,84.15,,,,
255072,,,,,,52.54109427872765,61.18208283510784,74.77199999999999
255074,81.99,,67.12204730066895,,,,62.09978668621183,
255094,,,,,,72.306,,
255098,,,,,78.43,,58.08889168577357,
255105,,,,,,77.126,,
255106,,83.98,,,,,,
255109,77.69,,60.921472290762964,,,,57.69330785048698,
255110,,78.32,,,,,,
255120,,,52.31577444131146,72.77,,,,
255125,,,81.524,,,,,
255135,,,,,,73.30199999999999,,
255136,,73.3,,,,,,
255137,,,78.388,61.46042830707864,,,,
255140,75.19,,,,,,50.69911664598203,
255144,,76.0,,,58.74953599541155,,,
255145,,,,79.83,,,,
255150,,,,,79.21600000000001,,58.91512675167394,
255154,,,,,73.966,,,
255155,,,,,,76.362,,
255158,,74.49,,,,,,
255160,,,,,,50.52896588833182,59.77597409228443,74.0
255161,,,52.37287066720782,48.17103580412174,72.334,,,
255169,,,,,,76.918,,
255174,,,,,,,75.08,56.40036666447785
255177,,,48.63157456525407,71.59,,,,
255185,76.89,,,,,,68.12816745725088,58.73615961218129
255196,,,72.258,56.80096430976396,,,,
255197,,,,,75.902,,,
255205,,,76.078,61.307831866520914,55.538386243464004,,,
255206,,,,,,76.19800000000001,,
255210,,,74.21000000000001,,,,,
255211,,74.98,,,,,,
255216,,,,,,,72.614,54.58872563298568
255217,,,,,,77.844,,
255222,50.66384018050841,,72.97200000000001,,,,,
255223,,,,,,82.404,60.51113004933801,
255233,79.24,,58.40803784842272,,,,64.23274331437668,
255241,71.72,,,,,66.7291573289877,50.95479445662613,
255245,,,,,,,72.886,54.89403056565351
255253,,,90.854,,,,,
255256,,75.7,,57.836435492903874,61.002720582945,,,
255258,58.75438411206832,,54.98441783899205,,,,73.298,
255268,75.0,,69.76038227617764,,,,,
255272,,,,,,,74.71304802919047,80.702
255273,,74.23,,57.55133521210283,,,,
255293,,,65.53958301173336,76.75,,,,
255297,,73.27,,,,,,
255307,,,,,,58.1766232775861,74.128,54.44937620245191
255310,,,,74.97,,,,
255312,,,,,,,73.094,53.21489053135187
255314,,,,,74.348,,,
255319,,,,,,75.752,,
255329,,,,,,72.662,63.20625167757107,
255333,,76.82,,,,,,
255335,,,,,56.778793332897735,,73.154,
255337,,,60.008918174115465,,49.84871245124993,,72.138,
255339,,,,,,,74.28099215255915,78.30799999999999
255341,65.07978455798802,,,,,,75.654,54.53185644520879
255343,,,78.20400000000001,,56.60312168968034,,,
255347,,,72.412,52.926035661149456,,,,
255352,52.03197028913129,,67.21029930810948,,,,73.67,
255360,72.55,,64.69114560284072,,,,,
255361,52.22518375212234,,,,,,77.536,55.69402345054243
255380,,,,78.35,,,,
255386,55.44274086883773,,73.742,,,,53.04242768626125,
255398,,,,,,74.634,,
255400,,76.11,,,,,,
255406,,77.78,,,,,,
255409,,,,,,77.764,,
255411,73.83,,52.91264502707711,,,,53.234197511035866,
255415,,,,,71.48599999999999,,50.68430511121483,
255416,,76.87,,,,,,
255420,,,,,,76.434,,
255427,,,,,,72.824,,
255434,79.71000000000001,,,,,,64.04620526418111,62.76128809243501
255436,77.18,,73.5516523127947,,,,,
255446,,,,,77.458,,55.571701810180386,
255449,,75.14,,,,,,
255451,,,,,75.554,,,
255454,,,,,74.84,,54.6169744639837,
255457,,,,,73.17,,,
255459,,,,,,77.616,66.87477873429995,59.971796828401835
255460,60.49987203006481,,,,,,79.154,61.989341686676326
255461,,,,,,76.13,,
255464,63.35287890697204,,64.21756766219339,,,,79.718,
255468,,,57.21387063005921,75.36,,,,
255471,,,57.03226241429316,80.36,,,,
255472,66.2817758566353,,,,,,79.938,
255474,55.53768670942317,,71.70400000000001,,,,54.35234276147918,
255475,63.91577560016482,,,,,,74.97373122394268,85.982
255483,,,,,,71.65,61.13661731882329,51.71986144681453
255487,57.02052756637601,,72.84207736360459,79.38,,,,
255500,,,58.77518220153231,77.84,,,,
255519,,,,,,74.024,,
255523,,,,,78.51599999999999,,,
255529,,,,,,79.166,,
255533,,82.87,,,,,,
255536,,76.46000000000001,,,,,,
255540,,,,,,73.122,,
255541,,,,,81.026,,,
255557,,76.42,,55.16058405810392,,,,
255558,,79.59,,78.38489099984861,,,,
255561,,,,,80.246,,,
255562,,,,,,73.676,,
255565,,,,,,,86.696,68.25827215588822
255566,,,59.15149083617153,83.08,,,,
255572,,,72.238,,,,,
255573,,76.53999999999999,,,,,,
255579,,,,,,75.686,,
255580,,,,,77.162,,,
255590,,,59.840465454273414,76.12,,,,
255607,,68.96378727666549,,,76.35,,,
255611,81.62,,,,,,66.93842843861574,57.21003624113794
255621,,,,,,,71.97200000000001,51.24042234290026
255634,,,,,81.69,,,
255637,,,74.542,54.95330963626928,,,,
255654,,84.68,,,65.7269773059639,,,
255684,,65.11584764329547,,75.64,,,,
255687,,80.44,,,,,,
255699,,,,,,54.952238912966706,76.456,55.36069864138572
255700,,,,,76.77,,61.342656000258486,
255703,,,74.18,56.7349953207132,,,,
255730,,57.05846289826965,,74.36,62.848853813835404,,,
255738,,,74.814,69.9247131083364,,,,
255742,60.74041623348837,,81.884,,,,,
255760,,,,,76.462,,,
255767,,,,,,75.568,,
255772,,,57.17277078706449,,,,73.862,
255773,,,,,,74.396,,
255776,,,73.15080620360504,75.94,,,,
255779,,,54.40421563996586,,63.20301781187528,,76.836,
255781,,,,,78.814,,,
255789,,,,,,,68.43974634112863,75.544
255798,,74.21000000000001,,,,,,
255817,,,,,76.78399999999999,,57.96167934022927,
255824,,76.64,,,,,,
255827,,78.65,,,,,,
255835,59.64409945867487,,59.50043351566271,,,,75.678,
255837,,75.53,,,,,,
255838,,76.77,,60.30876963211329,,,,
255839,,,,,,77.076,,
255850,,,,,68.01360669878906,,72.44,
255854,,80.42,,,,,,
255855,53.31719149852715,,77.132,,,,,
255866,54.1986518923476,,63.17106897727594,,,,76.94200000000001,
255868,,52.02096173211781,,,,72.17,,
255873,,77.7745491343928,,77.84,,,,
255876,,,,,,,79.714,58.19927420674307
255878,,,,,82.23,,,
255879,53.22525677026544,,68.03509275868686,76.41,,,,
255881,,,69.588,48.2423974133047,,,,
255886,,,,,76.06,,,
255891,,77.07,,,54.56091105868295,,,
255894,,,,,77.13,,64.12005682043453,
255896,,71.00999999999999,59.70390839561304,52.31034042461686,,,,
255913,,,74.408,59.1266565673352,,,,
255917,73.08,,,,,,67.47685363245624,56.096052819978205
255925,,,,,71.19773953453068,,82.206,
255928,58.5783299302764,,75.64009893807219,80.0,,,,
255930,,,73.264,54.27912346774461,,,,
255934,,,77.566,69.23284547729715,,,,
255940,,,71.806,50.761144497556295,,,,
255949,,,,72.89,,,,
255955,,,,,72.96000000000001,,,
255956,,76.12,,71.83384963730131,,,,
255963,,,76.62,71.66630415363072,,,,
255969,,,,,,76.782,,
255971,,,63.079062923544186,83.86,,,,
256008,,82.82,,,,,,
256018,,,,,,73.08,,
256024,,75.28999999999999,,,,,,
256033,,80.19,,,,,,
256035,,,,,,,78.65,60.905038334575146
256036,,,54.96932880577587,70.84,,,,
256040,,,,,73.252,,,
256044,,,,,77.30199999999999,,,
256047,,,,,,50.55664078494216,74.512,60.289978219678076
256051,,,80.178,,,,,
256058,,,,,72.28,,,
256059,,,,,,,77.512,61.34223464339504
256065,,,,,,74.124,,
256079,,,,89.83,,,,
256080,,,,,78.696,,,
256082,,74.96000000000001,,,,,,
256097,,,,,78.982,,,
256100,,,,,,72.592,,
256104,,,65.4751254002898,80.78999999999999,,,,
256107,,,,,83.568,,,
256110,52.40254556828581,,71.632,,,,,
256115,61.77352704865436,,80.342,,,,,
256118,,66.36741905402482,,77.87,,,,
256119,,,74.568,53.46809363843262,,,,
256127,,,,,,77.29,58.487061510192525,57.37268813799754
256149,,,54.74968115149407,76.09,,,,
256162,,73.61,,53.914939852392656,,,,
256164,,,45.088271476396336,,,70.134,,
256167,56.61596918330932,,75.118,,,,,
256170,58.02599005215383,,74.23400000000001,,,,,
256194,,,72.202,54.4998659755685,,,,
256196,,89.14,,,,,,
256197,,87.37,,,,,,
256199,,,,,,,76.126,54.67002633641043
256214,,,,,,74.644,,
256215,,74.48,,51.557915018535574,,,,
256216,,,,,74.55,,52.19396240217492,
256222,,76.31,,,,,,
256232,,74.18,,,,,,
256252,,76.38,,,,,,
256261,,83.64,,,,,,
256268,,,,,,79.296,,
256271,,76.05,,62.73317812884636,,,,
256281,,,,,80.848,,,
256282,59.40090072887158,,,,,,64.96733121330057,76.124
256287,78.12,,,,,61.47325121796722,64.91419786338659,
256292,,78.58202275421166,,81.16,,,,
256296,,71.74000000000001,,49.30244977345415,58.30637326033673,,,
256298,49.62116836946038,,73.116,,,,,
256306,72.89,,,,,,55.508326926493304,
256307,52.3740562801168,,,,,,67.43002615864211,75.72200000000001
256308,,75.77,,,,,,
256325,,84.0,,,,,,
256326,,,,,,51.25475628623728,76.182,59.37910342396617
256331,,,,,78.574,,65.45453443875444,
256341,,,79.894,59.51587309234715,58.68195768853556,,,
256343,,79.87,,,,,,
256358,,,56.14869604276474,72.45,,,,
256366,51.146815079661096,,,,,,71.96000000000001,51.98378322510777
256370,,,,,,71.75438341925769,80.676,
256380,,,53.44610061804621,,74.652,,53.82760186195202,
256383,,,,,,,77.438,62.220698280249685
256384,,74.72,,,,,,
256392,,,,,,72.244,,
256396,,74.28999999999999,,,,,,
256397,,,,,59.63763708430117,,67.20764967184701,76.638
256398,,,72.32,60.29341148089292,,,,
256402,79.85,,,,,,,
256406,,73.5,,,,,,
256417,,,53.56837382665537,,,,64.13021163684326,74.258
256420,,,,,,,83.156,66.02953690958672
256421,,,,,,,75.922,54.89949525075589
256426,,,,,,,74.644,53.31995045900025
256427,,,,,,,75.908,61.95294535866369
256429,,73.82,,,,,,
256435,,74.03,,,,,,
256439,,,,,72.162,,,
256441,,,64.35363834161923,78.9,,,,
256449,,74.74,,,,,,
256453,,,,,,77.17,,
256459,,79.54,,,,,,
256473,,72.91,,,,,,
256476,,,,,,,71.06965962152292,82.392
256481,,,,,,,73.888,53.535251054878785
256482,,72.78,,,,,,
256499,,71.00999999999999,,,,,,
256500,,80.68,,,69.71523810384406,,,
256501,,,74.642,,,,,
256502,78.39,,60.4156515177052,,,,65.05067940543988,
256507,,,,,,71.316,,
256508,,,,,,75.576,,
256510,,,,,72.566,,,
256516,,,,,,,89.368,73.2542868450382
256519,,73.13,,,,,,
256524,,,,,81.588,,,
256526,,,61.6383939676881,76.65,,,,
256528,,72.49,,,68.80945458053688,,,
256544,,62.777904398290815,,52.70205862013967,74.982,,,
256545,,,,,,73.708,66.34700218790783,55.5008457447274
256548,58.86737611620927,,,,,,81.02199999999999,64.52104161396339
256555,,74.55,,,59.30568514006764,,,
256556,,,,,74.644,,,
256564,,,,,,79.654,,
256578,50.973344213043845,,,,,,75.368,56.46663051296882
256598,73.64,,58.60367426051159,,,,58.74738065290936,
256602,74.95,,68.02813973511024,,,,,
256604,70.91,,,,,,,
256611,,78.02,,,,,,
256612,,,,,,85.272,,
256616,,,,,73.83,,,
256620,,,75.696,61.12400281941223,,,,
256630,91.27,,,,,,70.44510357955838,
256632,,,,,,,83.78,63.52460196380215
256634,73.14,,57.17900978186333,,,,58.59531411434661,
256658,,,,,,76.118,59.46835406131742,56.26365264101274
256666,,79.36,,,,,,
256669,,,,,,80.182,,
256674,78.69,,61.278856757522114,,,,58.7102835727469,
256675,,,,,,87.128,,
256688,83.56,,72.3690435428443,,,,62.96468856429121,
256689,51.093768995673,,,,,57.36161253332536,72.316,
256698,,,,,,,74.80799999999999,56.20119398646152
256705,,76.99000000000001,,,63.25310515441204,,,
256711,,,,,,72.792,66.1894462653976,
256725,79.02,,,,,,57.31221808936874,
256730,,72.39,,,67.79789603083617,,,
256731,,,,,,80.812,,
256735,,,,,76.734,,,
256738,,,,,,74.318,,
256741,,,75.134,56.529567245254434,,,,
256746,54.89169513638014,,,,,75.44800000000001,61.806943919221816,
256748,72.53999999999999,,,,,,63.44780912542913,52.812982085646475
256768,,,,,72.578,,,
256769,,,,,82.178,,,
256776,,,,,79.55799999999999,,,
256778,,,,,,78.968,,
256780,,77.8,,,,,,
256781,,,,,77.828,,,
256782,80.72,,,,,,,
256788,,,,,77.016,,,
256790,88.91999999999999,,,,,,,
256791,,,71.196,66.79711526533015,,,,
256799,,,,,,75.776,,
256800,80.1,,,,,,60.249933421926876,58.593043682254404
256809,,,70.762,,,,,
256819,,,73.89,,55.165662512417256,,55.01770912738534,
256831,,,,,78.572,,,
256846,,,,,73.612,,55.30048060270256,
256847,,,50.76332159807297,71.18,,,,
256849,53.98036345579052,,,,,75.432,,
256853,85.36,,67.63139896687244,,,,,
256854,,80.19,,,,,,
256855,,74.65,,,,,,
256856,,78.21000000000001,,,64.43708491246954,,,
256874,,,77.036,61.50663051355364,,,,
256885,,,,,,63.477460664227706,77.77,56.080601897568876
256887,,,54.728205035681135,,,,77.672,55.42055230172005
256890,,,75.634,63.89703925447281,,,,
256892,,76.68,,,,,,
256894,,,,,,,68.61928290356644,74.28
256898,,,,,74.126,,,
256899,,,,,,80.078,,
256902,55.7639813805033,,75.044,,,,56.503609150210345,
256903,,,,,,85.536,,
256933,59.083559331585136,,,,,,69.56938268246253,80.654
256934,,75.02338704736493,,72.62,,,,
256942,,64.86531575658863,,82.02,,,,
256944,71.2,,,,,60.177523803307324,51.837404376605726,
256948,73.77206113152047,,,,,,84.84,63.6502153644621
256949,79.8,,65.05146685300289,,,,59.6517862693204,
256952,,,,,73.636,,,
256954,,,,,77.47,,,
256958,82.94,,66.35758847091427,,,,,
256967,,74.47,,,,,,
256970,77.43,,,,,,61.629816560354115,56.152401055331765
256980,76.75999999999999,,,,,,60.685889106270366,59.995059933171476
256998,,,,,,74.102,,
257000,,77.58,,,,,,
257003,,75.27,,,,,,
257005,,76.46000000000001,,,,,,
257007,,,,,,70.924,54.13267522356389,50.102977454107965
257009,,,,,,70.788,49.78937712893102,
257019,,65.4814933397015,,,74.56,,,
257020,,,,,,79.75,,
257025,,,,,,,73.904,60.90604059662344
257031,,,,,,,70.08538808790516,75.146
257036,,57.78151122161371,,,73.316,,,
257043,,,,,,73.184,,
257051,,,,,72.94800000000001,,55.334665100362415,
257054,,74.35,,53.44383699692577,,,,
257057,,72.8601009633785,,83.78999999999999,,,,
257063,,,,,,,77.366,60.22580158374314
257067,,75.09,,,,,,
257068,,,,,75.334,,70.39544761468962,
257072,,63.28932495336914,,,77.006,,,
257073,,,,,,75.52112219448537,,83.556
257075,82.4,,,,,,61.34033131254574,
257080,,,,,,73.278,53.44212918696912,54.43610547066317
257081,,72.89,,,,,,
257084,,60.69105455389223,,79.33,,,,
257090,,82.26,,,,,,
257091,,74.75,,,,,,
257104,,,,,,73.44,51.0475647305135,
257105,,,,,72.074,,,
257111,,,,,,80.02,59.793136058229955,
257112,,,,,,53.023507725004436,78.074,61.0760348674024
257118,80.53,,,,,,64.49552447601556,63.31810671267831
257136,,,,,80.614,,,
257144,,,,,,74.134,,
257147,,75.21000000000001,,,,,,
257152,75.87,,72.42683791568615,,,,,
257153,,,,,,69.35,55.614526861115785,52.68838273599027
257157,,,,,,74.122,65.71538869122914,62.81543163977291
257158,,,,,73.06,,,
257161,,,,,,,70.48248798575953,74.886
257164,,,77.042,62.95887777870151,,,,
257165,,,,,,,74.44,53.00698668514714
257167,,,,,,79.436,,
257170,,76.28,,,,,,
257171,53.38718846000378,,,,,54.3352371652209,,71.69
257179,,85.93,,,,,,
257183,49.93166982605079,,72.086,,,,,
257185,,,,,80.254,,,
257186,,,67.80570599720475,83.17,,,,
257188,,,,,81.09,,59.73943218990611,
257190,,,,,,73.756,,
257191,,69.18766633371706,,84.09,64.03606962454161,,,
257194,,,,,,,78.338,56.12136900715215
257204,,80.31,,,,,,
257208,57.796720190963924,,64.0255033662469,,,,81.316,
257236,,,,,,73.89,,
257244,,,66.87359818541002,72.49,,,,
257247,71.49,,55.75656440597425,,,,53.43807042392636,
257253,,79.43,,,,,,
257259,,,75.924,56.625049537441576,,,,
257264,,,,,,75.05799999999999,,
257265,,,,,76.03399999999999,,,
257270,,,,,77.404,,,
257271,,,56.88333818856561,78.88,,,,
257278,,85.08000000000001,,,,,,
257279,73.29524497183155,,65.79099863866745,,,,87.276,
257283,,,66.55168567939796,78.03999999999999,,,,
257286,,,,,75.164,,62.33243523682457,
257289,,,,,,85.93,,
257290,,,,,83.014,,62.93575023977331,
257291,,72.58,,,,,,
257293,,59.383933671379395,50.367249925596035,73.91,,,,
257303,,74.69,,,,,,
257306,,,,,68.64501678297061,,78.186,
257307,75.01,,69.43810930742639,,,,,
257314,,,,,,74.632,52.837310174479924,
257319,,,,,,,76.80799999999999,59.735415032087865
257320,,,75.66,56.869843599749224,,,,
257324,,,,,,73.374,,
257326,,,,,,,79.934,64.99879916904945
257330,,,,,,71.068,,
257332,,,,,76.382,,,
257338,,,,,,,78.056,56.54750434172184
257339,,76.28,,,,,,
257340,,,,,,75.402,,
257344,,,70.318,53.99057011487527,,,,
257345,,,,,81.022,,,
257346,,76.1,,,63.37383626045357,,,
257353,,,78.78,59.371900873711134,,,,
257368,,81.37,,,,,,
257396,55.10011551465732,,,,,,77.476,61.04921332537857
257397,56.26398817164561,,59.04601140860869,,,,74.114,
257399,,,,,,73.29599999999999,,
257400,,,80.594,61.96767064989212,,,,
257406,,,,,77.264,,,
257407,,,,,76.858,,,
257437,73.85,,57.65608800114087,,,,,
257438,,,,,,74.274,,
257470,,,,,,,76.78185679573588,86.898
257473,,,,,,,66.7680596471143,78.962
257484,74.7,,61.53065092774601,,,,52.60986186526622,
257487,,72.39,,,,,,
257490,,,,,75.148,,,
257498,71.65,,53.041956500147435,,,,61.21898197305488,
257502,,,,,79.604,,,
257504,80.92,,,,,,61.13745182623076,
257508,,74.03,,,58.419119959384886,,,
257518,,,,,,77.388,,
257523,,,,,73.174,,,
257532,,,,,73.95400000000001,,,
257533,,76.74,,53.58794412319176,,,,
257534,90.09,,,,,,68.22060319341429,
257536,,,,,,80.094,,
257540,,,,,,,83.262,62.903168353100334
257546,,,,,71.944,,,
257558,74.6,,55.91459050209134,,,,57.97721629929502,
257570,,,,,74.298,,,
257611,,,,,,,74.264,55.49925278378381
257612,,,,,,77.316,,
257636,,73.78999999999999,,,,,,
257649,,77.04,,,,,,
257664,69.9,,,,,,57.47537240409947,54.99936261114083
257666,55.16814919869638,,50.989502807997106,,,,73.912,
257676,,,,,,74.316,,
257692,56.168131210701866,,,,,75.822,58.38053315353983,
257698,,72.36,,,,,,
257699,,,,,,,74.232,57.17528107965504
257703,,,,,,77.836,,
257711,,64.33619785248294,,,81.532,,,
257713,,,,,75.232,,,
257717,,73.52,,,,,,
257722,,,,,72.588,,,
257725,,,,,74.02799999999999,,,
257727,,,,,72.144,,,
257765,,,,,,49.02082469470127,72.394,51.57498371544186
257768,74.69,,,,,,,
257771,,,,,80.854,,,
257775,,,,,72.506,,,
257776,,,,,75.584,,,
257777,,,70.804,,,,,
257779,,75.0,,,,,,
257785,,,77.33,55.648299421930275,,,,
257803,,,,,,74.93,58.750872299433524,54.61069926212626
257804,,78.01,,,,,,
257805,,,56.32774492796657,72.07,,,,
257809,,,,,73.376,,59.094926511676626,
257812,,,,73.21000000000001,,,,
257821,,,,,,,76.092,54.829059720066994
257831,,,,,,,76.61,57.54180902212429
257853,,,,,,74.962,,
257859,,,70.20400000000001,,,,,
257863,,74.78999999999999,,,,,,
257866,59.359680918779226,,,,,,81.97,59.99866156211103
257872,48.97898610621849,,51.50741721596596,,,,72.532,
257873,,56.55903661976433,,,71.23,,,
257876,,,62.995531755690166,82.91,60.365886206372736,,,
257877,,,,,,78.242,,
257886,,,,,77.368,,,
257889,,59.97487839787341,,81.96000000000001,,,,
257890,,,75.524,63.990702403619345,,,,
257896,,,,,76.63,,,
257899,79.68,,63.79036608636738,,,,60.283596074265084,
257916,,,,,,53.95168312890825,55.95568476188907,72.478
257917,,,,74.03999999999999,67.21062946176865,,,
257919,,,82.126,73.55587470217432,,,,
257920,,,,,,80.732,,
257936,,71.05,,,,,,
257946,,80.38,,,56.58305075089853,,,
257956,54.08089470538969,,76.638,,,,,
257957,,76.22246849450167,,,75.536,,,
257959,,,,,,75.49000000000001,,
257970,,,,,79.456,,,
257972,,,80.042,,,,,
257978,,,,,,76.93,,
257980,,,,,,,84.462,63.00211899676426
258015,,,,,,82.534,,
258027,,,,,,76.304,,
258032,,,,,,70.628,,
258036,,,,,77.20400000000001,,,
258039,,73.9,,58.18034143602925,,,,
258040,,,63.45485199364362,76.68,,,,
258041,,,,,,54.908940724284044,76.306,58.44566459667338
258043,50.890455643114656,,73.968,,,,,
258048,,,,,71.22800000000001,,,
258050,,,,73.78999999999999,,,,
258051,,,50.971343839987135,74.89,,,,
258080,50.963754033685035,,,,,,72.362,
258081,,,,,,74.89,,
258082,,,,,,74.794,,
258089,,72.62,,,,,,
258090,,,,,82.106,,63.783554605178225,
258093,,,,,,,79.47200000000001,58.6337076977257
258095,,,55.26677496417312,56.20474911410261,75.72200000000001,,,
258122,,52.65601264758264,,,70.774,,,
258125,,73.78999999999999,,60.19544698310602,,,,
258137,,,,,76.366,,,
258139,,,,,,,71.89231976719523,83.012
258147,,,,,76.832,,,
258149,73.99,,,,,72.2278527031487,,
258165,,,,,,56.0954388116021,77.648,61.375672665512425
258167,,77.72,,,,,,
258168,,,,,81.292,,,
258171,,,80.992,64.49005565470114,,,,
258194,,,,,,74.53,,
258196,72.78,,,,,,69.91222494806051,53.64800436154358
258208,,,,,,75.85838912873882,78.94800000000001,
258227,,,,,,,76.828,57.05604890247223
258230,,,,,77.194,,,
258238,,,,,,63.31976749339198,52.496747132228776,72.768
258250,,,,,50.79446125007071,,72.05,
258271,63.060183099832116,,75.998,,,,57.7509980628591,
258273,49.06730294341074,,72.05,,,,,
258276,,,,,79.132,,,
258284,58.554299778343534,,,,,,75.166,54.79243039452144
258308,,,,,80.994,,,
258315,,78.87,,,,,,
258316,79.34,,,,,61.593321982845126,62.0302192821625,
258325,,,75.214,53.53690631124993,51.64340950664258,,,
258339,73.19,,,,,,56.43602548229926,52.62307095789303
258355,,,75.24,53.352992205864666,,,,
258360,,55.97216353978217,,76.08,,,,
258364,,,,,,,75.178,53.935563338628214
258365,,,,77.07,,,,
258371,,,,,83.374,,,
258373,48.90435511295338,,,,,,71.902,50.49361079840255
258375,,70.97,,,,,,
258378,,,,,,,75.92944869056596,81.132
258389,71.77,,,,,,63.97526440142054,60.36240501744494
258393,,,,,,,75.972,54.76257764154218
258396,,78.03999999999999,,,,,,
258407,,,,,73.7239893904512,,74.648,
258412,,77.34,,,,,,
258432,,82.81,,,,,,
258433,,,65.53082227200242,78.19,,,,
258437,,,,,,83.78,,
258439,,76.13,,56.248627432767734,,,,
258444,,,,,,75.15788095296668,64.41427649202055,84.262
258446,,,,,73.974,,,
258453,,,,,,,73.006,56.90865014630529
258456,65.46464317901405,,,,,,77.78999999999999,59.199549912441725
258457,,77.13,,,,,,
258464,,78.19,,,,,,
258465,,,,,76.434,,,
258468,,,,,76.38,,,
258475,,,,,,76.18,60.56443323815779,59.2428294549248
258477,,,,,71.814,,,
258483,,,71.40556357545069,80.09,,,,
258489,,,,,,,74.228,56.1379092957421
258490,,79.6,,,,,,
258491,,,,,73.7,,64.62555069992652,
258494,60.15108992981214,,,,,,76.246,56.37565346017756
258505,,,77.398,56.673549889960015,63.85853311491812,,,
258507,,,,,77.126,,,
258510,52.08580499853374,,,,,70.82,56.883522349595985,
258515,,,,,,70.222,,
258517,,78.55,,,,,,
258522,,75.18,,,,,,
258523,,,,,75.21000000000001,,,
258526,,,,,,76.422,,
258528,,,54.9849945142739,,77.994,,59.16839604247329,
258533,57.22796767767311,,50.81141088809612,,,,72.16,
258536,,,,,,,77.498,55.751604723203506
258547,,,,,,74.686,,
258553,,73.33,,,,,,
258564,,,,,72.952,,,
258574,,,,,76.82,,,
258575,,84.91,,,,,,
258580,65.41186049277653,,,,,,70.15547197286358,85.81200000000001
258596,,,69.0811034480409,78.72,,,,
258601,,,78.812,62.85539398733621,,,,
258602,,,,,,54.606062214776514,78.842,57.62974490725958
258604,,,,,76.194,,,
258606,,,,,72.878,,,
258607,,81.67,,,,,,
258608,,,,,,53.84136034376941,68.7786930805112,80.46
258615,57.16543435464753,,78.134,,,,,
258616,,74.27,,,,,,
258619,,,80.376,73.02146488174553,,,,
258620,,,,,,74.254,,
258626,76.59,,,,,,54.36402393065625,
258627,,,,,,,74.354,54.40584491414266
258635,,,70.65,50.0137248521553,,,,
258642,,76.03,,,,,,
258648,,,,,84.80199999999999,,,
258652,,75.67,,,,,,
258667,,,,,75.388,,,
258679,,,75.28999999999999,55.80152163981748,,,,
258683,,,81.828,,,,,
258684,,,,,79.22,,,
258685,,,,,,77.48400000000001,,
258687,,76.11,,,,,,
258689,,,,,,,65.99257924851281,72.236
258691,,,,,73.736,,,
258698,79.56,,58.49049694374362,,,,59.94744960256977,
258700,,,,,,52.23668049100571,76.232,54.03350079412007
258702,,,,,75.464,,,
258708,,77.68,,,,,,
258709,,,,,,74.69200000000001,,
258710,,,,,,75.218,,
258713,,,,,75.562,,58.975944948606305,
258714,,,59.410445156349084,,80.638,,60.23799447488246,
258715,,,,,,81.982,,
258717,,,,,,,73.55799999999999,52.854391993352465
258722,,,,,,,75.82,63.4224753961073
258725,,73.88,,50.091261873896926,,,,
258728,,78.16,,,57.191149856647584,,,
258729,79.88,,79.23319273216899,,,,,
258730,56.54613540479381,,,,,,71.26212779524045,80.454
258731,,,,,,,78.754,58.358533460663935
258740,,,,,70.504,,,
258746,,,,,78.10971964750276,,82.29599999999999,
258747,,73.05102099552161,,,72.95,,,
258749,,,,,,71.196,60.4965163211148,
258753,,,,,,,71.69400793200056,79.632
258758,,,,,,,77.008,54.67591551460852
258766,,,,,77.518,,,
258769,,,76.384,55.71676762226865,,,,
258771,,,,,,,76.298,63.29488021537556
258775,62.35768384453692,,83.364,,,,60.95078277697977,
258776,,72.1,,,,,,
258777,,77.92,,,,,,
258781,,84.33,,,,,,
258782,,80.8,,,,,,
258784,,,76.188,,,,,
258786,,,,,78.016,,,
258788,76.84,,,,,,64.22491671290784,61.11596703260802
258804,,72.63,,,,,,
258805,,,,,73.024,,,
258806,,75.65,,,,,,
258812,,79.82,,,,,,
258813,55.63582195650728,,54.35177199004048,,,,75.52199999999999,
258817,55.42213212042998,,,,,,77.106,62.78413424167262
258821,,,,,,,73.244,53.839262979546305
258822,,,58.35894388059653,61.14810281069273,76.212,,,
258823,,,,,75.0,,54.01541866955214,
258826,,,,,79.752,,,
258834,,,,,,73.748,56.731317331482884,61.92205481816529
258843,,,,,,,72.092,52.12987906925537
258844,,,,,73.544,,,
258846,,,,,,79.352,,
258870,,60.76968981826868,,72.96000000000001,,,,
258874,,73.03999999999999,,49.70672367412922,,,,
258875,,,75.174,,,,,
258880,,,,,79.274,,,
258881,,,,80.47,64.06883774822974,,,
258890,77.75,,68.65998978184889,,,57.544597834446776,,
258892,,,53.943714008505204,,,,67.44520294683973,77.226
258893,,74.5,,,,,,
258903,,71.42999999999999,,,,,,
258906,,,,,,57.495036280397805,80.628,63.95213060578796
258908,,85.18,,,,,,
258910,,,,,,73.196,64.17553112562273,56.93937825634337
258911,,,,,,84.13,,
258920,,74.64,,,,,,
258922,,,,,59.480455622694386,,76.72,
258923,79.44,,,,,,,
258924,,,,,,70.37144402458762,79.75399999999999,
258925,,,,,,72.512,63.35698244352437,
258926,,73.53999999999999,,51.24879424983932,,,,
258930,,,,,,78.592,,
258931,,,,,76.642,,,
258932,,,,,,57.8556542164791,78.208,60.12597953862516
258937,61.46963828686869,,82.194,,,,,
258942,,,,,,,69.24656438538126,77.044
258946,,76.74,,,,,,
258949,,,,,,,80.212,61.051612915489855
258953,,,,,66.49051055946542,,73.466,
258966,,,64.49291953626197,,83.71000000000001,,62.142437541339206,
258969,,,58.55938702922556,70.49,,,,
258972,,79.39,,,,,,
258976,,,,,79.214,,,
258977,,,,,,,76.126,
258981,,,61.88179331742644,71.36,,,,
258984,,,75.682,60.76027091366961,,,,
259011,,,,,,76.866,73.76708885864494,59.56286701416396
259027,,,,,80.0,,60.24785151542875,
259031,,,,,,84.028,,
259036,,,,,76.714,,,
259039,,,,,72.036,,49.805841612596325,
259043,,,55.26091657205425,,78.5,,61.863471645854524,
259053,,77.37,,,,,,
259054,,,,,,53.865393845282505,77.17,59.93549920062517
259058,,55.14025615259282,52.769357986106236,76.08,,,,
259066,,83.88,,,,,,
259070,,,,,,76.31,,
259074,,77.84,,,,,,
259075,,,,,82.402,,68.5835057118874,
259082,,78.44,,,,,,
259091,,,,,75.556,,,
259093,,,,,72.6,,,
259101,,,,,76.516,,,
259103,,72.19,,,,,,
259105,74.75,,,,,72.15181603311349,,
259107,,,,,,78.186,,
259111,,,,,76.95,,55.564085568674706,
259114,,,,,,68.21179968178438,75.306,
259119,,78.57,,,,,,
259120,,70.71,58.13268891007756,56.36539523101162,,,,
259128,,,,,74.002,,,
259130,,,,,,75.744,53.56000099788343,
259131,56.006664775232636,,,,,,76.638,58.65358528429354
259134,,,73.136,51.44605479848406,,,,
259139,81.39,,,,,,71.051019089609,62.70433414005762
259147,,73.24,,,,,,
259150,,81.77,,,,,,
259159,,,,,71.93,,,
259162,,,,,,77.554,,
259163,,79.76,,,,,,
259170,57.39692955056478,,,,,,67.75862898078071,79.76
259173,,78.37,,,,,,
259184,48.99897866416893,,,,,,73.138,52.75483001643872
259185,68.22149563901993,,76.208,,,,,
259186,,,58.433439976072805,71.12,,,,
259188,,80.86,,,,,,
259190,,,67.67385346485145,79.49,,,,
259191,,,,,,,81.642,66.03843249811754
259192,,,,,,76.074,,
259194,,,71.386,,63.947073550099944,,54.395972152017166,
259197,,,,,,84.768,,
259205,52.485410136475444,,74.956,,,,,
259209,58.02767018021804,,,,,71.06,,53.46622834079422
259215,,78.61,,,,,,
259230,,73.12,,,,,,
259233,,,81.604,63.08023175608269,,,,
259240,,,70.6156719567535,83.97,,,,
259245,,,,78.2,74.02094983455004,,,
259249,73.3,,52.0587549589886,,,,57.065262897658386,
259251,,,,,,79.328,,
259252,,,,,,75.1,,
259261,,,73.146,59.550912076184275,,,,
259268,,,,,,75.734,57.77108430870701,60.27207067143424
259269,,,,,,73.576,,
259271,,73.48,,,,,,
259272,,,,,75.578,,,
259288,,,,,,73.684,54.251382519220996,
259290,49.00204520633974,,73.3,,,,,
259292,,73.81,,,,,,
259298,,79.34,,,,,,
259299,,78.22,,,,,,
259306,78.72,,69.74821404988953,,,,,
259307,,,,,84.61,,,
259316,,,79.144,,,,,
259319,,73.38,,,,,,
259331,61.1962265399611,,76.65,,,,58.149634625910046,
259356,80.94,,60.53144439094473,,,,63.17005055503019,
259361,,,,,74.3,,,
259377,66.13605226499703,,,,,,84.084,66.14890970419893
259389,,,,,71.876,,,
259399,,,,,,81.92,,
259403,,,,,,,74.024,51.999326351458805
259406,,,,,,71.594,53.55453591422419,52.99443386604531
259410,,56.07649399547897,,77.87,,,,
259422,,,,,,,78.108,59.88622254161611
259423,,,,,,76.974,,
259426,,,,,,,74.21000000000001,54.75767848773084
259427,,,55.090879262975164,77.61,,,,
259442,,77.6,,,,,,
259443,,74.61,,,,,,
259453,,,,,76.53,,,
259456,58.141792264682785,,72.838,,,,53.49607177953244,
259475,,,74.62,56.55301696407688,,,,
259476,,,,,,70.326,,
259478,,,66.34117311456033,78.67,,,,
259480,83.67,,,,,,68.77284858971912,62.7310172388165
259500,,,,,73.28813038855117,,75.28399999999999,
259507,,,,,,,76.196,56.98843375610697
259511,,49.56859821826252,,,70.5,,,
259514,,,,,,71.842,,
259516,,,64.71824227963137,85.17,,,,
259518,,74.53,,,,,,
259521,,,81.794,,,,,
259522,76.98,,,,,,,
259524,,83.72,,,,,,
259537,,,,,,77.89,61.41637857921693,58.58852174747067
259542,,75.9,,,,,,
259543,76.75,,63.36591546745421,,,,,
259544,,,,73.05,51.59670058756346,,,
259559,,,,75.93,,,,
259563,62.93930392468634,,,,,,80.992,58.99796212914429
259565,,,,,,81.072,59.485952538793825,
259568,,74.43,,68.90929073390863,,,,
259569,,,,56.31091560749286,67.7686259840612,,76.664,
259570,,,,,,,76.436,63.8550516908514
259579,,,,,,76.344,,
259581,,75.15,,,,,,
259582,,,77.16,63.311140656084376,,,,
259583,,,,,85.196,,,
259584,,,,,79.37136327692151,,81.202,
259586,,,,,76.64961356677695,,78.408,
259608,,,,,,79.878,,
259612,,,55.78646058482733,76.0,,,,
259615,,,,,,73.046,59.789018197657526,53.3627047728604
259617,,,,,71.32,,,
259621,,,,,,72.47200000000001,,
259627,,,,,,,66.67702889867962,78.586
259633,82.01,,,,,,64.81158066210658,61.847202927461275
259634,,,,,77.244,,,
259643,69.18,,,,,,51.74862215587707,
259644,,,70.694,51.30501728494264,,,,
259655,,72.44,,,,,,
259657,,77.8,,,,,,
259659,,,,,72.764,,,
259669,72.18,,,,,,66.24683075261362,
259673,,76.99,,55.92027991946031,,,,
259675,,,57.76540651824365,79.85,,,,
259677,75.9,,67.53708610513709,,,,,
259680,,,65.06028065788907,78.65,,,,
259682,,,,,71.636,,,
259690,,,78.32,56.53045385562627,,,,
259694,,,,,84.528,,,
259714,78.38,,72.34441247970037,,,,,
259716,,,60.833108322263,61.29953410326985,83.142,,,
259723,,76.13,,,,,,
259726,,,,,,73.406,,
259730,,74.17,,,,,,
259747,,,,,,74.746,,
259748,,81.24000000000001,,,,,,
259750,,,,,,78.834,,
259751,,,,,,71.914,,
259752,,,,,,74.468,,
259754,,,,,82.142,,,
259762,,,,,79.54599999999999,,,
259763,,76.36,,54.6589085656332,,,,
259766,,,,,71.322,,,
259767,,,,,74.62061134856775,,75.842,
259776,,,,,75.108,,,
259779,,,,,,74.732,,
259781,,,,,,61.496628110536506,76.704,62.40632988696826
259786,,,,,78.732,,,
259788,,82.66,,63.80748770460921,,,,
259789,,,,,76.54387769848164,,83.15,
259790,,,,,,,78.488,57.878831790425615
259797,73.03,,72.38584879171566,,,,,
259816,,,,,,72.48816167315778,80.672,
259825,,,,,,,77.774,57.3997796879927
259833,,,,,78.732,,,
259834,,,74.512,,,,,
259843,,77.05,,,,,,
259847,,74.56,,,57.78022097970116,,,
259848,,,,,80.72200000000001,,,
259854,48.55296166803322,,71.34400000000001,,,,,
259855,,,,,,73.648,,
259862,,,,,74.164,,,
259868,,,84.318,71.86256016235734,,,,
259869,,,,,77.352,,,
259873,,74.05,,,,,,
259874,,,52.41155004593198,76.59,,,,
259883,55.16838747214406,,,,,76.63,52.488554850991235,
259896,,,,,,74.906,,
259908,,,,,73.524,,56.23918766184767,
259913,84.66,,,,,,67.39880117101131,
259916,,73.14,,,,,,
259920,,,,,74.26,,59.84200500663822,
259921,,,,,,78.352,59.804315774350464,59.501129948426886
259923,,,52.112905370508834,73.95,,,,
259926,,,,,,55.295899430080894,74.71600000000001,57.14440959494132
259941,,,,74.37,,,,
259954,,72.23,,,,,,
259971,,,,,,,74.78,55.37413085583872
259978,,,72.022,64.19971904174719,,,,
259990,,72.81,,,,,,
259993,,,,,,,73.518,55.638833201310135
260000,,,72.148,,,,,
260001,,75.49,,55.18836471566079,,,,
260004,,,,,74.136,,,
260010,,,,,73.624,,,
260014,,,73.85,,,,58.297422491995974,
260020,,,,,,79.69200000000001,64.8205295957449,61.76812794611391
260030,,,,,,78.238,,
260044,,,,,,73.45400000000001,,
260046,,,71.28999999999999,52.87749093650026,50.69957584001913,,,
260056,53.284845079710536,,76.25,,,,,
260071,,,,,67.67696559695187,,71.738,
260076,,61.72558389907794,,80.78,60.34656756333231,,,
260078,,,,,74.514,,,
260082,,,,,75.952,,,
260083,,76.87,,56.7771427176977,,,,
260086,,,,,,76.446,,
260094,,76.86,,,53.678735482829396,,,
260098,,76.81,,,71.89861698272654,,,
260099,,,,,76.616,,,
260100,,,,,75.534,,,
260105,,81.59,,,,,,
260133,51.57773670955826,,72.402,,,,,
260135,,,,74.28,,,,
260138,,,,,74.8,,55.54135423540926,
260140,,,,,,74.95400000000001,,
260141,75.66,,63.598172635195915,,,,,
260142,,,,,72.52199999999999,,,
260144,,,75.14,63.69482622877975,54.32242115293055,,,
260145,80.53,,,,,,68.24701499635736,61.264986204163485
260149,,,76.38,53.21389180407359,,,,
260159,,75.21000000000001,,,,,,
260162,61.419144194617914,,79.932,,,,,
260176,,,48.325787028915215,70.65,52.853455968668825,,,
260178,,,,,79.71600000000001,,,
260183,51.86487394218385,,73.168,,,,,
260186,,,,,75.446,,54.30081087871509,
260193,,,,,,,75.152,59.047836396269595
260195,,,73.776,,,,,
260204,,,,,75.946,,,
260228,,,,,,,75.58,63.398181800942105
260233,,81.1,,,,,,
260235,,,,74.88,,,,
260236,,,,,,76.618,65.96124249890303,62.22535398868585
260238,,,,,76.662,,,
260247,85.72,,71.89146854661067,,,,64.48262274416425,
260257,52.276208997816305,,,,,,75.97,58.66646530182452
260264,,,,,,74.13,,
260267,51.132792704077175,,74.02,,,,,
260272,77.87,,58.01685230485903,,,,62.25375493722327,
260282,,,,,77.158,,61.40748795265809,
260290,,,,,,82.13,,
260302,,53.22411669587349,,71.87,,,,
260336,61.13535424878613,,,,,,74.892,
260340,,,,,,73.972,52.78429273334171,
260343,,,,,75.47,,63.61516646433971,
260344,,,,,,,72.082,59.5011586816405
260369,,,65.95475132388732,77.56,,,,
260379,62.13061007834381,,,,,,72.91,
260380,,74.39,,,,,,
260383,,,,,74.606,,,
260388,,,,,,75.926,,
260396,,,,,,75.706,,
260397,,,,,,,74.32497380228696,79.146
260398,55.524467329629594,,76.676,,,,,
260401,59.18271853586785,,,,,,54.50958156014363,72.98
260402,54.763785806881856,,,,,,72.488,53.48483116756343
260403,,,57.55031764362124,71.6,,,,
260404,,79.84,,,,,,
260405,,76.68,,,,,,
260407,,,,,,80.97800000000001,,
260421,,,71.658,55.517194573827126,,,,
260432,,,,77.2,,,,
260436,,76.09,,,,,,
260443,,,,,,72.894,,
260456,72.5,,,,,52.114049266924205,58.95374349702805,
260463,78.23,,,,,,57.12662637001061,
260464,,,75.762,64.32566467416783,,,,
260466,,,,82.81,,,,
260473,,,,,73.064,,55.957757379649934,
260474,,,58.43652110728135,79.03999999999999,,,,
260477,,54.030723947991646,,,74.59,,,
260478,,,,,,,79.542,
260479,,,78.374,,,,,
260482,,,,,,75.838,,
260485,,,,,,73.332,56.15804129710194,56.56246682293137
260492,,,,,,,79.318,59.54867516619348
260497,,,,73.93,,,,
260501,,,77.19200000000001,66.55212770519502,,,,
260507,,,70.118,52.75751060574339,,,,
260514,,,,,71.22,,,
260520,,,,,,,72.26076659248542,74.134
260521,,,,,78.758,,,
260533,,,,,72.432,,,
260546,,62.514170849825874,,77.98,,,,
260547,67.12262404304042,,74.01400000000001,,,,55.413647351939105,
260555,,73.66,,,,,,
260558,78.03999999999999,,,,,,71.13984376233986,60.037127697138324
260561,,78.8,,,,,,
260562,53.2777830340062,,,,,,75.844,57.36733566832334
260564,,,,,,74.086,,
260567,,,,,,76.018,,
260570,69.4322969773206,,,,,,81.31,59.39268919525784
260574,,,,,80.72800000000001,,,
260577,55.4975198494792,,58.953211175889805,,,73.182,,
260586,,74.31,,,,,,
260592,,,,,,85.112,,
260593,,,78.428,62.74733462748495,,,,
260599,,,61.09351270569479,84.28999999999999,,,,
260601,,,,,,,81.44,61.111432374999225
260616,,,50.369909407604155,70.67,,,,
260617,,72.91,,,,,,
260621,,73.71000000000001,,,54.517902120866005,,,
260635,,73.84,,51.82776366747574,,,,
260638,,,62.27085598372135,74.0,,,,
260643,,,,,,73.568,,
260645,,,,,,,77.214,64.99501499705678
260651,,,,,,67.95877935120411,81.47,62.40549571109842
260653,,,,,72.11154604860808,,76.348,
260657,,,,,,,74.11,56.31953340555492
260669,,,,,,,73.80199999999999,53.78465914484953
260683,,,,,69.17015603950973,,75.708,
260692,,73.45,,,,,,
260697,,84.32,,,,,,
260723,,,,,,72.49,,
260727,,,,,70.95,,49.65718408046596,
260728,,,,,,71.334,,
260732,,,,,71.864,,,
260734,55.37023832895589,,,,,,78.396,
260738,55.01821631591064,,,,,,64.65397596275895,78.156
260739,,,,,,,75.368,53.931333864838436
260770,,,47.76010061617729,70.91,,,,
260772,,,,,,,73.9,54.63571649319343
260779,,,,,,,82.416,65.39877335290767
260789,,,,,,70.03,,
260798,,73.19,,,,,,
260813,,,80.29599999999999,62.73653299786143,,,,
260814,75.28999999999999,,,,,,62.529937308998036,58.079419581116916
260815,,,,,83.674,,,
260818,,72.96000000000001,,,,,,
260823,,,82.538,61.32194315039177,,,,
260825,,,,,,71.69200000000001,,
260826,,,,,,,78.16,58.76367719325288
260842,,,,,78.834,,57.1242256923231,
260843,,,,,,,71.68981238324167,81.176
260874,,75.64,,,,,,
260876,57.424300804022195,,78.928,,,,,
260877,,,77.22200000000001,62.04988792080962,,,,
260896,,,,,,77.47800000000001,,
260908,,,,,86.944,,,
260910,62.22852108180013,,,,,,56.17616931336008,74.946
260914,,,,,,57.51794988947641,72.976,54.08495327741868
260925,55.6829827124807,,58.73322814595655,,,,77.77199999999999,
260926,,,,,,73.49120839567267,83.656,63.118162866220295
260927,47.43841896364567,,70.41,48.619547472859765,,,,
260930,,70.75216804287925,,,78.178,,,
260931,,80.5,,,,,,
260941,,,,,,75.44200000000001,,
260943,,,,,,56.96652719876283,78.902,57.969149244966765
260951,,,,,,74.826,,
260952,56.94692024739847,,,,,,71.61791513107316,81.44800000000001
260972,,,,,,,77.696,60.37567864294191
260977,,,75.754,64.23140326065177,,,,
260984,69.61482644041719,,,,,,75.256,
260990,57.36728980907061,,70.664,,,,,
260994,,,,,,,71.828,54.36877976346865
261000,,,74.088,,,,,
261004,58.02463177492748,,76.522,,,,66.93834781881176,
261011,66.2313331363065,,55.21799192229971,,,,77.776,
261015,61.597049564986214,,,,,,81.998,63.303677196364035
261016,,60.690757431950075,,56.62335669695879,76.314,,,
261019,,,62.248623070244655,74.48,54.31869970883667,,,
261025,,,,,,73.47,,
261028,,,,,78.444,,,
261031,56.1771095179435,,,,,,59.841416200696074,75.108
261032,,,53.6026253034741,73.47,53.24246764593178,,,
261035,,,,,,,69.23502708985286,79.33
261040,,76.39,,,,,,
261047,,,,,,74.5,,
261050,,,,,,,84.04599999999999,63.8541434936296
261053,,75.24,,,,,,
261054,60.248400671657244,,,,,,71.84,
261055,,,,,71.458,,,
261062,,77.01,,,,,,
261063,,,,,77.414,,,
261072,,,,,,76.71600000000001,57.24834068086868,
261078,,,,,74.486,,,
261082,57.00262891537185,,79.742,58.22141327544789,,,,
261084,,,,,,78.202,,
261085,,,,,,74.394,53.456906055724566,
261088,,,,,72.926,,,
261097,,71.89765541837417,,,79.52,,,
261098,,,,,73.678,,,
261099,,,71.962,,,,,
261100,,,70.772,,,,,
261105,,,,,,54.46086578478007,75.178,55.69727015367419
261108,,,78.822,,,,,
261110,,,,,72.696,,51.19872077946829,
261114,,,,,,52.01068895634362,73.356,
261115,,,,,,80.186,,
261116,55.658756808967766,,69.938,,,,,
261122,,,,,73.19,,,
261126,,,,,,72.226,,
261128,,77.03,58.24824956023312,61.188845752681175,,,,
261140,,75.83,,,60.572659402370725,,,
261141,55.98102626341081,,75.588,,,,54.40989581854226,
261143,,,78.842,,60.97336085672607,,63.818627612923265,
261145,,,,,,,73.27128814702681,77.55799999999999
261153,,,,,73.492,,,
261155,,,68.8474313376133,55.72724227401789,77.878,,,
261160,,,,,,77.838,,
261161,,,,,,80.254,,
261171,,,53.14948104406892,76.47,,,,
261172,,,72.71600000000001,51.932157648992685,,,,
261177,,,71.668,50.07388226400695,,,,
261180,69.93,,,,,,52.1564117354107,50.378434200881834
261182,,77.53,,,58.41156915333658,,,
261183,,,,,,,73.056,57.50234997162172
261188,,,,,,61.48934132585339,83.818,66.77626749849351
261190,,,,49.640225369260314,71.98400000000001,,,
261195,67.20879456531428,,,,,,80.77,60.535912207832766
261196,,,,,71.77799999999999,,,
261200,71.64,,,,,59.61991400744695,53.946147739527404,
261202,50.17406807958322,,,,,,73.268,59.4768073810044
261204,,,,,,80.306,66.5123192665254,65.86822751104151
261211,,,,,,71.97200000000001,,
261224,,,,,79.928,,,
261225,,75.71000000000001,,,,,,
261243,,,,,74.88721119128486,,75.894,
261244,52.089966036401776,,61.15428370407187,,,,75.41,
261245,,,75.042,54.967936904411594,,,,
261249,,,70.47222542735666,76.53999999999999,,,,
261261,77.49,,,,,,66.87450018310278,58.18033941466376
261262,,,,,77.564,,,
261264,,81.81,,,,,,
261276,56.843034446698724,,48.95172217287793,,,70.69200000000001,,
261281,,80.61,,,,,,
261283,,,,,,77.164,,
261293,,,,,,72.638,,
261295,51.320336198823945,,73.666,,,,,
261298,,,73.97,64.48061540971646,,,,
261299,79.5,,72.8385202383968,,,,,
261300,,,74.776,58.21751216796964,,,,
261304,,,,,73.102,,56.51060414125499,
261307,61.41621056695756,,,,,,70.95833820111181,82.412
261312,,,,56.145851708369165,61.50647172320301,,76.894,
261313,,,,,80.22200000000001,,,
261325,,,,,,76.114,,
261335,,,,,79.684,,,
261336,,,,,,,81.31,65.18269143172401
261339,,,,,,71.34,,
261348,,,,,,,66.73705018244334,73.336
261351,,,,,75.94200000000001,,55.40538749621446,
261352,49.981499862054875,,52.176323227732375,,,,70.718,
261357,,,,,,70.02199999999999,,
261358,,,,,,72.354,,
261359,,,52.9070301854975,,73.444,,52.75107303930871,
261360,,58.53862534022208,,73.73,,,,
261374,,,75.202,,,,,
261377,,75.61,,,,,,
261386,,,74.898,60.26320594701041,,,,
261390,,,72.018,52.20805151191651,,,,
261391,,,51.27562714604271,,,,61.46176642933244,73.548
261400,,,,78.37,,,,
261420,49.86529199204857,,,,,,73.226,51.29653590499343
261422,,78.99000000000001,,,,,,
261432,,,,,,75.108,,
261438,,53.016900152923476,50.678409985008535,74.97,,,,
261442,,,,,,,70.194,55.194065477398766
261444,,,,,,,67.38620870643884,76.79599999999999
261446,,,,,75.032,,57.003211083630674,
261453,,,47.696751945522735,70.68,,,,
261454,,,,,,70.398,,
261456,52.88454470769866,,74.856,,,,59.083803829420056,
261457,,,,,,74.038,,
261478,,,,,,79.638,,
261490,,,,,,75.484,,
261495,,79.48,,,,,,
261502,,,71.02,,,,,
261504,,,,,72.924,,,
261512,,75.42,,,,,,
261528,59.90217683060219,,,,,,75.35,53.9850941945081
261530,,,,80.97,,,,
261531,,,,,73.91,,,
261539,,,,79.89,,,,
261552,53.769423797604574,,58.668580312978506,,,,75.75399999999999,
261563,,,,,58.214680574348634,,73.73,
261565,,73.5,,,,,,
261573,,79.64,,,,,,
261582,,,,,70.962,,,
261606,,73.42,,,,,,
261614,,,,,,,74.782,59.64695720526859
261616,,,,,81.264,,,
261618,,,,,,71.342,,
261636,,,,,,74.30199999999999,,
261637,,,72.598,62.28370102900944,,,,
261647,,80.13,,,,,,
261648,66.37991740394209,,77.788,,,,,
261652,,74.97813990228327,,,76.614,,,
261653,,,,,,74.58,,
261654,,60.8835011237076,,,82.702,,,
261659,,,,82.92,,,,
261661,,,64.88133381321535,75.7,,,,
261670,,74.84,,,,,,
261673,,71.23,,,,,,
261691,,,53.78382589042739,,53.023609771565134,,75.366,
261732,,,,,,54.9245187848267,73.46000000000001,54.00226413662141
261737,,79.74,,,,,,
261745,,,,,76.498,,60.71826572453569,
261753,,,,,,70.722,50.35596060842248,
261758,,,,,,78.69,,
261762,,,50.710528514453635,,72.738,,54.61992797279365,
261763,,72.94,,,,,,
261765,50.85302425467709,,72.334,,,,,
261766,,,,,,76.63,,
261769,,77.44,,58.31475021753544,,,,
261771,,,,,,76.59,,
261772,,,,,,56.94136996646627,73.206,54.222143613708134
261776,,72.64252827316679,,79.68,,,,
261815,58.17845395578427,,,,,,73.076,
261821,,73.15,,,,,,
261822,,74.39,,,,,,
261861,,,,,,70.50800000000001,62.87516386839936,51.52945860883835
261865,,,,,85.702,,67.19076884988932,
261872,,,,,,,71.382,53.66015273636505
261874,,72.63,,,,,,
261875,,,57.76593735896076,74.72,56.41879173657943,,,
261876,70.41,,49.98801031133234,,,,56.34598248126504,
261880,,,,,,,71.0319708627962,76.28
261885,,76.16,,,,,,
261886,,71.89,,,,,,
261927,,,,,,,75.22200000000001,56.50462401019674
261947,,,,,,47.29744886226551,71.434,51.74960172084851
261970,72.75999999999999,,65.06033755172126,,,,,
261987,,,61.63834192949996,80.42,,,,
261989,,61.14752226243274,,,74.66,,,
261991,,,,,79.622,,,
261992,,,,,74.614,,,
261993,75.48,,55.699065997318556,,,,54.65368265960626,
262005,,,,,,72.098,,
262024,,,,54.852797134222534,75.426,,,
262025,,,,76.89,,,,
262026,,,60.23558858930407,73.33,,,,
262027,,77.68,,,,,,
262029,,,,,,71.234,,
262039,,,,,,,74.43,57.93972255686039
262042,,82.44,,,,,,
262045,,,,,75.342,,,
262057,,,,,,,75.05199999999999,55.80951155763915
262062,,,60.44645899489448,76.99,,,,
262071,,75.69,,,62.42208490376818,,,
262072,,58.56976734585794,,78.05,,,,
262079,,71.31,,,51.05126730269998,,,
262081,,,,,,66.56343905489727,76.392,
262082,,,,,,74.872,56.39617284716242,59.78234680735402
262083,54.70779140945564,,77.8,,,,,
262088,82.24,,62.72156480426321,,,,62.11544714468731,
262091,,,75.746,69.21009296891512,,,,
262094,70.8,,,,,,63.63655279935667,54.465167364319385
262100,,75.83,,,,,,
262102,,75.89,,,,,,
262105,,,,,,,78.876,60.60495484523015
262109,,76.12,,,,,,
262113,,,,,,,82.532,
262117,,,,,75.282,,,
262118,,,,,84.304,,,
262119,,79.25,,,,,,
262135,,,,,79.85,,,
262137,,,76.336,55.525846567429014,,,,
262138,,85.24000000000001,,,,,,
262140,,80.86,,,,,,
262142,,76.58,,,,,,
262148,,,75.456,55.451372034799654,,,,
262149,51.8683660140931,,56.89097995308637,,,,75.176,
262150,,75.73,,,,,,
262151,,,,81.15,,,,
262160,,74.9,,,,,,
262170,,,,,,72.124,,
262171,,,79.892,72.1049915672986,,,,
262173,,,,,75.02799999999999,,,
262175,,,72.544,,,,,
262212,,61.94990898909723,,,73.332,,,
262216,,,,,75.314,,,
262217,,,,,,,77.32,58.17079022876184
262218,56.12280845612749,,80.194,,,,,
262219,,64.07141094513831,,,78.478,,,
262220,,75.31,,,,,,
262221,77.32,,,,,,,
262222,,,75.32,54.18529860213993,,,,
262224,,,,,75.2,,,
262227,,,,,,73.566,,
262236,,,77.744,56.44091362402617,,,,
262237,,80.39,,,,,,
262240,76.00999999999999,,,,,,64.66945467435264,56.5129747495689
262242,50.473940811560084,,71.46000000000001,,,,,
262255,,,,,78.246,,,
262260,54.45196008563637,,74.664,,,,,
262267,50.29369712166078,,,,,,74.47,
262268,,75.26,,,,,,
262283,69.45,,47.9458895799513,,,,48.97049191934347,
262284,,,76.976,59.36696795817605,,,,
262289,,,,,,,70.28373187554286,77.424
262290,,,,,,71.124,,
262297,,51.4640041325,,71.89,,,,
262299,,77.94,,,,,,
262300,59.87787425451998,,,,,,79.492,59.86871520107749
262311,,,,,80.94,,,
262314,,,,,,78.378,,
262316,,,72.026,,,,,
262334,,,62.45391518547312,78.2,,,,
262335,,,,,,,66.65246262450863,77.096
262339,,77.39,,,63.648968532262884,,,
262342,,73.1,,55.23020568696286,,,,
262344,,80.58,,,58.888994366303585,,,
262349,,,71.694,53.4045685887324,,,,
262361,52.62894373362374,,75.102,,,,,
262362,,,54.531753236272564,,53.01665988188003,,74.168,
262363,,,72.248,,,,,
262383,,,74.78999999999999,67.0232644413256,,,,
262384,71.32,,55.34411222684217,,,,57.71906996519838,
262394,,83.66,,,,,,
262396,,79.72,,,,,,
262397,74.23,,70.13225961546556,53.90743964259957,,,,
262398,57.765869794913314,,,,,75.752,,
262400,,,,,,,73.176,53.33184561220952
262402,,,,,84.518,,,
262403,,,73.06388716714181,77.14,,,,
262404,,77.85,,,,,,
262411,,,79.674,68.76617697862535,57.55079516139168,,,
262414,71.14679072188373,,,,,,78.644,56.35660573029798
262416,,,,,,,78.368,60.443326511873124
262423,,79.72,,,,,,
262430,55.73503633405301,,,,,,78.326,60.07613760985569
262442,,,,,73.45,,,
262443,,,53.323994523929464,73.99,61.12088119695909,,,
262447,,,,,,79.858,,
262465,,76.11,,,,,,
262470,70.35,,,,,,58.14149712585379,49.909074272129125
262473,,,,,80.338,,,
262474,,77.35,,,,,,
262479,,,,,78.138,,55.52580974952494,
262480,58.034042037906396,,,,,,76.958,55.17138906165119
262483,,73.33,,,,,,
262498,,,,,75.82,,,
262500,,,80.124,61.53127858793275,,,,
262501,,,60.0419720491782,76.87,55.78177835086439,,,
262504,,76.03,,,53.2110324601391,,,
262510,,,79.326,59.08268791329919,,,,
262513,,,,,,74.81,,
262514,,,,,,72.968,,
262523,,76.4,,,,,,
262525,62.293042405256855,,79.514,,,,,
262534,,74.77,,,,,,
262537,70.33,,58.89826658565445,,,,,
262538,53.429858835176276,,,,,,64.94504376411939,77.49
262539,,,,,,,64.63501569906292,75.574
262541,51.50885264878784,,72.508,,,,,
262551,,,75.914,55.70545163013185,,,,
262558,,,,,71.26599999999999,,,
262566,,,,,76.658,,,
262568,,67.78145285075848,,,74.864,,,
262569,58.407348512208614,,71.108,,,,,
262573,65.0367962659715,,,,,,55.9480488313066,77.31
262575,,,,,,71.762,,
262576,,,,,,70.548,,
262581,,56.036009074025856,54.34938166059875,77.48,,,,
262583,73.59,,,,,,64.28093946592136,54.921432047615305
262584,,,,,,,74.09,
262585,,,,,,,75.934,55.09479846904324
262586,,,,,,,76.662,56.014468871585706
262587,,,,,,77.914,,
262588,,76.32,,,,,,
262590,,,,,,,72.164,60.244976617475785
262591,,77.66,,,58.803168157057726,,,
262593,,,,,73.486,,50.682711675139835,
262597,,76.97,,,,,,
262604,57.30744022587345,,,,,,80.626,59.869010510214956
262607,,,,,74.768,,,
262620,53.03276187079697,,,,,,75.138,58.71820097985748
262635,,75.03999999999999,,58.36345220312806,,,,
262642,67.16634058063475,,,,,80.69800000000001,,
262644,,,57.531560706461335,,79.396,,61.29774231068203,
262645,,,,,65.97533454610277,,73.094,
262652,,,,,,59.69787416817644,60.19545364890681,77.224
262657,,,,,,80.882,59.259390858192624,61.1785245500415
262664,,75.31,,,,,,
262665,,75.65,,,,,,
262666,,,,,81.52799999999999,,,
262667,53.80387454063396,,74.77,,,,55.33780107185699,
262668,,,,,78.664,,,
262669,,,79.886,57.81656595828959,,,,
262671,,,,,73.188,,,
262672,,,,,,,79.886,59.41496682484852
262681,,,,73.1,,,,
262685,65.0069456249431,,,,,,71.086,
262691,,,,,73.13,,,
262699,71.45,,50.320284461413515,,,,60.641816002376565,
262704,,73.27,,,,,,
262709,,76.98,,,53.89720149106736,,,
262713,,,,,75.594,,,
262714,,71.47,,,,,,
262721,,,,,,54.41525665019968,64.97128991114029,77.494
262728,,,,,,76.176,,
262731,,74.35,,,,,,
262732,,,,,,72.592,,
262733,52.60035189922924,,72.69200000000001,,,,,
262738,,,,,,73.444,,
262740,,,,,,,78.014,60.14709511765125
262744,,,,,,75.164,,
262745,,,83.07,64.64962927300259,,,,
262748,54.728305972671016,,,,,,73.518,58.738104592968156
262752,,,72.348,,56.29525533224565,,62.538103924454,
262754,,61.79463659415518,,76.11,,,,
262768,,71.58,,,59.28263052638327,,,
262776,,,,,,73.47,,
262788,,,,,75.346,,,
262790,,56.571118397579696,,,77.804,,,
262792,,72.67,,54.9345629815418,,,,
262794,,,,,77.716,,,
262800,,,,,,75.902,,
262815,,,,,78.402,,,
262822,,80.02,,,,,,
262825,,,72.6,52.31144210383101,,,,
262831,,,,,,72.514,,
262838,,,,,,72.688,,
262839,57.04380414505627,,71.94800000000001,,,,51.12557311688682,
262840,,,72.96600000000001,52.13980290461461,,,,
262842,82.94,,65.42622885568481,,,,64.12689104803864,
262844,,,,,,71.92,60.6750152780588,57.763734901789086
262848,52.72908130907728,,73.98400000000001,,,,,
262856,,74.25,,,,,,
262859,,85.28,,,,,,
262860,,,73.866,,,,58.610633702375864,
262863,,,,,,,82.636,65.84881533616031
262869,,77.1,,,,,,
262879,,,51.705687614062505,,63.64253849079538,,74.032,
262880,,,,82.83,,,,
262881,,,84.758,65.62030872721107,,,,
262889,,77.02,,,,,,
262898,58.93268645629581,,,,,,73.914,54.755305785107424
262902,,,57.18305267639377,76.61,,,,
262903,,76.44,,,,,,
262906,,,,76.92,,,,
262911,,,70.176,,,,,
262917,,75.53,,,,,,
262925,,,70.80710228661796,83.6,,,,
262926,,73.66,,,48.610722163511255,,,
262929,,76.12452516419876,,81.76,,,,
262930,,71.5,,,65.54366043543058,,,
262933,,,,,72.486,,,
262936,50.67644032650218,,74.474,53.276322792469266,,,,
262937,,,,,81.252,,,
262938,,79.32,,,,,,
262940,,74.66,,,,,,
262946,,,,,,77.47,,
262954,,,,,,,72.888,56.96358127684967
262955,,78.34,,,,,,
262959,70.96000000000001,,,,,68.72767263130835,,
262962,,,,,,73.464,,
262968,,,,,78.946,,,
262978,62.72279587027084,,,,,,77.042,55.269692678823645
262981,50.19606916400133,,72.624,,,,,
262984,,,,,,,74.688,51.711631618077064
262988,70.8,,58.32075735788633,,,,,
262998,,,,,77.542,,,
263006,,,,,76.56,,,
263018,,75.58,,,,,,
263020,,77.49,,,,,,
263021,,78.44,,,,,,
263022,,80.48,,,,,,
263025,65.99154574380044,,,,,74.33,,
263028,,74.3,,,,,,
263029,,77.47,,,,,,
263034,,76.32,,,56.331794531385924,,,
263036,,66.736422872995,,52.02727156109887,74.036,,,
263041,,,66.57811167647993,59.75892540934827,80.652,,,
263049,,,,,56.944967766424675,,75.02799999999999,
263056,55.80185191870871,,,,,,67.94172129518115,78.626
263059,,,63.026251141794475,80.46000000000001,,,,
263061,,,,,75.52799999999999,,61.270247773613725,
263062,71.56,,56.22949851957953,,,,,
263065,,,64.50815882253984,74.42,,,,
263068,,,,,,,73.828,59.65499674167413
263076,,,76.434,66.15357369458476,,,,
263077,,74.78,,,,,,
263081,,,,,,53.25099373177116,62.09158608073943,74.768
263089,,,,,74.77799999999999,,,
263098,69.77,,57.90234182969402,,,,52.25341222387496,
263099,,,,,76.58,,57.3818371867314,
263101,,,,,,66.52519498911909,52.94220446576343,74.488
263107,66.62261635375482,,,,,,78.162,
263110,,,,,,73.11,,
263112,,,,,75.498,,,
263114,,74.66,,,,,,
263115,,,,,,72.77799999999999,,
263130,,,,,,71.562,50.26771880041335,53.867324991862
263131,,75.1,,,53.748520863272404,,,
263132,,,,,,54.112649951463304,75.952,57.58115076489631
263133,,,,,,,79.598,59.69680883664556
263135,47.273854245747664,,70.126,,,,,
263138,,,,,71.992,,,
263141,,74.71000000000001,,,,,,
263147,,,,,,,75.536,57.75321136478791
263152,,,,,70.774,,,
263153,72.3,,,,,64.46421727113723,,
263157,,78.12,,,,,,
263163,,79.8,,,,,,
263178,,77.75,,,,,,
263180,,,,,,79.384,,
263182,,,64.09135216944507,74.91,53.577385361007465,,,
263186,47.196201476092675,,,,,,71.494,57.71294298707557
263192,,,,,,71.43,,
263193,,81.85,,,,,,
263194,58.91074171384647,,,,,,80.266,60.48373226297281
263205,,,,,,68.46976641269961,86.108,
263207,,71.38,,,49.40733673417498,,,
263208,,,,,,,78.006,59.22417203904329
263211,,,64.49248319517902,72.33,,,,
263227,60.617319949011666,,72.05122863600471,,,,,80.728
263228,,,,,,,76.556,60.22261131168438
263229,,,,,,76.066,,
263230,,,,,,78.316,,
263233,,,,,76.828,,56.11874018430167,
263244,,,,,73.012,,,
263245,,,,,,51.61495063365281,77.586,61.6827252804445
263249,,,69.13,,,,,
263250,,,,,74.516,,,
263255,,,,,76.92,,,
263258,,,,,,71.286,,
263259,,,,,72.848,,,
263262,,75.49,,,,,,
263268,,,,,,,73.60795005573948,82.038
263271,,,,,,52.99755826075162,73.272,53.71936408195867
263273,,77.33,,,,,,
263275,,,72.644,53.065018282760505,,,,
263279,78.05,,57.67709468346547,,,,63.71289910842151,
263287,,,,,,75.10134206373718,79.614,
263294,,,71.238,,,,,
263303,52.19153861720275,,,,,,68.56455928037525,75.228
263304,,74.34,,,,,,
263307,,,,,72.03999999999999,,,
263310,72.78,,,,,,,
263312,56.16063020743767,,73.902,,,,,
263313,,,,,,,56.606479048794974,73.852
263336,,,,,,,72.296,54.87845676648196
263343,57.014142129977856,,78.69,,,,,
263344,,74.53999999999999,,68.08649581044426,,,,
263353,,74.23,,53.199649073608164,,,,
263361,,,68.77286346216712,74.68,,,,
263364,,,75.882,,,,,
263370,,,,,81.194,,,
263371,70.78,,59.6392175203069,,,,53.12362538496101,
263376,,,,,,74.364,,
263377,,,,,,65.69376817239439,80.94,61.735812365111336
263389,,,,,,55.87585386946174,76.08,55.22797894359993
263393,,78.51,55.80951882603303,72.34377621474837,,,,
263396,,81.41,,,,,,
263397,,,,,,,77.392,58.532782752851325
263404,,,,,,,72.292,
263413,,,,,,75.13,,
263417,,76.2291327140963,,,76.384,,,
263418,,,,,,72.882,,
263421,,,,,,,76.70400000000001,58.12473085401399
263432,,,,,77.006,,,
263434,,76.9,,,,,,
263437,,,76.212,60.89884922677815,,,,
263439,58.33068223153318,,80.664,,58.88978356531274,,,
263444,,,,,,71.954,,
263453,,,,,72.924,,,
263461,,71.25,,,,,,
263464,,,,,,53.67658785051482,75.188,56.22065072372698
263465,,,,,75.368,,,
263468,,,80.066,,,,,
263469,,,55.77724575657579,75.12,,,,
263486,,,,,,71.556,,
263502,,,58.34770075363202,,,,77.248,
263504,,,55.438063235093054,77.84,,,,
263506,,,,,72.838,,,
263509,,,,,72.85740680825805,,73.894,
263514,,,71.36,54.4044265814352,,,,
263518,,58.3711930924884,,,78.878,,,
263522,,,,,,,77.42,59.22321874877508
263549,,78.1,,,,,,
263556,,76.52,,,,,,
263558,73.74,,,,,,60.96489612816994,51.405698213742056
263561,,75.65,,51.231529856144114,,,,
263563,,,,,,77.46000000000001,,
263571,,,,,72.25093101007053,,78.042,
263573,,79.44,,,,,,
263575,,77.27,,,,,,
263578,,,,,86.574,,,
263581,,49.95447452363341,,71.02,58.68319492836993,,,
263582,54.974744233740054,,63.32948179205106,,,,75.786,
263583,,56.03578086374323,54.81595127349063,75.41,,,,
263602,,,77.35,,,,,
263603,,,78.806,59.63018154106177,,,,
263617,,,61.97636628992405,83.44,,,,
263620,,66.44163287225936,,82.7,,,,
263628,,73.44,,,,,,
263634,,,75.17,,,,,
263637,,,72.916,51.43039150801721,,,,
263640,61.17785317660325,,79.566,,,,,
263647,,77.99,,,,,,
263649,,78.58,,56.157741131042286,,,,
263653,,,,,78.202,,,
263654,,,,,75.926,,56.918416781722705,
263655,,72.11,,,,,,
263657,,,76.294,,,,,
263658,,74.39,,,,,,
263670,,78.83,,,,,,
263672,,,,,,,79.472,60.45972303377749
263675,,,,,,75.136,59.37908844397939,56.34000239713987
263676,,,,,,80.588,,
263677,,72.77,,,,,,
263678,,,76.678,56.548827989940705,58.153027605056536,,,
263685,,76.78,,,,,,
263686,,74.53999999999999,,,,,,
263693,77.47,,58.5729747189022,,,56.730806521069695,,
263696,56.5739468231951,,74.054,,,,54.607817974101344,
263701,,,76.54599999999999,,,,,
263702,,,,,,73.754,,
263703,,73.75,,,74.45210446106967,,,
263711,,,,,79.812,,58.61144617706849,
263718,53.91637969748208,,73.582,,,,,
263721,,,73.818,,,,,
263725,,78.65,,,,,,
263733,,72.44,,,,,,
263734,,71.88,,49.26313923332735,,,,
263739,,71.11,,,61.47437990148504,,,
263740,,75.35,,,,,,
263745,58.406604888961176,,78.2,,,,,
263756,,,,,,50.144845251066435,74.526,54.99010634411691
263761,,,,,,53.527373525034115,76.39,57.69032663599486
263765,60.58639383119935,,83.276,,,,,
263773,,81.0,,,,,,
263775,,,,,,74.628,,
263778,,,,,,71.298,52.53648687739873,
263781,,,,,82.314,,,
263784,,76.48,,,,,,
263786,,,73.128,60.17794052340324,,,,
263787,,,63.0562590163315,76.93,,,,
263789,56.089870746593235,,75.368,,,,,
263790,,,,,,,74.868,63.446614844907785
263796,,71.69,,,,,,
263801,,,,,74.02,,,
263804,,,,,79.82,,,
263808,,,,,76.43,,,
263813,,73.0,,,,,,
263815,,,,,79.924,,,
263823,,,62.508871737751335,76.6,,,,
263824,59.45657635523095,,82.242,,,,,
263828,,,,,,,82.112,62.08729749338792
263829,,,,,,81.26599999999999,,
263837,,,,,,,75.638,57.82005261756407
263840,,,,,,,64.95391715745923,73.194
263841,,,49.59636884841585,56.872349747875376,74.37,,,
263844,,,,,,76.376,,
263845,,78.11,,55.76115313819679,,,,
263853,72.12,,63.844223173336424,53.14725170889065,,,,
263854,,,,,79.252,,,
263861,57.814111009995,,55.6998239287976,,,,76.372,
263874,,74.35,,,,,,
263881,,,,,72.404,,,
263882,,,,,,,78.858,57.27122002547566
263883,,,,,,63.38470446782371,79.202,60.298249669389314
263884,,74.33,,,,,,
263897,,79.55,,,,,,
263901,,73.44,,,,,,
263906,,,,,72.88,,,
263908,,,,,78.83,,,
263914,,80.91,,,,,,
263918,,,74.922,66.1405238609798,,,,
263923,,74.76,,,,,,
263929,57.12119618588782,,,,,,78.384,60.51777668311619
263941,,,,,,54.202343987713775,76.318,60.64146639729417
263947,,,,,,,78.638,59.996438102347994
263949,,72.97111565039593,,73.21000000000001,,,,
263951,,,,,71.356,,,
263953,,,,,,,72.91752682248449,80.048
263968,,76.37,,,,,,
263970,,,,,,,74.096,55.50348942368981
263975,,,,,73.326,,61.25927475832644,
263982,72.86,,,,,,,
263984,,,,,,73.898,,
263990,,,,,,,73.52199999999999,52.49329298868878
264000,,74.29,,,,,,
264001,,,,,,,77.97792474124878,83.478
264004,,,,,71.586,,,
264009,,,,,75.572,,,
264010,,,,,,,79.242,60.333890337893735
264022,,,,,72.904,,,
264033,,73.46000000000001,,,,,,
264035,,,,,,,67.8463594112507,80.388
264039,,,,,,56.6712714592694,75.502,
264044,,79.16,,,,,,
264065,,,63.50206806287622,71.16,,,,
264066,,78.28,,,,,,
264070,,73.01,,,,,,
264072,,,,,,,71.106,53.246041889467946
264079,,,,,,,74.966,55.13313907986714
264085,,78.22,,,,,,
264092,,,,,,71.944,,
264095,,,79.126,,,,,
264103,,80.27,,,,,,
264104,,,,,,72.976,,
264110,,,,,,,77.45,57.36732643566484
264115,,,,,71.974,,,
264137,,,,74.91,57.79605489575132,,,
264139,,,76.962,57.11555468960797,,,,
264141,,71.87748037711809,,,73.962,,,
264147,62.07385439906389,,49.294845024288804,,,,71.028,
264157,,,,,76.434,,,
264159,,,,,,,77.006,56.07832187100225
264160,,,77.604,,,,,
264168,70.88,,51.305850556486085,,,,,
264172,,,,,81.432,,,
264173,,,,,,76.268,62.783134360467685,58.325318225990785
264174,,,,,80.25,,62.4071535811479,
264175,,,76.712,55.897012618607185,,,,
264176,,,,,,,68.92297487161225,77.268
264179,,,72.73400000000001,52.4873796362688,,,,
264180,76.12,,59.92991829003489,,,,,
264188,54.10933565961743,,75.77,,,,,
264189,,73.34,,49.185454308152806,,,,
264191,,78.22,,,,,,
264192,,,71.672,54.11163505608082,50.74171966048873,,,
264194,,,77.028,55.99299599656788,,,,
264195,,,,,,75.178,,
264196,,,,,76.77199999999999,,,
264200,55.32792881144564,,75.28999999999999,,,,54.497928521323985,
264201,65.516300321248,,78.854,,,,,
264205,50.771372276768844,,,,,,75.434,59.08979947732513
264207,,,78.388,,,,,
264209,,,,77.87,,,,
264214,,75.6044379580921,,74.28999999999999,,,,
264215,,,55.03443509206704,,59.2929900003071,,74.824,
264219,,,,,,,78.712,
264220,,80.83,,,62.48917183838337,,,
264221,,,,,74.464,,54.16609260066334,
264223,,72.15,,,,,,
264228,55.70710427452986,,,,,,75.066,55.320870357832646
264229,,,,,,76.726,,
264238,,,,,,,83.0,67.53638135834224
264240,,,86.33,,,,,
264245,72.18,,,,,,66.17111966399216,
264247,,,,,,73.71600000000001,,
264248,,,,,76.49,,,
264255,,71.39,,,,,,
264257,,,,,,80.068,63.850519111975586,60.6713221756716
264263,54.01556174594839,,,,,,78.092,57.91898061216836
264269,,72.39,,,57.63003048755181,,,
264270,,75.91,,,,,,
264272,,,75.312,51.98646099417163,52.745399430531,,,
264273,,,,,,72.21600000000001,,
264277,,71.86,,,,,,
264280,,,,,74.09783725152212,,77.838,
264284,,79.03,,,,,,
264286,,,,,68.77795572473192,,75.954,
264288,,80.62,,,,,,
264289,,,,,,,72.00999999999999,54.73539811061562
264290,,,,,,76.854,,
264293,,,81.43,62.08883416635821,,,,
264294,,,,,74.85,,,
264295,48.1726493221252,,72.13,,,,52.70249413828605,
264297,,,,,72.048,,,
264298,,,,,83.324,,,
264299,,,,,77.16,,,
264304,,,,,,54.389064833758084,75.772,60.233727864613286
264305,,70.5543813070087,,,70.674,,,
264309,80.19339705544208,,,,,,84.658,
264313,,,,,73.828,,,
264314,,,,,69.898,,,
264323,,69.2352520739794,,77.28,,,,
264324,77.08,,,,,,59.69528834937558,
264325,,,,,,80.612,,
264329,,,,,70.078,,,
264330,59.02557185903385,,81.278,,,,,
264334,,71.15,,,,,,
264337,,,,,,82.202,,
264347,,,,,75.804,,,
264348,,,,,,59.972071487239276,83.812,67.03132232113956
264349,59.43779342334389,,,,,,67.29301586365617,79.682
264352,,,,,71.582,,,
264353,,,63.59949600487531,54.50272603016148,,,75.99799999999999,
264365,,79.78,,,,,,
264367,,73.17,,,,,,
264371,,,,,,,79.72800000000001,57.652962907744126
264372,74.78999999999999,,,,,,64.44170837809598,55.60427706053683
264377,,73.5640369729748,,,73.812,,,
264380,,,,,71.714,,,
264388,71.65785089984799,,,,,,84.434,
264390,,,,,74.694,,,
264392,,,,,73.1,,58.19645578402561,
264401,,80.31,,,,,,
264409,,,,,,,75.342,57.521539262143946
264411,,72.49,,,,,,
264416,,,,,72.616,,,
264418,,,,77.81,,,,
264421,,,,,72.95697637453343,,76.466,
264422,,,,,,81.12,68.8954706538659,66.44552417739932
264423,,,,,,50.88114354163306,74.294,55.89596903939143
264431,,,,,72.628,,,
264432,,,,,,,82.962,67.7033288482783
264433,,,75.826,56.61040768226249,,,,
264436,,,76.926,54.67619484496524,,,55.75496489966499,
264437,,76.96000000000001,,,,,,
264438,,,,,,,80.526,
264440,,,,,76.732,,,
264441,,,,,,,68.16371569466236,78.75
264442,,78.25,,,,,,
264449,,79.92,,,,,,
264450,,,,,,64.69045991056464,74.162,
264452,77.35,,,,,,63.672118765198135,
264453,,86.62,,,,,,
264467,,,,,,74.754,,
264478,,,,,,70.828,,
264480,,78.18,,,,,,
264485,,,72.94200000000001,57.24015160502781,,,,
264488,,,,,74.912,,,
264492,,,,,,,81.724,64.55473092392799
264501,51.1221184979043,,,,,,74.018,57.49608761407614
264502,,72.91,,,,,,
264505,,,,,72.726,,,
264506,,62.688249899319445,,73.25,,,,
264507,,,,,,,76.13,57.08673615974794
264509,,74.82,,,,,,
264512,57.22102967194428,,,,,,56.71625414711447,73.418
264514,,,,,71.54,,,
264515,,,,,75.912,,65.95864062918844,
264516,,,,,78.814,,68.95954681726823,
264517,,,71.478,,,,,
264547,,,,,,70.454,,
264579,,,59.65878366490701,77.76,,,,
264581,,,,,57.890210251591085,,75.472,
264584,,,,,,,72.67,54.5067475041278
264589,,78.01,,,,,,
264621,,,,,,73.7,,
264633,,,,,,,64.56226742824035,73.27199999999999
264644,55.824760298582326,,,,,,74.274,53.76403881907443
264652,,,,,,,76.79421589194678,88.368
264657,,72.71000000000001,,,,,,
264665,72.24000000000001,,,,,51.15931598281264,59.36208034360092,
264677,71.65,,,,,51.23817504198785,58.71299778742883,
264681,,,,,75.402,,,
264683,,,,,,,75.288,
264696,,51.87784114927241,,73.46,,,,
264697,63.37067372167736,,,,,83.576,63.52248024864661,
264699,,,70.43758010223144,80.08,,,,
264701,60.87929952942141,,57.90876497921329,,,,80.516,
264702,,79.32,,,,,,
264705,,,61.171286390699905,75.71000000000001,,,,
264711,,,,,73.518,,52.57444517813236,
264721,60.86074078989154,,58.374227173885316,,,,74.756,
264728,,78.51,,55.3317092668454,,,,
264731,,78.08,,,,,,
264733,,,62.900986212465185,75.96000000000001,,,,
264734,,,,,75.374,,,
264736,,78.12,,,,,,
264743,,76.81,,,,,,
264745,,,,,,,70.40781721252542,74.61
264746,,,,,,73.47,,
264749,51.944842292503274,,,,,,73.44,62.111745113375314
264763,,76.72,,,,,,
264775,,,73.752,55.781012385834245,,,,
264785,,74.81,,,,,,
264786,,,71.476,56.52707009253333,,,,
264790,,57.696285694218865,,,73.66,,,
264796,,,77.74,,,,,
264820,,,,,,79.47200000000001,,
264822,,,,,,,65.03451386018516,72.898
264823,,,,51.42802537231214,75.19800000000001,,,
264825,,55.56187490074102,,73.21000000000001,,,,
264828,,,75.044,55.73621848462382,,,,
264838,,,,76.0,65.14336657882512,,,
264842,76.35,,60.59809945467025,,,,,
264846,,82.91,,,,,,
264856,,73.74,,,,,,
264862,73.62818371905354,,,,,,84.576,61.86535713476347
264863,,,,,,,74.44200000000001,53.37092448617314
264867,,,,,,55.37461365561468,60.91665858574602,74.91
264869,81.94,,71.41048695657257,,,,,
264877,,,73.61,62.38546824075808,,,,
264880,,,,,,56.38120390930042,75.658,57.80858512645045
265185,71.14,,,,,,54.57482539701407,53.646219243561696
265188,,83.15,,,,,,
265194,,,,,,74.482,,
265195,,,,,80.49,,57.8208136003213,
265197,54.41572611424769,,71.524,,,,57.94039771491303,
265390,,,80.242,57.76733961303887,57.921707615585255,,,
265396,,,,,,76.708,,54.90206192692741
265407,47.30476965347104,,,,,,72.396,52.75381391878801
265412,,,51.775146220002334,,54.40381322961188,,74.49,
265422,,59.64061054488761,,,74.598,,,
265425,,75.38,,,,,,
265431,51.59940837306407,,74.256,,,,,
265437,,,,,75.638,,,
265446,,,53.13381497194383,,75.74,,,
265447,,64.74310249153275,,75.18,,,,
265450,,,,,,,71.13038417022284,84.224
265459,,,73.34088637572243,78.74,,,,
265465,,77.52,,,,,,
265468,,,,,,71.874,,
265476,,,,,74.534,,,
265478,,,72.4,,56.75387682954586,,60.43790110249384,
265486,49.848697511690894,,70.3,,,,,
265514,,,75.69800000000001,,,,,
265518,,,76.898,56.0111253406678,,,,
265521,,71.82,,,,,,
265535,,74.59,,,,,,
265543,,,63.74483936619933,71.36,,,,
265544,,,72.18793509526246,,,,76.702,
265545,70.6,,68.91693208429002,,,,,
265552,,,,,,,82.434,63.659929185747984
265556,,77.41,,,,,,
265560,,,,,,,76.048,59.41515325780418
265561,61.10239107263128,,,,,69.772,,
265576,,82.05,,,,,,
265577,,,,,,80.126,,
265578,,,,,,,80.06,67.28144671388723
265579,,,,,,71.71600000000001,,
265580,,,70.77799999999999,52.71851498388387,,,,
265581,,,70.782,57.6499035451731,,,,
265600,57.07280820942443,,,,,,76.394,62.998928492685614
265601,,72.04,,,,,,
265609,,56.39972278372834,,,75.932,,,
265617,,,,,,,74.276,53.09957727939186
265626,,,,,73.31400000000001,,51.67345789879911,
265627,54.408053541759266,,,,,76.206,53.494249812453624,
265636,,,,,72.748,,,
265643,,,62.398410260923356,73.03,,,,
265645,,,,,73.4,,,
265650,,82.44,,,,,,
265651,,,,,73.294,,,
265658,,,61.105575638405426,71.78999999999999,,,,
265671,,,,,78.574,,56.67871063462776,
265680,,,,,74.492,,,
265689,,,,,,,73.982,57.69498405731764
265693,,82.73,,,,,,
265695,83.44,,,,,,69.21396778259125,64.17736395650137
265696,,,77.886,,,,,
265700,,,,,75.718,,,
265701,,,,,,74.276,,
265726,,81.71000000000001,,,,,,
265728,,,,,,71.988,,
265731,,,,,,50.731129229697174,74.88,57.05150106519806
265732,,,61.01751871041506,78.5,,,,
265734,,,,,72.908,,,
265735,,,,,,74.538,,
265738,,,77.68,58.359424290518824,62.87469215730445,,,
265741,,,77.61,56.23231014571044,,,,
265749,,,,,,76.904,,
265754,,,50.60981251204556,72.06,,,,
265761,59.0444784335597,,,,,,63.43267679759475,77.178
265762,,,,,69.918,,,
265766,,,78.99,,,,,
265774,,80.64,,,,,,
265777,,,,,,72.896,,
265788,,,69.6143150877765,76.12,,,,
265789,,,76.002,61.17406845726907,,,,
265793,,,,,,71.188,,
265797,51.838857503454854,,,,,,71.946,50.88851496873065
265799,,,73.79599999999999,57.431309769452,,,,
265800,,,,,,81.426,,
265801,56.72978315391589,,,,,54.78405182184489,78.438,
265812,49.47258699017897,,72.80799999999999,50.49332992043086,,,,
265822,,,,,70.566,,,
265993,,,,,77.7,,,
265999,50.40180083422348,,73.582,,,,,
266000,,75.71000000000001,,,,,,
266010,,,,,,,74.806,53.69128063315705
266011,,,,,,,76.996,55.77324711299447
266015,,72.75,,,,,,
266026,,,,,,,70.874,53.734577665865146
266029,,,63.154504143246825,75.23,,,,
266032,,,,,,,83.76,67.2800695890119
266033,,,72.946,65.80706213424071,,,,
266039,,,,,80.166,,,
266041,,,,,,,79.812,62.575969997250304
266049,,,,,,,71.656,55.04325532627411
266050,,,74.532,55.32314837660923,,,,
266061,56.092715746620556,,77.394,,,,,
266069,,,60.369503066747775,78.61,,,,
266071,,,,,80.42,,,
266074,,,,,,56.10503228573756,72.31,51.77636397494023
266075,,,,,69.886,,,
266084,,,,,74.98400000000001,,,
266095,,73.9,,,,,,
266096,,83.44,,,,,,
266097,,,,,,,84.176,64.56692631672134
266099,52.26096674649405,,,,,66.48969085723743,75.336,
266100,51.03675789661309,,66.73352844541654,,,,73.61,
266109,,73.66,,,,,,
266110,,,73.298,56.35029150891518,,,,
266113,,,64.08535385861808,,,,51.47154161983398,72.754
266117,,74.09,,,65.32001819344069,,,
266118,,,,,72.132,,,
266123,,75.79,,,,,,
266125,,74.84,,,,,,
266127,,,,,84.184,,,
266136,,,,,,,77.638,61.142833189184614
266145,,,,,71.676,,,
266150,,76.4,,,,,,
266155,,,71.648,,56.53005601760715,,60.522501376084705,
266158,,,,,,,75.72200000000001,61.67543245140051
266159,,77.8,,,,,,
266160,,74.71946580250098,,,81.53,,,
266161,54.36704883572096,,,,,,76.05199999999999,56.034826786643436
266162,,,,,,73.43,58.23695767045819,54.13481274124389
266170,,,,76.47,57.516382951807486,,,
266171,,,,,81.946,,,
266173,,,,,74.31,,,
266174,,52.20995695987047,,,69.328,,,
266175,,,,,,51.1819721629407,56.58332031723755,72.612
266176,,73.16,,,,,,
266180,,77.83,,,,,,
266183,,,,,,78.638,58.448634534941405,
266210,,74.69,,,,,,
266218,,,54.73099631083717,,52.41844912289453,,73.44,
266235,,,,,,64.20863889874626,51.85147416128926,75.26599999999999
266236,50.54748162377726,,,,,58.755064400042706,69.27,
266237,77.24,,,,,,,
266245,,,,,,56.77888602325055,76.07,56.267704971836636
266253,,,,,79.97200000000001,,,
266256,,,,,,79.686,,
266257,62.743874009330106,,71.506,,,,,
266260,,74.34,,54.07826656693999,,,,
266270,64.10710890146561,,61.97847801868332,,,,77.224,
266272,,,73.794,,,,,
266277,54.7803538118998,,,,,,76.098,
266299,,,,,,78.232,,
266303,,,59.31786147992844,,52.640155860033765,,73.832,
266304,,75.16,,,,,,
266310,,,71.79188171181471,76.07,,,,
266312,58.27728178339117,,74.762,,,,,
266328,,72.18,,,,,,
266331,59.72864441019471,,,,,,80.94800000000001,59.67916614342478
266334,,75.4,,,,,,
266335,,,,,72.408,,,
266337,,80.59,,,,,,
266343,,,,,,75.866,,
266363,,,,,73.818,,,
266373,71.48,,52.91505355749874,,,,55.21609925299496,
266374,,,,,74.47592868198234,,79.874,
266375,,,,,,,72.466,58.78742218114862
266386,53.10198641018237,,72.82600000000001,,,,,
266390,,76.06,,69.6942176200852,,,,
266395,,,,,,62.279688331478894,80.294,65.00567286538893
266400,,,,,80.208,,,
266417,,,,,71.926,,,
266422,,,80.598,,,,,
266430,,,,,,,66.66859815998794,73.27
266433,,,,,,,77.348,59.62717788488013
266436,,,81.842,,,,,
266437,,73.08,,,,,,
266438,,76.05,,,,,,
266446,72.08,,52.92089174619076,,,,52.78247379374366,
266448,,,,,,,73.398,63.352965794435654
266453,,,,,,,75.67710371404944,79.984
266461,,,,,79.232,,,
266462,,,,,,74.572,,
266467,,75.0,,,,,,
266474,74.98,,,,,,71.25395158286373,55.09019217380938
266486,55.58868656688749,,,,,,75.586,56.816639990404056
266496,,,71.47200000000001,,53.69294585785584,,51.79554581893462,
266500,,,,,,63.2443302339861,80.806,61.88131365962834
266501,,53.603913901254145,,75.12,,,,
266507,71.78999999999999,,54.19418441825529,,,,50.114433374614016,
266518,,,63.436616143812614,70.13,,,,
266543,,75.12,,,,,,
266554,,78.12,,,,,,
266564,,78.25,,,,,,
266567,,76.3,,,,,,
266585,,,,,,79.026,,
266586,,,,,,77.356,,
266596,78.64,,69.4009205503626,,,,,
266605,,,,,75.94,,,
266606,,,,,76.28399999999999,,,
266609,,,59.78737270821898,80.1,,,,
266615,,,,,,70.086,50.14588883245975,
266616,,,,,,77.896,63.03335899714706,62.906912688583475
266623,48.556206544982835,,71.474,,,,,
266624,,,,,,70.05990890246349,79.512,
266636,,55.76731101834996,,,75.44800000000001,,,
266648,,,,,,77.48400000000001,,
266653,,,,,75.146,,,
266654,,,70.796,53.54394135427284,,,,
266659,,75.4,,,,,,
266660,,75.97,,,,,,
266667,,,,,,,74.682,54.265941699735535
266668,,,,,76.648,,57.07816753154929,
266673,59.41333509384883,,,,,,77.02,56.44261372788736
266681,,,79.412,58.64532095274048,,,,
266682,,,,,68.30902013377258,,73.026,
266685,,76.93,,,,,,
266686,,,72.998,,,,,
266688,,,,,,75.672,,
266692,,,,,,,66.1336689273885,76.31
266699,,76.44,,,,,,
266709,70.42,,,,,48.087418584870655,58.83451989018374,
266717,,72.26,,,,,,
266722,,,72.006,,,,,
266725,,,,,,75.554,,
266728,,,,,,79.318,,
266731,,,75.214,54.063885475897415,,,,
266734,49.41823641720852,,,,,,72.844,56.716918392508404
266736,,73.11,,,,,,
266740,,,54.398405364002365,73.87,,,,
266751,,,76.596,,,,,
266755,,,,,79.404,,,
266756,73.47,,,,,,56.29754930252647,53.31217193567269
266762,,,70.876,51.238970389664594,,,,
266774,61.50516511894793,,,,,,78.702,56.975074590093115
266789,,,,56.29364505747435,79.248,,,
266792,,,75.022,52.537742135914755,,,,
266794,,75.21000000000001,,55.88967897822088,,,,
266797,,81.59,,,63.44790219882039,,,
266805,,76.33,,,,,,
266815,,,,,,,79.03,61.9096067883641
266828,,,,,,69.982,,
266831,,,,,,,75.56,53.46378809487905
266838,,,,,,71.694,,
266844,,,,,80.71600000000001,,,
266848,,,72.92,67.28636219088301,,,,
266852,50.55870107940641,,,,,,73.97,55.839761137596994
266866,,,86.316,75.97087880973926,,,,
266867,78.89,,,,,,63.84998688345853,55.6746021832614
266871,,,61.01122036785547,72.65,,,,
266872,,85.5,,,,,,
266873,,73.99,,56.736364862833,,,,
266886,,,,,,73.606,,
266889,60.80418583058172,,49.91969941325825,,,,72.068,
266890,,76.69,,,,,,
266891,,,,,,73.064,,
266895,,,,,,76.47,,
266897,,,55.02919639508358,,,58.595226178919724,75.122,
266905,,,,,,77.828,,
266927,,,,,,73.98,,
267392,,,60.549600856956275,,55.84304357750697,,77.22,
267397,,,,,,,73.36,54.48263710940945
267406,,,,,,79.272,,
267409,,,58.71005290097848,75.96000000000001,,,,
267410,,74.68,,,,,,
267412,71.17,,60.00561792333721,56.33187178780456,,,,
267426,,,,,,74.754,,
267430,,,81.054,67.45514102990994,,,,
267446,,,,,77.982,,,
267458,,,,,74.142,,61.26282364543517,
267465,,,,,,75.186,,
267467,55.08220894713581,,,,,,75.996,55.93462511751174
267473,,,,,,71.108,,
267476,,,,,73.43,,,
267481,,,,,,79.57,,
267485,,,,,76.93,,,
267486,,,,,,72.874,,
267491,,73.53999999999999,,,,,,
267573,,,,,76.25,,,
267593,,,,,,78.44200000000001,,
267594,,,,,80.042,,,
267602,,,63.35128864923358,59.76626595062081,78.75,,,
267607,76.14,,,,,,60.50891383847457,57.296268399937645
267624,,,78.586,58.758195696610315,,,,
267625,59.381317888424476,,,,,56.887791054002236,,77.628
267626,,,64.53596956990827,79.49,,,,
267627,,,56.83423093549659,76.17,58.982506577024495,,,
267628,,,,,,,73.298,60.808102034974226
267632,,,,,76.484,,,
267633,,,78.372,,,,,
267637,,71.96000000000001,,,,,,
267680,,,,,,,82.056,61.82113839546754
267681,,80.05,,,,,,
267685,77.78,,,,,59.73953627427075,58.05744458689867,
267690,,73.81,,,,,,
267694,,73.38,,,,,,
267698,,,,,71.594,,,
267702,79.26,,65.24240764495607,,,,,
267717,,76.3,,55.89394835219158,,,,
267720,,,,,76.134,,,
267750,,,,,,,64.19667421194613,72.658
267771,,,71.196,49.156439717021,,,,
267778,,,,,75.362,,,
267782,,,,,,73.244,65.45198686123261,58.395743238354214
267783,,,,,,72.226,,
267784,,,,,,,69.00979339001407,80.532
267790,,73.93,,,,,,
267795,,,,,71.452,,,
267801,,73.55,,,,,,
267825,,,,,,75.858,,
267831,,74.8,,,52.519163460106434,,,
267844,,73.56,,,,,,
267847,,,,,73.338,,,
267849,50.56058882241142,,58.99572275045752,,,,71.238,
267853,,,54.79899157695651,73.19,,,,
267860,,82.16,,,,,,
267861,,,,,,81.416,,
267862,,,,,77.05799999999999,,,
267866,,,,,,,67.59905529399006,76.74799999999999
267867,,,,,,,74.514,54.61227598486709
267868,,,59.80806398490152,70.25,,,,
267869,,,,,,74.086,,
267872,,73.71000000000001,,,71.80608653226061,,,
267873,,79.8848578057789,,79.97,,,,
267881,70.39,,,,,61.149455999559464,,
267894,,,63.84379645075886,77.85,,,,
267899,61.93163639638671,,,,,55.68702366030069,75.48,
267900,,,,,75.986,,,
267902,,,53.9849550539327,75.81,,,,
267905,,,,,,76.838,,
267920,,,,,75.502,,68.86672537400003,
267929,,,,,,72.85,,
267931,,,71.13456997169925,75.56,,,,
267941,,,,,,71.858,,
267942,,,,,,,75.322,56.31258050660327
267973,63.812023461949195,,79.218,,,,,
267974,,,,,,80.414,,
267976,80.56,,,,,,61.597218369815515,
267987,,,,,,75.616,,
267991,,,74.83950361912775,79.78999999999999,,,,
267993,59.46605397936453,,,,,,64.29843217711283,76.208
267995,,78.91,,,,,,
268009,,,,,73.32,,55.64727222715608,
268010,,76.53999999999999,,,,,,
268065,,,,,,71.636,,
268067,,77.96000000000001,,,,,,
268074,,75.32,,,,,,
268075,,75.08,,,,,,
268081,,,55.014387962699715,74.3,,,,
268082,,74.88,,,,,,
268083,,,,,,77.03,,
268095,,,73.672,57.11017955527819,,,,
268098,,,72.452,53.37845451077251,,,,
268102,,73.72,,,,,,
268106,,75.67,,,,,,
268116,,,,,78.14,,,
268128,,,,,74.09,,,
268130,,75.09,,,,,,
268131,,81.47,,,,,,
268259,,,,,,77.556,,
268267,72.05,,51.317046854112164,,,,65.17361113739432,
268273,,,,,,75.694,,
268275,75.31,,,,,,54.67614454197426,
268283,,72.47,,54.38784429042216,,,,
268286,74.48,,,,,,71.91427954513891,57.769340122964756
268291,,,70.142,48.123054953451195,,,,
268300,,,,,,76.016,,
268306,,,,,,,72.248,
268312,,,,,78.592,,,
268313,,,,,,79.878,,
268330,,,,,,,77.816,57.86313347481512
268342,,,,,77.002,,,
268375,,,,,77.998,,,
268395,57.71145685385406,,79.176,,,,,
268396,,,,,,73.254,,
268401,,,,,71.408,,,
268402,,,,,60.583765804698025,,72.134,
268411,,,,,77.992,,,
268414,,79.2,,,,,,
268416,,,,71.22,,,,
268420,,,,,,71.286,,
268421,,,,,,82.294,60.27526092648639,62.085581054433746
268429,,72.12,,,,,,
268430,,,,,70.13,,,
268431,,75.66,,,,,,
268433,,,,,71.348,,,
268434,,,,,,71.134,,
268435,,,,,,72.242,,
268436,70.34,,55.4474742469505,,,,52.73960475140991,
268437,,,,,,,73.386,53.80560581593346
268438,82.77,,,,,,72.52349659559181,68.28753761501723
268439,,,,77.36,,,,
268440,,,,,74.372,,,
268443,50.20915072275157,,70.894,,,,,
268450,,,67.14025713987948,73.81,,,,
268462,,,80.364,63.0535442007477,,,,
268464,,,,,,75.20400000000001,,
268466,,71.37,,,,,,
268468,,79.8,,,,,,
268474,,,,,,83.568,,
268483,,,,,,73.202,,
268484,54.83177167691718,,,,,,75.972,56.15736916674817
268498,,72.97,,,,,,
268503,52.875701467426765,,71.524,,,,57.099674709833764,
268504,,,,,,57.726568080085634,60.18961586233407,76.276
268506,,,,,74.492,,,
268508,,,,,,75.012,,
268511,,,,,,79.08,,
268527,,,,,,73.71000000000001,,
268529,,,,,,62.011368514882626,73.45400000000001,
268530,,58.025070117199576,,,71.822,,,
268533,,74.53,,,,,,
268534,,,80.506,,,,,
268536,,,54.119625118786544,,64.2811291549905,,75.89,
268550,,71.27,,,,,,
268558,,75.69,,,,,,
268573,,81.85,,,,,,
268576,,,78.364,65.25437563461688,,,,
268581,76.74,,59.52600524982925,,,,,
268597,,,,,,75.752,,
268610,,72.16,,,,,,
268611,,81.43,,,,,,
268618,50.90147957071731,,71.55968755231498,74.58,,,,
268620,,75.76,,,,,,
268621,,79.69,,,,,,
268622,,77.7,,,,,,
268630,53.45835123204182,,76.822,,,,,
268651,,71.82,,,,,,
268656,,,,,78.46000000000001,,,
268672,,,,,73.05,,,
268674,,,,,,76.048,,
268678,,,,,,,71.486,49.82533715832424
268683,80.37,,75.38295898579312,,,,,
268697,,,,,72.306,,,
268703,,,,,,58.912250541989124,78.514,59.30725379621374
268704,,,,,,75.846,64.43182076606593,57.3383564451572
268710,,,,,,72.686,,
268715,,,,,,77.18,57.976295323497645,58.058718279832455
268719,,,76.098,,,,,
268724,,,,,,74.82,,
268725,73.01,,52.37043039897099,,,,51.40034300884572,
268727,52.46768178275842,,,,,,62.536168359774926,75.02799999999999
268728,,,,,79.062,,,
268729,,,,,,71.516,,
268732,,,73.64,61.07096078232423,,,,
268737,58.81604092950945,,75.94200000000001,,,,,
268738,54.463066414365294,,,,,,77.37,57.78202940229187
268740,,,,,,,66.53964430696173,73.62
268747,,,,,,71.83,,
268749,,72.2,,,,,,
268751,,,73.292,52.82168862786105,,,,
268753,,,75.19800000000001,,,,,
268754,,78.67,,,,,,
268755,,,,,76.006,,,
268756,58.00101297764363,,79.036,,,,,
268758,,,,,,,75.576,53.49763954028783
268759,,,,,,76.96600000000001,,
268760,,,,,,73.62729891113861,76.31,
268762,,77.15,,,62.258583381130805,,,
268763,,,,,,,80.71000000000001,65.43586977401807
268787,,,,,,,76.012,55.99525714824151
268790,,,76.416,55.15355207738137,,,,
268802,,,80.656,59.04083763674477,,,,
268803,71.22999999999999,,,,,,61.017314025738514,51.219142079725614
268804,,83.97,,,,,,
268805,,,77.292,63.70088797640726,,,,
268820,,,,,,74.388,,
268837,,,,,,75.432,,
268860,,76.13,,,,,,
268868,,,,,,,80.014,62.95267213486047
268874,51.49012985953553,,69.86331003494108,74.4,,,,
268889,,,,,85.61600000000001,,,
268894,46.87888961436262,,57.45273559293702,,,,70.67399999999999,
268895,,,75.826,,,,,
268896,,,82.392,,,,,
268897,,,,,,72.672,,
268903,,,,,,,78.466,60.76636227981969
268909,,,,,,,72.464,
268913,,79.13,,,,,,
268914,,,,,,71.182,,
268916,74.67,,53.236913750446504,,,,,
268920,,,,,72.162,,,
268923,,76.17,,,,,,
268927,,,,,,,76.49,57.79442942452585
268934,,,,,,74.602,,
268936,,73.62,,,,,,
268937,,,,,74.53999999999999,,,
269003,,79.86,,,,,,
269084,75.58,,60.39687760839329,,,,,
269087,,83.58,,,,,,
269089,,75.71000000000001,,,65.3602379529449,,,
269093,,,,,73.74,,,
269099,,,,,73.32,,,
269116,74.01,,,,,55.96739122114501,54.565082840098896,
269120,,75.61,,,,,,
269132,,,,,75.52,,,
269133,,,56.7584327893412,73.01,,,,
269136,,,82.434,61.465128148021684,,,,
269149,,,,,70.9813667891395,,73.816,
269150,,75.14,,,,,,
269151,,,52.21838012808843,73.69,67.44240355718976,,,
269153,,,,,80.064,,,
269155,,,,74.99,,,,
269156,,,75.03999999999999,60.67843584350888,54.94122289203205,,,
269159,63.18627618129601,,,,,,77.24,58.70911972007621
269164,,81.24,,,,,,
269175,,,,,,,75.25,
269176,,,,,,78.106,,
269181,,80.62,,,,,,
269182,,,,,,75.76,,
269184,,,54.4650290204846,78.88,,,,
269186,,,,,,80.388,,
269197,,71.2514890271566,,,71.984,,,
269223,,75.31,,,,,,
269224,57.646736567013164,,77.77799999999999,,,,,
269227,,75.39,,,,,,
269228,,,,,78.632,,62.21831222365836,
269230,,,80.116,65.7545767239394,,,,
269233,,74.31,,,,,,
269246,,80.53,,,,,,
269247,,,,,77.212,,,
269248,,,,,77.484,,,
269250,,,,,,,75.844,58.17975488214645
269256,73.72,,57.076900105171376,,,,54.354764462231046,
269257,,55.67222231107129,,73.19,,,,
269258,,,59.45840292771345,74.92,57.03233170480122,,,
269259,,,,,,72.384,,
269262,,,76.564,66.00799333197749,,,,
269264,,,,,,77.618,64.8301462212198,61.88838926362418
269276,80.1,,,,,62.70327605127288,64.54274355982629,
269278,,,79.386,65.26287057822867,,,,
269288,,77.23,,,,,,
269292,53.51852799915275,,,,,,78.782,59.13289182723883
269293,54.216641633922876,,75.114,,,,,
269302,,,,,80.418,,,
269305,,,,80.03,78.57491640031304,,,
269306,67.76095169739365,,,,,75.798,,
269307,,,58.66431852367354,78.05,,,,
269310,59.59903268777469,,,,,,75.402,52.187513310493685
269312,80.95,,,,,,61.87009535140176,59.49510912233717
269314,,76.64,,,64.61661810686576,,,
269315,,74.11,,,51.99199493046484,,,
269317,,,,,72.30799999999999,,,
269318,72.65,,,,,,55.32577809828602,
269329,,,,,,73.582,63.007281938949234,
269340,71.92,,,,,52.4915731304765,54.10375534577593,
269385,,,,,63.645001857405454,,61.936301297685276,75.078
269397,,75.94,,57.32583406877407,,,,
269398,50.839441503391114,,72.312,,,,,
269400,,,,,,66.92010083153008,,75.984
269402,,79.5,,,,,,
269411,,76.9,,,,,,
269412,,,,,74.648,,,
269414,,,,,,74.726,,
269420,,,,,78.59366774547433,,82.062,
269421,,,,,,67.79399565888563,80.866,60.30161736084385
269424,,54.20161308596607,,74.28999999999999,52.84085263245723,,,
269456,80.83,,,,,,63.35945659351624,62.86780754302314
269471,,,76.582,58.74108477647048,,,,
269472,,,,,,73.768,,
269475,,,,,,71.98400000000001,,
269476,,,,,73.098,,,
269489,,,,,69.85997778015732,,59.265683872447156,78.03
269493,,85.30000000000001,,,,,,
269495,66.22206445010036,,,,,,80.81,61.863742943296664
269497,72.07,,,,,,,
269501,,56.14981190150833,,73.49,,,,
269506,,,,,76.20400000000001,,,
269507,,79.31,,,,,,
269509,,,,,71.97439175868168,,80.928,
269510,,,,,,77.708,58.93383128367993,
269512,76.96000000000001,,,,,,62.73021239166486,62.945215424360185
269513,,,,,64.93011251994838,,74.044,
269529,,71.81,,,,,,
269554,,75.82,,,,,,
269558,58.168410581541345,,,,,,80.33,63.62443809261215
269562,,,,,,,78.018,61.48688845774866
269565,,,,,72.294,,,
269566,,,,,73.77799999999999,,,
269572,,,,,,72.75999999999999,,
269579,,,,,76.672,,,
269599,,,,,,,76.068,54.42960448549066
269604,,,76.804,64.00445223490928,,,,
269616,,,76.688,57.67567447492868,,,,
269617,,,,,71.368,,,
269619,,,,,,77.062,,
269620,50.07362483883558,,71.282,,,,,
269622,,,79.036,67.39823795320461,,,,
269632,54.45886230189118,,77.586,,,,,
269637,52.34562429789386,,,,,73.45400000000001,53.37229787563592,
269638,,,73.96000000000001,55.94638690267647,,,,
269639,,,,,,76.868,,
269643,,,,,,78.658,,
269644,51.494946078311024,,72.388,,,,,
269649,,52.356721762534484,,71.9,,,,
269683,,,,,73.612,,,
269690,57.371392789873916,,72.944,,,,53.61968634930268,
269691,,,,,,74.132,,
269701,,,,,82.674,,,
269705,,,,,,75.518,67.39350999945546,58.134237787181576
269719,,,,,,51.85760773979161,74.556,59.32779676232683
269725,,,77.78,62.81449387775329,,,,
269726,,,,,,47.61413805905114,71.088,53.49298863184184
269728,,,,,,,81.998,65.6942357432601
269729,,,77.328,71.01753372456756,,,,
269731,,,,,,72.70400000000001,,
269739,,,,,77.294,,,
269744,,,,,,50.34539266883603,73.446,53.54977557697139
269745,,,67.01419442805228,75.36,,,,
269747,,70.63715379684498,,,69.48,,,
269748,,,,,,,75.2,55.956971884499566
269758,,,50.24274873057442,72.69,64.51565618159023,,,
269793,,,,,70.552,,,
269796,,,,,74.836,,,
269822,,,70.464,56.21913923598911,,,,
269823,69.1835459916785,,,,,,,77.018
269825,,,,,73.13,,,
269832,50.066523665088674,,,,,,73.19200000000001,51.98390193933768
269836,,72.4,,,,,,
269842,,,,,,77.494,,
269850,,,,48.62081338956508,71.99,,,
269857,,,,,,,65.72825657241253,72.922
269859,,,83.07,66.49736800395252,,,,
269863,,52.54611874224955,,71.16,,,,
269866,,,,,75.672,,,
269869,,,48.81626713972657,56.66942541046021,71.028,,,
269874,,,,,75.04599999999999,,,
269875,,,,,72.30199999999999,,,
269888,,,,,,,72.262,50.58720826457113
269889,57.68175450512108,,76.72,,,,,
269899,,,59.753809949008684,75.74,59.1100288825085,,,
269903,72.57,,,,,49.434827818456476,59.52012781711499,
269912,,77.76,,,,,,
269913,,,,,,,77.12,56.84421613169407
269915,,,,,,67.4201970217317,52.497722332017666,76.196
269922,,,77.78,,,,,
269923,,,,,,73.088,,
269930,,,,,,70.25399999999999,,
269934,,81.09,,,,,,
269935,73.71000000000001,,65.71044582510083,,,,,
269940,,,,72.41,,,,
269947,53.75651635221675,,,,,,74.67,57.0302730554861
269951,,,,,,72.754,,
269952,50.11553507565777,,,,,,73.688,
269953,,,,,,79.28,,
269956,,,,,66.23807146988644,,78.224,
269962,,79.32,,,,,,
269963,,73.98,,,,,,
269964,59.174252222892875,,,,,,80.402,62.08978766760311
269994,70.21000000000001,,49.85102520435188,,,,,
269996,,,,,72.178,,,
270001,,49.409592342706745,,,71.102,,,
270008,56.02882864589124,,72.946,,,,,
270012,,,,,76.498,,56.22583714773059,
270013,,,,,70.43157282495157,,80.328,
270014,53.24463862149993,,68.76404738765133,75.59,,,,
270017,62.34504075369737,,79.978,,,,62.79705268976836,
270027,72.37,,,,,,52.76085391350683,
270033,,79.42,,,,,,
270034,,73.59,,,,,,
270036,,,,,,,73.05,50.60642246656164
270037,57.96643681308865,,74.6,,,,,
270039,,,,,,,83.542,
270044,,72.82,,,,,,
270046,,,80.298,59.53503643408283,,,,
270050,,,,,,84.26,,
270064,,75.57,,,,,,
270068,,,,,71.4871425040268,,80.16,
270072,,,65.05596403102095,,,,79.868,
270073,61.707585806514516,,75.406,,,,,
270077,,83.11,,,,,,
270084,,,,,78.234,,,
270086,,83.32,,,,,,
270088,,,,,76.9,,,
270098,,,,,,76.026,,
270104,,,,,,70.726,,
270107,,,,,,,79.754,61.094343008069394
270109,54.605186989192354,,77.352,,,,57.367809189431924,
270110,,,,,70.14463481991518,,73.404,
270111,,,70.392,53.30623511125456,,,,
270116,,74.87,,,,,,
270129,,,,,,,73.248,53.454919556080334
270131,,,60.95202349929101,,76.344,,,
270133,,58.17442206093221,,,77.936,,,
270136,,,,,72.876,,,
270203,,,,,,75.228,,
270206,,,,,,76.964,,
270207,73.71000000000001,,,,,,59.18834288669233,57.02332430263841
270208,,,61.586095311051196,81.01,61.6673077287802,,,
270209,,,74.19200000000001,62.719029519941785,,,,
270215,,,52.47628718815484,51.658760501419,75.36,,,
270301,78.78999999999999,,,,,,61.64588786786974,59.93761043444347
270328,77.53999999999999,,,,,,65.30833464457554,58.61267487168323
270335,,53.860381203696754,,,70.536,,,
270338,,,,,77.148,,56.301715858920375,
270339,,,75.44200000000001,53.14573044600736,,,,
270352,,,70.686,56.44841031447883,,,,
270355,,,62.15403826623108,75.6,,,,
270363,,74.76,,,,,,
270368,,,,,,70.142,59.55620899879304,51.13748163850437
270371,,,,,77.16,,54.63748074831017,
270376,,,,,72.466,,,
270379,,,,,,,77.228,56.28143392697877
270382,,71.78,,,,,,
270397,,71.91,,,,,,
270398,,,,,,73.71000000000001,,
270399,,,,,,,64.45051664004419,74.75
270400,,72.53,,,,,,
270403,,,77.082,,,,,
270409,,,,,,,77.99522056838791,87.032
270415,,,,,77.176,,,
270454,,,,,75.11,,,
270455,,,,,73.59,,,
270456,,,,,74.274,,,
270460,52.63638114986017,,,,,,74.494,55.86457761394587
270461,,,,,74.18,,,
270465,66.34311727294893,,,,,,65.96656660699202,80.838
270475,55.901100381448046,,51.66642084768443,,,,71.634,
270478,,,,,,,80.464,67.55596387264532
270485,,,,,70.822,,,
270491,,,,72.93,,,,
270502,,,,,74.604,,,
270507,,,73.84,56.525000641194,,,,
270512,,,75.098,67.31835017119788,,,,
270514,,,,,,70.366,49.35769377786611,
270517,57.35017252296464,,,,,,79.044,59.87421000622696
270518,,,,,78.626,,,
270519,,,,,,75.936,,
270528,,75.73,,,,,,
270531,,85.52000000000001,,,,,,
270532,,,,,,73.366,,
270534,,,,,76.53999999999999,,,
270535,,,,,,60.72918233230324,53.939726513651934,74.252
270536,61.155887759776135,,,,,,60.31827159481348,76.484
270538,,,73.27000000000001,,,,,
270540,,72.59,,49.27512871139508,,,,
270542,,,,73.45,,,,
270554,,,55.83094890642844,,75.20400000000001,,,
270559,,,,,82.214,,,
270560,,,,,,47.3586343767741,60.802195272108634,74.178
270571,66.42073670119646,,85.772,,,,62.67571876204606,
270578,77.53999999999999,,56.364482972052784,,,,,
270579,,,,,,,73.65445957597916,82.33
270587,,,74.94,66.73895184792505,52.57461201497146,,,
270591,,,49.379995498053745,,,,66.89673459396268,74.056
270597,,,59.37623726057449,80.07,,,,
270608,,,78.03,59.14217102766941,,,,
270611,51.16458845629949,,,,,74.80199999999999,,
270613,,,71.33956601878461,76.02,,,,
270614,,,,,,74.26,,
270617,,67.17558096741485,,,71.584,,,
270633,,83.65,,62.47037494954382,,,,
270636,,59.15574885608295,,75.26,,,,
270637,,76.14,,,76.68802405268099,,,
270652,,,,,,74.444,,
270655,,75.99000000000001,,,,,,
270657,,,75.094,,,,,
270658,,,54.19307396695736,,64.56784306553968,,76.382,
270670,80.58,,64.15396262741432,,,,61.66901954716855,
270673,,,84.748,68.47338811673431,,,,
270674,,,,,74.946,,,
270676,,,,,,,74.5,54.7182610191802
270679,50.403666563479014,,,,,,75.276,53.957825898122586
270680,,,53.71161853940853,72.03,57.3559605079131,,,
270683,,,,,73.298,,,
270686,,,70.97702483472443,76.71000000000001,,,,
270698,,53.68970749412176,,75.18,,,,
270700,,77.37,,,,,,
270702,,76.72,,,,,,
270704,,,,,75.444,,,
270728,,,,,81.09,,59.718956935959575,
270729,54.75192593983902,,64.82312334732522,,,,74.25399999999999,
270732,,74.9,,,,,,
270738,,,60.57690244106821,72.02,,,,
270741,53.711401264539305,,,,,,76.352,61.56789912523929
270748,,,,,71.698,,,
270764,,76.97,,,68.17489558566481,,,
270787,,,,,,75.608,,
270812,,,,74.35,,,,
270820,,,,,77.07282801115691,,78.52,
270828,,,,,,74.70792384746318,,77.84
270834,,,,,,53.597169758686704,76.23,59.090723154500466
270842,51.9167086695627,,,,,,72.59,
270846,,78.85,,,,,,
270847,47.91391442803446,,69.462,,,,,
270849,,61.312908229781165,,71.02,,,,
270854,,,,,76.172,,,
270857,80.86,,72.22171857528771,,,,,
270859,,72.1,,,,,,
270860,,,,,,,73.108,56.798005258320075
270863,,,,,77.986,,,
270864,,,,,,73.036,62.63882175921924,56.62177144166766
270866,,,,,,78.46600000000001,,
270870,,75.3,,,,,,
270877,,,,,,48.94788133811166,67.78185732163432,74.32
270879,,75.37,,,,,,
270885,,62.40055677526626,,72.98,51.0979369089906,,,
270886,,,,,,49.745826541956546,72.816,57.96222474668886
270888,,76.66,,,,,,
270894,,,55.13408224313013,75.59,55.60880060898166,,,
270900,,76.01,,,,,,
270901,60.971234545234836,,73.426,,,,,
270905,,,,,,76.682,56.22793044581887,59.04606724186158
270913,58.48213378062165,,78.864,,,,,
270919,,,77.88,,,,,
270923,,,72.46600000000001,64.72455303676537,,,,
270926,,,,,77.166,,60.077493980365524,
270928,,,,,74.73,,,
270937,73.01,,,,,,52.951494645174144,
270940,48.884505597352636,,,,,71.026,50.25590191542322,
270944,,74.82,,,,,,
270955,,,,,,,71.28,51.343389678362385
270956,52.72933588429598,,73.144,,,,54.95674214184048,
270957,57.19432591768992,,,,,,68.29524194801465,76.5
270964,,,80.328,63.59901341538584,,,,
270971,,,,,,,60.20728731212334,74.56
270983,,,,,,81.482,,
270994,,,,,73.228,,,
270995,,,,76.92,,,,
270997,,78.1,,,,,,
270999,73.65,,,,,,57.80950094080728,52.389857067921795
271000,,57.73106059827235,51.18964640184677,73.82,,,,
271002,,,63.766484617465736,71.45,,,,
271005,,,,,,76.894,,
271006,,,,,74.976,,,
271010,,69.7835104099322,,75.94,,,,
271013,,,71.07,,53.94287482070782,,50.960115100607766,
271014,,50.875334541405316,,71.53,56.614890776019884,,,
271017,,,,,77.524,,,
271019,61.750695890914876,,79.304,,,,,
271026,,,,,,72.982,54.32540760943627,54.701632891186904
271028,,72.84,,,,,,
271031,,,,,70.794,,,
271032,,81.46000000000001,,69.78322808186329,,,,
271037,,,,,,,76.612,57.91499262903718
271050,,78.3,,,,,,
271053,,,,,73.95400000000001,,,
271057,80.1,,68.95280517905249,56.9974427534833,,,,
271061,,,,,74.696,,,
271063,,,78.05,58.06145228469354,,,,
271066,,,,,,74.27799999999999,,
271075,,75.41,,,,,,
271079,,,70.52199999999999,,,,,
271080,,,,,73.366,,,
271090,,,,,,,67.82569805871614,76.494
271092,,,,,,,79.036,59.94242270340648
271101,71.28999999999999,,,,,,49.959320414448214,
271106,,71.16,,,,,,
271108,,,,,,76.988,,
271118,,,73.854,,,,,
271119,,,,,79.744,,,
271120,,,54.3480768926388,53.300062900005855,72.222,,,
271121,,,66.47798272281194,68.62551838909481,82.406,,,
271132,,,,,,,71.05174990366257,82.79599999999999
271135,,,74.69200000000001,57.68753335844524,,,,
271139,,,,,73.9,,,
271143,,75.75,,,,,,
271145,,,,,80.478,,,
271147,,72.24000000000001,,,,,,
271156,57.97359807331754,,,,,71.936,57.49097350860922,
271160,,,,,,69.822,65.96493490705795,49.812819476780334
271172,52.753374483502924,,,,,,74.874,56.65772439362933
271195,,,,,,70.77,,
271197,,,,,,,77.786,59.062396131899895
271198,,,74.194,53.58533471266459,,,,
271201,,,74.108,52.774075597363165,54.66672473773266,,,
271205,70.83,,,,,,50.70751100518435,
271215,,74.31,,,,,,
271218,57.922582989316005,,49.10441811128798,,,,71.922,
271219,,,,,,,79.354,57.94109323177938
271222,,76.66,,,,,,
271235,,71.94,,,,,,
271244,,,,,,71.884,,
271246,77.21000000000001,,,,,,,
271247,,58.32142876745284,55.59732189902712,75.24,,,,
271248,,,,,,77.61,,
271252,,,71.256,,,,,
271256,,,,,,75.594,,
271257,,,,,,74.286,,
271265,,,,,,,69.93711661104089,75.288
271266,,,,,81.39,,,
271267,73.86,,,,,,,
271270,69.09,,49.14201310568855,,,,,
271272,,,,,73.6,,,
271289,,,76.288,,,,,
271296,,,,,,,72.44153203807986,80.274
271297,,60.43431320604111,,76.9,,,,
271300,,77.97,,,,,,
271306,56.04713452516781,,76.876,,,,,
271317,,73.27,,,,,,
271320,,,,,,77.05199999999999,,
271326,,,,,,,76.44800000000001,58.70923957312379
271344,,,,77.03,,,,
271358,,,72.106,59.301383963163275,,,,
271362,,76.41,,57.12197818193811,63.37212767126842,,,
271368,,75.14,,,,,,
271373,60.68770944554034,,,,,,78.332,57.5062032492152
271378,,,76.456,56.16995124549029,,,,
271384,,,,,,80.51,,
271394,,73.19,,,,,,
271395,,,,,,77.43,,
271399,,,,,72.13728494787725,,72.262,
271400,,,,,,73.9467179757407,84.404,63.72495510189471
271414,,,,,,74.756,,
271417,,,,,78.592,,,
271421,70.67016623635935,,,,,,75.38377951909688,88.122
271433,70.09,,,,,,54.38419249848144,50.6363059981029
271438,,76.2,,,,,,
271439,,,,,73.644,,,
271445,,,52.8833334018573,71.36,,,,
271451,,,,,75.61,,,
271452,54.88585125946647,,77.244,,,,,
271458,,74.33,,,,,,
271461,,,,,78.768,,,
271464,,,,,,,81.21000000000001,59.731262143098796
271467,,,,,,72.24199999999999,,
271471,,,,,,72.044,,
271475,,76.66,,,,,,
271477,,,78.44200000000001,59.71638755134845,,,,
271482,,,,,,,73.32,53.01765808481098
271494,,,,,,72.268,,
271495,51.5997089988347,,75.49,,,,54.88399852908066,
271496,,71.38,,54.150177868166985,,,,
271507,,,,,57.623461220053706,,72.868,
271511,,,,,,,76.98,57.59936380104977
271512,,,,,,,69.9857595441804,77.04599999999999
271522,,,,,,77.964,,
271525,,,,,,,77.726,61.36544570848164
271526,,,,,73.798,,,
271533,,,,,,71.45,,
271539,,57.87204615755867,,,75.51,,,
271540,,74.96000000000001,,,,,,
271541,,,,,,81.656,,
271542,,,,,76.594,,,
271543,71.97,,,,,,55.61214986661896,
271544,,,76.146,55.62934759842105,,,,
271548,73.46,,51.141077576643355,,,,51.562977811593456,
271549,,74.25,,,,,,
271562,,,56.64836738304376,,78.952,,,
271563,,,,,77.26,,,
271566,,71.7,,,,,,
271572,,74.13,,,68.88770607854528,,,
271573,,,,,80.30199999999999,,,
271574,,,,,82.162,,,
271575,75.98,,,,,,61.58124562679418,
271576,,,51.27816552691973,64.6003739808367,75.44,,,
271577,,,,78.13,,,,
271579,,,,,78.35,,,
271596,,73.74000000000001,,,,,,
271620,,78.28,,,,,,
271626,,,,,,71.38,,
271632,,76.42,,,,,,
271633,,,57.31091632365709,70.34,,,,
271638,,74.78999999999999,,,,,,
271645,,,71.168,51.04786979726387,,,,
271650,,,,,73.506,,,
271658,,78.12,,,,,,
271659,,,76.912,63.37259088928526,,,,
271666,,,,,,73.128,,
271668,,53.75415184040449,,76.25,55.376408375571714,,,
271673,52.52697093693349,,,,,,76.188,56.94324470151451
271675,,,,,72.434,,49.66108087171236,
271682,,,,,,77.988,,
271683,,,,,,74.564,,
271688,,,,,,,73.48726007808851,81.628
271689,,,,,,,78.062,57.90591329978832
271691,,77.83,,,,,,
271693,,,,,,53.58645347385699,62.82668502066683,76.628
271716,,,,,,55.97075782298125,78.174,63.90748565531778
271721,,,71.2834090626861,76.41,,,,
271741,,,73.52,53.663453168548344,,,,
271743,,,,,,,74.668,58.77173638301162
271746,,,,,,,66.6831027860344,75.182
271754,,71.95,,49.19764322214762,,,,
271755,,81.77,,,,,,
271767,,,61.496088166990994,73.94,52.98390580025163,,,
271772,,,71.76599999999999,65.1708652270071,,,,
271800,,,,,,,83.166,64.41359930312379
271805,,75.9,,,70.31044216157274,,,
271807,,,,,,,76.74821491861445,82.472
271816,57.4694226325041,,,,,,76.73,
271855,,,,,69.80799999999999,,,
271856,,,,53.09194752122097,73.828,,,
271876,,72.3,,,,,,
271880,,,,,,70.134,,
271882,,72.27,,,,,,
271900,58.55049736987369,,,,,,72.22,50.86663178002467
271916,,,,,,,81.726,64.37874596141516
271917,,76.85,,,,,,
271919,,64.45941179252372,,75.15,,,,
271921,,74.71000000000001,,,,,,
271922,,,75.406,55.76999095248262,,,,
271923,,,,,,68.55199903703554,73.428,
271929,,,,67.53480591210753,72.962,,,
271931,,,54.41294941351616,74.74,,,,
271932,,,,,,74.626,,
271933,,,,,,77.11,,
271937,48.92511785701501,,,,,,74.084,53.3736022917753
271940,,,,,,,72.974,55.815969631179215
271953,52.258348410705906,,,,,,75.67,61.22532841883943
271955,,72.21000000000001,,,,,,
271969,,78.44,,,61.658235653633895,,,
271974,58.32659428319377,,72.94,,,,,
271975,,,,79.43,,,,
271979,,,,,,75.066,,
271980,,,53.56420491198664,75.76,,,,
271983,,76.99,,,,,,
271984,70.52,,,,,,50.90439602115393,
271993,72.48,,61.83698382394303,,,,54.23329519180572,
272303,,,,,,70.386,66.97940104037511,55.03457209242403
272304,,75.69,,,,,,
272305,,,,,77.4,,59.827399282466025,
272313,,,63.80792157268786,52.56632649898896,,,71.76599999999999,
272317,51.80495608925085,,,,,,54.65501195370693,75.67
272324,,72.31,,65.22070251354467,,,,
272328,,,,,77.022,,,
272329,,,60.962813538197025,76.73,,,,
272346,55.96348878491251,,75.888,,,63.76954051039809,,
272350,59.760721891597925,,79.054,,,,,
272351,,53.82083463084368,,74.08,,,,
272357,,,,,77.714,,,
272365,,,,,,75.64,,
272373,,73.01,,71.36081160186218,,,,
272379,,,,,,,81.012,
272399,52.15632438628865,,69.812,,,,,
272407,,77.61,,,,,,
272430,,,,,,71.736,60.00928045043871,56.094288845184344
272433,,80.42,,59.058830075499735,,,,
272445,,,,,,75.76,,
272449,,,84.76,63.322923177263434,,,,
272453,,,,,,80.212,,
272455,56.57961142678303,,78.39,,,,,
272464,,,,,,,71.13,53.407907922410516
272486,,55.070112867674744,,71.98,,,,
272487,51.4469761630241,,71.902,,,,,
272490,,75.89,,,59.893734331004694,,,
272497,,77.31,,,,,,
272500,,,63.04145851341147,85.75,,,,
272505,,,,,,82.11,,
272514,47.58683857054523,,,,,,71.44,56.77293418343393
272515,,77.86,,,53.646749877575424,,,
272529,,,,,,,61.960866188467804,73.726
272530,,,,,73.494,,,
272540,,,,,,,76.592,58.05148701229217
272545,,,,,,48.20221848211482,59.437665606184034,72.172
272557,,,,,71.394,,,
272562,,,,,,,74.506,53.203197589546555
272566,,,75.328,65.03692092410878,,,,
272568,,74.88,,,67.9808693970588,,,
272569,,,,,,74.85,,
272596,,,53.169874316986956,75.35,,,,
272599,,,,,76.718,,,
272600,,,65.64292221461358,83.57,,,,
272602,79.0,,,,,,53.98005093127369,
272604,,,76.148,,55.59417333535241,,59.059722005435894,
272612,80.48,,,,,,69.84857903486233,61.10360260556836
272613,,74.28999999999999,,,,,,
272624,,,,,71.994,,,
272648,,,,,,,76.23,58.21038323373395
272651,,,,,,78.066,,
272656,,,,,,,71.698,55.57703566422938
272659,,,,,,,61.6097440969225,72.068
272660,,,,,,,74.42,59.20432359090812
272668,,,,,,78.498,,
272672,,72.36,,,,,,
272673,,71.31,,,,,,
272687,,,74.232,,,,,
272699,63.88508003571044,,75.006,,,,,
272709,,,,,,70.326,,
272712,,,,,78.54599999999999,,,
272718,,,,,,74.822,68.4049216023123,59.36417734278195
272723,,75.7,,,,,,
272725,,,73.21618007033157,77.83,,,,
272726,,,,,,74.57,53.1146099168603,
272733,,,70.41454172327809,81.05,,,,
272734,,,,,,,77.978,62.79960925166229
272736,,,,,,71.114,,
272753,,,75.69200000000001,,,,,
272776,50.49490064139202,,73.854,,,,,
272777,,70.12747529451599,,,78.982,,,
272781,67.32219758150217,,,,,,81.668,62.55419885834334
272783,,,76.142,,,,,
272785,,81.49,,,,,,
272808,,54.56789638365507,,,75.396,,,
272829,,,,,,,80.426,59.447778379737805
272832,,,,,,,74.888,54.43599487635694
272834,,,88.01,78.48127842122472,,,,
272835,55.45665676841389,,,,,,79.466,
272839,56.10096367613911,,,,,77.324,,
272844,,,,,79.416,,,
272853,,,,,,77.358,,
272857,,,,,,77.284,59.095648163690356,59.26121332529472
272860,,,,,73.94,,,
272861,,,50.004088479807756,73.19,,,,
272862,,,,,,73.008,,
272872,59.90938637403307,,77.80799999999999,,,,58.44886625990536,
272874,59.650189498434855,,81.93,,,,,
272875,52.93165968657165,,51.452898086791684,,,,73.756,
272881,,,,,72.274,,,
272891,,,51.260084529017405,,74.124,,51.99541281057758,
272894,,,80.0,58.42745947826392,,,,
272895,,79.05,,,,,,
272896,,74.2,,,,,,
272904,70.98,,,,,,52.522724119694175,
272906,,,,,73.66,,,
272908,,,,,,73.302,,
272909,,,,,,73.122,,
272911,76.24,,57.555013690492544,,,,57.91060064224639,
272912,54.31939180083535,,,,,,74.602,58.245404900041606
272913,,72.75,,,49.342025527989136,,,
272916,,,,,,76.386,,
272919,,,,,,73.63,,
272920,51.40418778056308,,72.232,,,,,
272926,,,82.578,64.51764961744132,,,,
272927,,,,,74.424,,,
272930,,73.09,,,,,,
272931,60.532657758287,,,,,,77.548,58.25315271185457
272932,51.39191618901235,,74.932,,,,,
272941,,73.24,,,,,,
272943,,,,,73.364,,,
272945,,75.83,,,,,,
272946,,,,,78.9,,,
272947,,,,53.30452280924811,77.328,,,
272949,,,,,,70.97,,
272951,,,82.55,60.62085176113531,,,,
272952,47.68384271815706,,,,,,71.94800000000001,55.52770530864336
272959,,,52.812090088833095,,60.21178830154805,,73.038,
272962,,,,,,72.87,,
272967,,,,,,50.66180313318305,73.742,59.38346461964798
272968,,,60.59339380150662,74.73,,,,
272978,,65.20716692137034,,,82.96000000000001,,,
272980,,72.69047457201714,,,73.182,,,
272982,,,,,,69.28381850857116,,75.628
272983,,,,,,,73.068,53.81546164676252
272990,54.22272234610527,,,,,,77.122,58.239484712104435
272992,,,,,,80.416,,
273008,,,,,,50.78228713260019,74.276,52.15469089480848
273012,,76.53999999999999,,,,,,
273018,,,83.952,69.28462346458646,,,,
273020,,76.49,,,,,,
273022,,,,,,,72.194,54.119753354234035
273027,,71.9,,,,,,
273028,,,57.64092213082894,57.76394976389112,80.354,,,
273046,51.74381875759616,,,,,,71.52,52.21172059162101
273051,,,,,,76.156,,
273079,,74.24000000000001,,,,,,
273080,,,,,,79.04,,
273081,,,,,75.264,,,
273082,,,,,,72.098,,
273090,,78.52,,,,,,
273100,,,,,,54.108206812541404,67.48464287665051,79.218
273114,,,,,,,67.08411036870743,77.02
273122,,,,,73.468,,,
273123,,79.87,,,,,,
273124,,,,,,,74.002,59.352049336081855
273127,,,,,75.726,,,
273128,,,,,,81.354,,
273459,76.64,,65.74508737565935,,,,56.477196741031996,
273463,,,59.81226955887294,83.7,,,,
273522,,,,,,72.974,,
273526,,72.69,,,,,,
273529,,73.08,,,,,,
273535,,,,,71.354,,,
273537,,,,,74.958,,,
273538,,71.76,,,,,,
273545,,74.07,,,,,,
273546,,,,,,78.768,,
273548,,,,73.07,57.438219791346505,,,
273550,,,,,72.334,,,
273560,,74.76,,,,,,
273564,,,,,,80.78,,
273573,,,59.234446744185924,71.78,,,,
273577,75.28,,55.351376041864626,,,,57.71462704371402,
273581,,,,,,71.502,,
273582,51.4728510467693,,73.632,,,,,
273593,,,,,70.938,,,
273599,,,,,75.732,,,
273602,,76.78,,,52.538376477011646,,,
273603,,76.08,,,,,,
273610,,,,,,75.186,,
273614,,60.176759000203845,,,73.93,,,
273616,,,,,,,69.46003061834347,78.396
273628,,76.73,,,,,,
273633,,74.27,,,,,,
273649,,73.99,,,,,,
273651,,81.39,,,,,,
273652,54.02285753038141,,,,,,73.6,55.2627398074439
273663,,,75.72,57.61553907195912,,,,
273666,,,,,,,76.86,59.231742196380615
273667,,,,,,55.05735076979907,75.232,57.8802130511732
273681,,,,,,,76.06,57.88183128689677
273683,,,,,,50.15813563619711,74.7,58.759788466093156
273692,,72.0,,,,,,
273693,,,58.65458932106692,75.66,,,,
273694,,,58.40604643267627,61.342984911599146,80.646,,,
273707,,,,,73.884,,,
273711,,,,,,,67.8246748110553,78.898
273712,,,72.51599999999999,,,,,
273730,75.88,,73.5960297324748,,,,,
273748,,,,,,81.124,,
273750,50.35824026675236,,73.29599999999999,,,,,
273752,,83.35,,,,,,
273764,59.29262675700452,,59.266844478291944,,,,80.298,
273767,,77.51,,,,,,
273768,,60.087410999648256,,77.62,,,,
273771,,,,,,75.394,,
273787,,,74.03399999999999,54.14203802601645,,,,
273803,,74.78999999999999,,,,,,
273826,,77.41,,,,,,
273827,,,76.112,55.07744098682335,,,,
273835,,,,,75.508,,,
273840,,,74.276,58.29426624747085,,,,
273843,,,,,,82.314,,
273850,,80.21000000000001,,,,,,
273855,,75.45,,,,,,
273863,,,,,74.824,,,
273866,52.29668828397361,,,,,,75.866,59.98396248410166
273870,,,,,68.9682279790878,,72.032,
273875,,,,,79.584,,,
273883,,,80.424,,,,,
273884,,,57.41105382904168,79.06,,,,
273885,,70.55,,,50.73967207595211,,,
273893,,75.33,,,54.11061209850503,,,
273904,,74.88,,,,,,
273905,51.715636618967416,,51.77326667015043,,,,77.372,
273906,,82.24,,72.06022491242412,,,,
273913,72.92,,,,,,59.93896792761568,58.64123307993254
273915,,,,,,80.408,,
273917,,,,,76.976,,58.451861013751305,
273918,,,,,,72.594,,
273921,,,71.582,,,,,
273922,,74.51,,,,,,
273930,,,,,,70.572,49.60193863512922,
273931,,74.53999999999999,,,,,,
273932,,,75.664,,,,,
273933,,,,,78.58,,,
273936,,,,,70.424,,,
273948,,74.15,,,,,,
273950,,,,,73.126,,,
273952,,,,,75.084,,54.51984681835788,
273962,,,,,,74.708,,
273964,,,,,,,75.05199999999999,57.1595049217188
273976,,,,,,,70.874,51.639479910933545
273978,,,,,,,76.738,58.357131481647926
273982,,,59.83284001490309,76.23,,,,
273987,,75.77,,,,,,
274000,61.714230263339445,,,,,,64.23764760446086,79.732
274004,,,,,,,65.37744479327425,73.126
274006,,,,,,,71.13,52.26172034145263
274010,51.97189821787677,,,,,,73.29599999999999,53.59501852374396
274011,,,,74.35,,,,
274022,,,,,,53.651993183957025,59.277092782858375,74.73
274024,,,58.77601100708083,77.25,,,,
274035,54.31108917555939,,71.91,,,,,
274046,,78.75,,,,,,
274055,,72.08,,,,,,
274057,,,,,75.078,,,
274065,,,,,64.71136325421388,,74.922,
274078,75.77,,61.74907148698723,,,,58.5730166557463,
274080,,,,,74.282,,,
274081,,,,,,,74.068,55.672364573970164
274082,,74.7,,,,,,
274089,,,76.118,,,,,
274093,,,,,74.952,,,
274096,,,55.97069574063586,,73.484,51.39059440723144,,
274099,,,,,,73.544,,
274101,,71.65,,,51.84711775240686,,,
274102,,,,,76.584,,,
274105,,60.87545382045911,,79.34,,,,
274122,,,76.126,,,,,
274125,,74.5,,,,,,
274126,,,,,,74.164,,
274130,,72.93,,,,,,
274132,,,,,,70.502,,
274133,51.253263563750195,,73.214,,,,,
274134,,,52.19657626130742,,75.352,,53.649053646379535,
274144,,,71.694,,,,,
274145,,,,,,,74.58,57.480137830880594
274187,,81.02,,,,,,
274188,,,,,,73.488,,
274191,75.08,,53.353146332666704,,,,,
274195,,,,,,,74.64,53.83952382372208
274196,,,,,,74.05199999999999,,
274197,52.41689710609062,,75.194,,,,,
274199,,71.76,,,,,,
274209,73.70482388728057,,,,,,81.246,
274212,54.29774397591345,,,,,,78.18,57.02048612572357
274213,,75.3,,,,,,
274220,,,73.22200000000001,,,,,
274226,74.5,,,,,,,
274231,,,,,,,76.618,60.0204957872874
274246,,,78.908,,,,,
274254,,,,,,72.798,59.827627321399014,
274259,,,73.47800000000001,,,,,
274262,,73.25,,,,,,
274264,,,,,,72.48648526677613,76.478,
274266,,81.1,,,,,,
274268,,73.62,,,,,,
274270,,,,,66.37225966005195,,77.438,
274272,,71.43,,,,,,
274273,,,71.54599999999999,,,,,
274288,81.2,,,,,,66.85340706058403,65.12984061773106
274342,,,,,72.852,,,
274355,,,76.182,57.11982001934726,,,,
274358,,78.46000000000001,,,,,,
274369,,76.14,,,,,,
274377,51.96140441082533,,,,,,62.421440382355215,73.95
274378,,,,,,49.617206881696504,73.088,62.18217241175392
274382,,75.84,,,,,,
274387,,52.33345978028888,,,71.896,,,
274389,,,,,,71.596,,
274390,,,63.56890686520674,70.75,,,,
274397,,,,,,,76.338,58.98687607522656
274401,,,,,,,75.828,54.056521515066976
274406,52.541889199334506,,73.474,,,,,
274408,,,,,70.408,,49.84654312928637,
274409,,,71.566,53.42175443019124,,,,
274437,,,,,,75.28999999999999,,
274439,,,,,74.4,,,
274440,,,70.514,49.4214443978824,,,,
274442,,,,,,52.47500077772237,75.762,60.487512652025515
274444,52.06504539396791,,,,,,74.832,54.82902807937715
274445,,,,,,77.824,,
274447,,,63.44220180413654,80.24,,,,
274448,,,76.168,,,,,
274449,63.694521707469754,,,,,,75.246,52.96417833537243
274452,78.28,,,,,,55.31480307921764,
274458,,,,,,73.16,,
274463,,,,,72.612,,,
274465,69.67528212864903,,,,,,56.70271533201465,78.462
274472,,,,,,74.908,,
274474,,72.6,,,,,,
274486,,72.95,,,,,,
274503,,,,,70.856,,,
274516,,,,,,,79.3,61.94871584489698
274521,,76.3,,,,,,
274522,53.76461310878377,,72.072,,,,50.386093687626015,
274527,,,,,,72.92,,
274528,,71.64,49.63923407925965,65.18278025270838,,,,
274533,,70.69,,,60.28812112054349,,,
274534,,74.52,,56.9640408874799,,,,
274535,,,,,57.07498096303745,,75.37,
274536,,82.2,,,,,,
274537,,71.89,,,,,,
274548,,,69.858,49.833591023516554,,,,
274553,,,,,,,75.05199999999999,60.82658030363878
274554,,,,,,53.380522313638984,56.50144251795456,73.376
274555,,,75.856,54.39653388952709,,,,
274559,78.71000000000001,,,,,,58.647746412901796,
274564,,,73.324,52.984395871852726,52.87884389567499,,,
274565,,,,,71.098,,,
274569,,77.49,,55.26450452659469,,,,
274570,,,,,,64.40537206107693,76.488,56.611000033107864
274616,,,,,,76.836,54.81857181418838,
274617,,,72.736,56.992229439493414,,,,
274630,,,,70.45,,,,
274672,,75.43,,,,,,
274685,,,,,,75.274,,
274692,,,,,,78.272,56.68313666249328,56.82841778919981
274694,,70.35752976080403,,,72.286,,,
274699,,,,,,78.848,,
274701,54.01276039761541,,,,,71.13,55.34888408676553,
274702,,,73.446,62.14655374884489,,,,
274707,,64.83951902256041,,,69.73,,,
274719,,,,,71.21,,,
274721,,,,,,,59.10285715902654,71.25
274722,,,,,78.508,,,
274723,,,,,,,65.27011133835256,72.132
274724,55.52598591365389,,,,,,78.446,57.67511075333044
274726,55.44162339612123,,,,,,77.736,61.980709448684216
274728,,,,,,,71.886,54.41690135147463
274729,,76.34,,56.31014778260084,,,,
274732,,,78.792,,,,,
274734,,,,71.46000000000001,61.62848954903079,,,
274735,,73.78813171363515,,75.8,,,,
274736,,,,,73.21000000000001,,,
274828,,,,,,,70.10639976852778,75.668
274830,,,,54.152367387010486,76.7,,,
274834,,,,,74.97,,,
274841,,,,,,76.78399999999999,,
274844,51.68563878641681,,70.892,,,,,
274845,,,,,77.5,,,
274865,,,,,,70.918,,
274896,54.57207624665693,,,,,,76.12,55.90988306849569
274897,,70.92,,,,,,
274906,,,,,,81.148,,
274912,,72.3,,,,,,
274913,,,,,,,80.426,58.991453631741145
274915,,,,,80.634,,62.27403993293547,
274923,,,,,71.76,,49.6255325447073,
274924,50.23521642646392,,,,,,71.8,53.04640734295955
274927,74.9,,,,,,,
274934,,,74.276,54.82471161160781,,,,
274944,,,,,,77.42,,
274947,,78.28,,,,,,
274948,,,,,73.122,,,
274949,,76.55,,,,,,
274952,,,77.94800000000001,60.49528835041045,,,,
274970,,,58.70732208648748,78.02,,,,
274976,,,73.136,57.14955073311464,,,,
274977,,,,,,70.684,,
274978,,,,,71.38,,,
274979,,,71.684,50.88018991651345,,,,
274999,,,,,,70.212,,
275001,,,,,,73.782,,
275003,,,,,72.012,,,
275006,,,,,,71.564,,
275016,,76.05,,,,,,
275019,51.43010678609306,,,,,,73.548,54.8731232859604
275024,,,,,,,71.942,
275027,,75.28,,,,,,
275028,,,,,78.218,,,
275029,77.59,,,,,,70.72280793632608,56.9380951140888
275042,,,,,74.274,,,
275044,,,,,,,71.494,53.78982235829609
275046,,,,,,78.26,,
275048,,,,,,,81.19800000000001,59.183716188258735
275050,,,,,77.892,,,
275051,,,,,,77.95400000000001,,
275054,,,,,76.624,,57.69886989604307,
275056,,,,,,53.075051729615026,61.4123805091761,76.044
275062,,,,,,71.93,,
275067,,56.7033576234829,,76.13,,,,
275070,,81.87,,,,,,
275076,,,,,70.61,,,
275077,,,,,,72.072,,
275087,,,,,65.82789121094947,,74.55199999999999,
275090,,,,,,75.896,,
275100,,,55.448186913093295,77.64,,,,
275101,,,,,,,73.364,55.211409350026734
275102,,73.92334694572762,,79.01,,,,
275126,49.05932810966529,,72.032,,,,,
275130,,,,,,72.348,,
275134,,,55.37822816513713,72.74,,,,
275137,,,63.630535631851856,79.51,,,,
275138,,,83.346,60.55389442166706,67.4991360338803,,,
275139,,74.9,,,,,,
275153,,74.05,,,,,,
275162,,,,,77.334,,,
275163,,,75.4,70.52511273224209,,,,
275179,,,,,69.706,,,
275180,,72.5,,,,,,
275183,,70.95,,,,,,
275192,,80.06,,,,,,
275196,,,,,,,75.146,56.731190320248466
275201,,,,,,,71.166,56.503246351715916
275205,57.56347382600504,,,,,,80.596,60.689293432048814
275206,,,,48.90553817654226,71.72,,,
275207,,76.34,,,,,,
275208,,68.05383813324455,,,81.27,,,
275209,73.72,,,,,,58.67569538777758,56.50938820132151
275211,,72.5,,,,,,
275221,,,,,,57.120104019104495,74.07,54.76938199953503
275224,,,,,73.352,,,
275225,75.18,,,,,,56.86966502319603,
275233,,,75.72800000000001,55.796623782648126,,,,
275238,,,63.825682187102345,66.35814058010422,77.872,,,
275241,,57.598965090765276,77.724,60.33589312071382,,,,
275244,,,,,75.436,,,
275246,,,,,,,76.08,60.435807811090385
275248,,,55.4049616855579,72.87,,,,
275249,,71.19,,,,,,
275251,,,,,72.73,,52.07559041242684,
275253,,,72.26400000000001,55.54301001847572,,,,
275257,,,,,,71.27600000000001,,
275258,,,,,70.282,,,
275262,,,,,72.694,,,
275271,69.55,,,,,,53.02982673209689,48.88661425279687
275274,,,,,,69.398,,
275279,,,,,,,73.19,55.169365889272484
275288,,,,,,52.82269380784572,74.382,59.373993125704786
275290,,,75.56,54.851108191121654,,,,
275291,,,78.548,62.08652802600149,,,,
275292,48.45772701120468,,,,,,72.362,50.4410232589513
275294,,,53.895700083447124,70.61,54.25491178310081,,,
275295,,,,,,60.19575040169334,51.99172132054057,72.16
275296,,,,,72.96600000000001,,,
275297,,76.44,,,,,,
275298,,,75.13589844943468,83.27,,,,
275324,,,,,,,82.424,72.84423952694682
275328,79.32,,,,,71.19767126084398,,
275332,,,,,,72.976,,
275333,,,,,,74.46000000000001,,
275336,,,76.246,,,,,
275337,,75.85,,,,,,
275343,56.66553284581727,,77.224,,,,58.57757283077271,
275347,,,,,,74.986,,
275351,,,,,73.556,,,
275353,,,,,82.2,,,
275360,,,,,,57.21362667798926,64.00038839493142,80.146
275371,,79.26,,,,,,
275372,,,,,,64.51271610540991,75.564,55.63417722174593
275374,,,,,71.026,,,
275401,,,,,,79.246,,
275411,57.774511758826606,,76.432,,,,,
275415,55.68109064555713,,,,,75.48,,
275418,65.12345130845607,,,,,,75.294,
275431,73.81,,,,,,60.24877943613923,53.952580822802446
275436,70.2,,,,,,60.200573505365426,51.08799018478452
275446,51.45290002254327,,73.47800000000001,,,,,
275462,57.78006097903208,,76.246,,,,55.96155530132124,
275468,,,,,79.758,,59.03010957506814,
275487,,,,,,,75.97200000000001,59.892924031574346
275490,,,,,,,71.99799999999999,52.61888946297105
275493,55.25864931112877,,,,,,76.364,59.82697467598134
275497,,,,,73.484,,,
275507,,82.1,,,,,,
275515,,,,,,63.84978061506155,75.27199999999999,56.294824502761465
275520,,,71.71000000000001,51.132390204721325,,,,
275522,,,78.61,55.409673277557665,,,,
275544,,73.96000000000001,,,,,,
275545,78.72,,62.51786549775382,,,,,
275549,,,,,75.488,,,
275592,,,,,,,67.66525134912345,81.408
275594,,,,,74.732,,53.856407547590905,
275595,,,73.816,,,,,
275599,,,,,69.736,,,
275610,,,,,,,72.078,
275621,,,,,,,62.17764399936752,71.698
275622,,,,,70.52799999999999,,,
275634,,,74.77199999999999,57.71597628946204,,,,
275638,77.61,,,,,,,
275639,55.61368201934407,,62.80987166529023,,,,,76.458
275641,,,,,,75.616,,
275644,,77.35,,,,,,
275648,,,,,,74.108,,
275690,,,58.90540379219068,73.18,59.602629924048514,,,
275691,76.0,,,,,,70.54782121598323,58.45990314134181
275694,,72.53,,,,,,
275703,,,72.78399999999999,50.846018728140834,,,51.38419722658439,
275704,,,,,,75.562,,
275706,,,,,,73.582,,
275714,49.30799360589142,,,,,69.03,,51.74173102378002
275736,72.21,,,,,,64.56436427078697,52.27014663798564
275739,,,,,,,75.656,54.64279249505624
275741,72.21000000000001,,,,,59.91500007872091,51.369602945465765,
275742,72.85,,57.052963819373936,,,,58.88869098703106,
275754,,,,,76.018,,,
275763,,,73.588,56.18320801888688,,,,
275771,,,,,,82.434,,
275783,,81.34,,,,,,
275785,,,,,,,79.47,59.12697105510756
275858,74.05,,,,,,53.75406940220066,
275861,72.02,,68.41836995546369,54.177934040089234,,,,
275867,,,69.80527466174482,77.33,,,,
275878,,77.88,,,,,,
275901,58.89540626260241,,,,,,74.21000000000001,
275912,,,,,,75.082,,
275918,,79.93,,,,,,
275951,,74.6,,,75.03263378917262,,,
275952,,74.61,,,,,,
275960,,71.95,,,,,,
275972,71.24000000000001,,,,,,68.92472837921437,50.82530612277439
275974,,,,,,73.356,,
275976,,,81.338,59.537118253125804,,,,
275978,,,,,,75.21600000000001,,
275982,71.33,,48.4536043971501,,,,52.72149408897126,
275985,56.80401082875125,,79.574,,,,,
275986,,,,,,,79.97,62.32129079753482
275988,,,,,76.682,,,
276001,,,,,72.018,,,
276007,,,,,67.68360563661751,,78.312,
276017,,51.154020376160695,,,69.498,,,
276022,,,,,,,78.04599999999999,55.78702873156897
276023,,,,58.393473794861926,70.852,,,
276027,54.35864512760772,,,,,,75.512,59.49655661115813
276029,,,,,,70.27799999999999,,
276035,55.4683713859564,,,,,,60.254047211394266,76.97
276047,,,,,75.488,,,
276048,,,,,,,81.202,60.67410474866206
276052,,73.92,,,,,,
276066,53.939706849927084,,,,,,77.564,55.17266105266255
276068,72.07,,,,,,61.913999633367155,51.101658960448
276070,,,,65.81331158246647,75.878,,,
276076,,,76.994,60.708873176519354,,,,
276083,,,,,76.42,,,
276085,,,74.208,,,,,
276090,,,,,,,74.64,55.76751873039802
276093,,,,,,,75.31,57.46062311165546
276104,,71.85,,,,,,
276119,,63.352219254569434,78.856,72.23668163852872,,,,
276122,,75.57,,,,,,
276130,,76.31,,,,,,
276142,,,,,71.236,,,
276165,,,,,,,72.85,53.586300526914464
276167,,76.78,,,,,,
276171,,,,,,74.212,,
276172,,73.38,,,,,,
276173,,77.23,,,,,,
276178,,,,,,65.24874127260016,50.39228885823874,73.274
276188,,,,,73.59,,,
276189,72.81,,58.85588403374638,,,,51.70184936168559,
276191,,58.19196175140409,51.60049889853258,73.18,,,,
276205,,73.3,,,,,,
276207,,55.56749431955213,,77.06,,,,
276211,,,,,,65.12788400751329,56.81021175457607,76.114
276216,,,76.336,,,,,
276220,,75.65,,,,,,
276235,,,,,,,73.52199999999999,53.51583764602323
276247,,,50.7369613470206,71.32,,,,
276249,69.7,,55.335192338131165,,,,50.314183268787865,
276252,,,,,,,67.43349978247736,75.668
276256,,,,,,,74.19200000000001,55.787725044610326
276257,,74.82,,,,,,
276258,,,,,74.576,,,
276259,74.94,,,,,,,
276270,,,,,71.956,,,
276271,,52.3384564581922,48.22493879714797,70.66,,,,
276272,,,,,,75.314,,
276278,64.63990729440377,,81.824,,,,,
276283,,75.21000000000001,,,,,,
276287,,56.512261645865564,,,74.114,,,
276288,,75.87,,,,,,
276289,58.81003087782868,,55.32733632209576,,,,73.22200000000001,
276292,,,,,72.576,,,
276295,,,,,,82.51,,
276302,,73.01580301600491,,77.51,,,,
276305,,77.19,,,,,,
276309,,,,,,,76.994,59.21076543718405
276311,,,74.9,66.60517887799227,,,,
276312,,,,,,74.086,,
276314,,,,,75.012,,57.10773071069976,
276315,,70.11445475613786,,75.5,,,,
276316,57.08321812358716,,,,,,74.134,53.25515802483197
276319,74.02,,54.837273954015544,,,,54.83714647216732,
276320,70.41,,,,,48.396024821816454,50.023242338090434,
276324,,,,,,71.746,,
276325,,,,,,72.63,,
276332,,48.729896097451004,,70.72999999999999,,,,
276337,,,,,,,75.862,53.045248636382674
276342,52.45125891356157,,74.532,,,,,
276346,,,,,,71.506,,
276356,,,,,,,72.212,55.443909052230765
276358,,,,,,71.842,,
276363,,,,,,66.80043478770949,73.43,
276365,52.48414247002611,,76.616,,,,,
276367,,74.8,,,71.37049923243083,,,
276371,,56.192623783136355,,74.77,,,,
276372,,,,,,75.47,64.1149540955285,57.86962587868392
276375,,,,,,,71.904,56.61211589310322
276377,,77.01,,,,,,
276392,,,,,73.124,,,
276393,,73.9,,,,,,
276394,,,,,,72.298,,
276395,,,,,,,68.00210141717129,74.848
276398,,,77.658,,,,,
276412,,,,61.01443056528234,60.24591081957223,,76.19200000000001,
276422,,,,,,,63.06071754203256,74.63
276429,49.680934666081,,,,,,71.476,55.14636835169156
276430,,50.68985460565803,,,70.49600000000001,,,
276436,,73.96000000000001,,,,,,
276438,,,51.24313512255541,73.21000000000001,,,,
276442,,74.11,,,,,,
276443,,76.16,,,57.422088279467886,,,
276451,,,74.95,,63.5874544560046,,55.739201134824285,
276452,,,74.27,,,,,
276471,,,67.40369364932066,81.89,,,,
276477,,75.2,,,,,,
276485,,,71.134,49.93155521169008,,,,
276489,,,,,,,71.184,54.600645330136345
276493,,80.92,,,,,,
276516,,,,,,73.654,,
276528,80.2,,,,,,69.99686294191348,63.02822917958213
276534,,,64.27039151020573,71.2,51.29856336367914,,,
276544,,,,,74.844,,,
276555,,,,,,72.616,,
276558,,75.26,,,,,,
276561,,,,,,,71.288,55.24407401836123
276566,,,56.61305746473815,,,,54.394736780212114,72.962
276567,,,,,,73.118,,
276572,,,,,,73.736,,
276583,56.62777793259021,,,,,,77.684,57.2894012957553
276594,,61.56199546864916,,77.72,61.163351580937054,,,
276600,73.53999999999999,,,,,,56.15784379169981,
276602,73.85,,52.85175014230848,,,,,
276603,,,,,,,67.29302525008994,73.496
276610,,,,,77.02,,,
276614,,,,,,71.892,,
276616,,,,,,68.47326584303192,74.81,
276618,,,,,72.956,,54.51251467497957,
276619,,,,,,75.872,,
276625,,,55.62534785866535,76.03999999999999,,,,
276632,,56.06565440842781,,76.07,,,,
276633,,75.03999999999999,,,51.81052625027848,,,
276634,,77.53999999999999,,,,,,
276646,,79.23,,,,,,
276657,,73.12,,52.32561242716832,,,,
276658,,,,,72.834,,,
276659,,,71.028,48.663169790830295,,,,
276660,,,,,,77.516,,
276666,50.72912258144409,,,,,,55.406834239399934,73.648
276668,,,61.439077122106795,73.88,,,,
276670,,,,,,,71.684,57.09616146646431
276675,,75.26,,,,,,
276677,,76.68,,,,,,
276680,,73.83,,,,,,
276682,56.11395771708676,,77.0,,,,,
276692,,,,,,,75.32,56.90807655800866
276693,,,,72.53999999999999,,,,
276694,72.93,,,,,52.77346103730795,57.29391648257903,
276695,,,79.392,64.96445889089121,,,,
276697,52.30024135638046,,,,,48.9907762657239,72.134,
276705,,,,,74.758,,,
276706,53.10838274883257,,,,,,62.462636732882906,73.77
276708,,,71.28,52.07472995473403,,,,
276710,,,,,72.412,,,
276712,,,,,,,77.4,54.977974684391796
276716,,,,,,76.52799999999999,,
276735,,,,,,75.148,,
276736,54.38306872242224,,73.298,,,,61.88246883817189,
276742,,54.09089563167126,,73.47,,,,
276743,,,72.456,,,,53.56468952068959,
276744,,,,,,,67.28978477839416,75.604
276745,,,,,79.664,,,
276747,,,,,73.606,,,
276769,,,,,,70.684,,
276773,,,,,71.37,,,
276787,72.53999999999999,,,,,,60.787378856766466,55.509851232659805
276798,74.71000000000001,,,,,,65.98081666717007,52.95578302110548
276804,,,,,,,73.634,56.98021032309939
276811,,,,,,,71.88,50.214249372921905
276819,,,,,75.108,,,
276820,,75.17,,,,,,
276822,,,,,,67.2184675863476,52.59855893767808,76.166
276827,,,,74.9,,,,
276831,53.19070097115267,,,,,55.36794324547261,75.952,
276866,,75.31,,,,,,
276867,52.32483443629377,,70.234,,,,,
276877,56.92717599054045,,,,,,73.966,52.84941651550514
276899,,73.2,,,,,,
276901,,,,,,,75.422,55.32198480314541
276905,71.59,,66.14014950458915,,,,,
276909,,,,,65.23528116976102,,79.09,
276917,73.78,,,,,,70.08387448675205,55.11827382139077
276933,,,71.308,52.47720694454726,,,,
276940,,,51.76518235279683,73.41,,,,
276942,,,,,,70.182,50.13625554646552,
276946,,,75.536,59.86901893714886,,,,
276947,,,,,,71.26599999999999,,
276949,,,74.872,,,,,
276951,67.68736384457844,,69.954,,,,,
276958,70.19,,,,,,60.804318598746356,51.17756447392308
276960,,76.68,,,,,,
276964,,74.25,,,,,,
276967,,,,,,73.22200000000001,,
276969,,,66.48159651058718,77.68,,,,
276976,55.864071764599885,,,,,,75.836,56.24117987435428
276979,,,,,,70.062,,
276998,53.017900980595144,,76.132,,,,,
277019,,,71.388,52.380192310200336,52.29732399247122,,,
277022,,77.42,,,,,,
277025,,81.87,,,,,,
277030,73.91,,53.535536753215375,,,,55.29194355093618,
277031,,82.91,,,,,,
277034,,74.15,,,,,,
277052,,52.146255047056265,,73.49,55.70239124751427,,,
277068,,,,,80.484,,,
277069,,,,,,,79.25,58.765484426047834
277070,,,,,,,76.32,58.09677769314561
277072,74.17,,,,,,55.232571959032356,53.86623217473602
277118,,76.52,,,,,,
277119,58.68595599052841,,,,,,59.578104007500016,76.584
277121,,,,,,73.174,,
277144,,75.78999999999999,,,,,,
277167,,,,,,68.15703232303102,,72.61
277178,,,,,,78.768,,
277179,83.58,,70.5356637551805,,,,,
277180,,74.09,,,,,,
277181,,72.94594066269124,,72.74000000000001,,,,
277193,,,,,78.988,,,
277194,,,,,,,71.70041846461957,79.084
277197,,,75.054,64.43572896531288,,,,
277206,,74.8025941191965,,77.72,,,,
277210,,,,,,50.243692496138756,71.97200000000001,56.1757598323648
277211,,,,,,78.4,,
277214,,75.49,,,,,,
277216,,,,,,77.53999999999999,,
277217,,,,,77.418,,,
277225,,75.84,,,,,,
277237,,,,,70.578,,,
277238,,,,,,51.34103394503882,53.7765608978806,70.386
277244,,77.6,,,,,,
277248,,49.16657759432837,,,70.344,,,
277252,,,,,80.918,,,
277266,,,53.760176332580045,71.13,,,,
277269,,,,,,,77.322,61.62264639484498
277272,,72.93,,,,,,
277283,,59.653835981247646,64.76586097672003,81.01,,,,
277285,,,,,,,73.206,60.27290954274856
277288,,73.89,,,,,,
277289,,77.74000000000001,,,,,,
277293,,,,,,,73.228,52.639064161950145
277295,64.48922025931684,,,,,,61.89370897772915,79.8
277301,74.86,,,,,,61.510996453987914,56.13719954250406
277303,,,,,,73.506,,
277305,,79.17,,,,,,
277309,,,,,,75.602,,
277310,73.35,,,,,,57.038569616596675,
277311,72.14,,,,,,67.46750558721382,51.40817186251798
277318,,,,,71.086,,,
277322,,,,,76.574,,,
277327,,,,,,78.23400000000001,,
277343,,,,,71.738,,,
277346,,,72.234,51.58019586812948,52.18983167023238,,,
277354,,,,,74.19800000000001,,,
277356,51.9905426583194,,72.62,,,,,
277360,56.758758579086404,,,,,50.08059581899345,69.014,
277373,,,,,,54.032723055275,74.584,55.93520699863968
277377,,,,,,,66.47114093811277,74.228
277419,,73.97,,,,,,
277421,,72.35,,,,,,
277426,,,,,,,69.85520085230401,79.372
277427,,,62.72992476232153,,79.318,,57.54757242185126,
277431,,,,,71.48400000000001,,,
277432,,,,,81.044,,,
277439,,,60.95724151913127,81.23,,,,
277442,,76.02,,,,,,
277447,,76.32,,,,,,
277448,,,,,,55.26083232555959,77.548,62.294538791915535
277456,61.61818743896216,,,,,,59.48315420627462,75.53
277457,,,,,,74.428,,
277464,,,51.9542874796981,73.69,57.17547437781669,,,
277465,72.75,,57.00628901731132,,,,,
277470,,,,,,73.136,,
277482,,,,,,,75.39713217878516,80.196
277483,,,75.768,65.19191173813043,,,,
277484,,56.76544391127298,,73.61,,,,
277485,,,,,,71.98400000000001,61.03083607128575,55.7851000240852
277498,,,,,,71.52199999999999,,
277499,,55.77736163603767,,,72.524,,,
277501,,,,,,,63.493580269088255,75.918
277503,,80.7,,,62.988585867611974,,,
277509,72.13,,52.854169162114424,,,,56.67686597835368,
277512,,,,,,70.092,61.07494084242795,52.82029884792708
277515,,,,,,73.47800000000001,,
277516,,73.68,,,,,,
277517,55.62261618025026,,,,,,78.494,60.293536047385714
277519,,77.92,,,,,,
277522,,73.37,,,,,,
277524,,72.87,,,,,,
277525,,,70.986,52.41566227010167,,,,
277532,,,,,,,71.758,54.01186113889421
277537,,83.86,,,,,,
277540,,,71.80199999999999,65.09784963403361,53.286312844069585,,,
277549,,,,,,48.83658037283813,74.20400000000001,57.556797541053776
277551,,,,,,,66.70926871113838,73.094
277552,,77.21000000000001,,,,,,
277553,,75.08,,,,,,
277561,,,,,,,76.622,60.49199698688436
277565,,,,,,80.006,,
277568,,76.1,,,,,,
277578,,,,,,72.968,,
277581,,,,,,85.17,,
277584,70.36,,60.03449884164654,,,,50.72426897899973,
277589,,54.99996770329784,,,70.994,,,
277593,,,,,74.168,,,
277594,,,,,,58.99636302217861,79.336,66.88771583853334
277597,,75.18,,,,,,
277598,,54.922748158186685,54.65389603899665,76.41,,,,
277599,,,,,,72.662,55.172974401396715,59.54436135196339
277601,,,,,72.74000000000001,,54.41469341810753,
277614,,,72.804,51.80534809139573,,,,
277615,,,,,,70.236,66.94225471979573,
277618,,,,,77.062,,56.99055531812835,
277624,,,,,,71.9,,
277626,,,,,,65.06375915974539,75.486,
277627,75.09,,,,,,62.39817674776124,54.22585140924556
277630,50.292170716370386,,72.396,,,,,
277635,,,,,,,61.36321753935623,72.488
277636,,,,,,71.108,,
277643,,,,,,,90.506,76.7693629646432
277645,,,,,,58.45608301614886,71.84,51.30448882159657
277658,,,,,,72.91,56.9963935966906,53.81622904737909
277659,,65.58044961735531,,77.72,,,,
277661,,72.43982055788817,,71.0,,,,
277663,,,,,,,79.95400000000001,62.891919996968966
277664,,,52.08898031874082,74.13,,,,
277665,,,,,,75.194,,
277668,,,,,74.5590985946613,,78.07,
277672,,,,53.84409721994522,76.252,,,
277673,,,,,,73.574,,
277684,55.32290654840929,,72.20400000000001,,,,,
277689,,,,,,80.956,,
277692,,,,,,73.894,,
277693,,75.51,52.872729816052725,58.770455424133885,,,,
277695,,79.34,,,,,,
277698,51.553630450282476,,,,,,75.55799999999999,59.45928110668582
277704,,,,,73.126,,,
277705,,,47.11240784191251,70.9,,,,
277708,79.09,,,,,,,
277719,74.97,,,,,,66.51374539552548,55.32059817036355
277742,,,,,,70.188,,
277747,,71.25,,,,,,
277751,,,51.48975076342809,48.89027240323622,71.258,,,
277755,,,,,,,75.418,61.22411823964457
277771,,74.21000000000001,,53.14277807187161,,,,
277786,,,52.944010683919565,73.88,,,,
277790,,,,,71.44800000000001,,,
277794,59.37592997215177,,,,,,78.848,58.48257416080817
277797,,,,,,84.426,,
277799,,,,,,79.496,,
277801,,,60.45892943680542,70.00999999999999,,,,
277805,,,,,,71.324,,
277806,,77.22,,,,,,
277807,,,74.172,53.63752821382043,,,,
277809,54.81272404360942,,78.172,,,,,
277811,,,76.1,52.811981589276286,,,,
277820,,,70.70400000000001,,,,,
277832,,,,,,75.336,,
277835,,62.82367382921183,74.25,,56.370360818818604,,,
277839,,,,,,81.794,,
277840,75.83,,59.88140268444493,,,70.64330531819071,,
277842,69.13,,,,,,69.67496368449827,
277843,,72.40924950593538,,,71.91,,,
277844,,,48.865586732804196,70.42,63.97890114839606,,,
277846,83.19,,70.52912760601428,,,,,
277849,,,71.588,,,,,
277864,,,65.69371104421697,53.3079026175234,,,74.79599999999999,
277865,,,,,70.446,,,
277869,,,,,78.358,,,
277870,,,57.94560453472067,,57.638409260918074,,73.054,
277871,,,72.99947553162436,78.96000000000001,,,,
277872,,75.45,,64.02019562207632,,,,
277877,,74.03,,,,,,
277878,55.6720303239698,,76.938,,,,54.4770382136022,
277885,,,53.616508963514356,,74.63,,,
277887,,,,,75.422,,,
277894,,,,,,,70.674,53.38349767389051
277897,54.43319201392674,,73.51,,,,,
277899,,75.05,,,,,,
277901,77.86,,,,,,64.62281342621237,57.67521525793836
277902,,,,,76.266,,55.34163850443247,
277905,,,,,73.202,,,
277909,64.81874982565375,,,,,79.044,,
277910,54.45131388752812,,,,,,74.908,53.83312685962597
277912,,,,,,,72.45,54.43106577697286
277922,71.44,,,,,,63.46255974547118,52.00211335084272
277930,,74.95,,,,,,
277935,,,73.086,53.679084505653485,,,,
277941,75.76,,62.08324117381639,,,,54.68714324753449,
277943,,,51.563694545380606,74.25,,,,
277944,,74.61,,,,,,
277947,,52.537567411207974,70.538,59.88635513118951,,,,
277954,84.31,,,,,,69.41471000689563,69.65850283361273
277969,,76.0,,55.830434591057035,,,,
277973,,,,,75.436,,,
277975,55.71205943575413,,,,,,78.69200000000001,65.18656277223752
277976,,,,,73.224,,,
277979,,,,,,,72.794,54.19180611560946
277985,,,,,,72.00999999999999,,
277986,,,,,,,65.49661938083094,73.686
278001,,75.94,,,,,,
278006,,,,,73.306,,,
278007,,,,,70.914,,,
278008,,,,,71.476,,,
278012,,,,,,,72.86106192757842,79.7
278013,,80.51,,,,,,
278014,,74.72,,,,,,
278016,,87.65,,,,,,
278017,70.9,,,,,,58.05895798561689,
278020,63.044253643689565,,79.082,,,,59.18030811587335,
278025,,,,,,57.86194750979138,77.28999999999999,58.09796150387102
278030,,,,,74.28999999999999,,,
278034,,72.1,,,,,,
278035,,,,,,,79.154,58.79327142379953
278040,,,71.624,52.579316919243915,,,,
278043,,,,,,70.116,62.85160559507364,57.354101516281794
278046,,86.56,,72.94939306740179,,,,
278047,50.08904194009544,,53.63686417381153,,,,72.638,
278049,,,,,,75.544,,
278057,,71.69,,,,,,
278061,,,,,,,76.68,59.58010145707708
278065,,78.3,,,,,,
278069,62.140247652810444,,,,,,63.31121613496238,78.654
278075,,,,,78.168,,,
278076,,,73.998,50.64171445774683,,,,
278086,,76.8,,,,,,
278087,,77.49,,,,,,
278096,,,51.623709691960855,73.71000000000001,,,,
278097,74.09,,,,,,57.10388230677551,52.911971550477276
278101,,,,,,74.476,,
278102,,,,,,,71.956,53.38687622865676
278105,,,,,,61.08327846069548,74.45,53.83010410912253
278107,,,,,77.77,,72.32078335013965,
278119,,,,,,71.05,,
278126,,51.66067842327288,,72.61,,,,
278134,,,,,,,71.702,54.56466844621859
278137,,53.983478450828045,74.706,61.35754559009047,,,,
278157,50.182121191591875,,,,,,75.52,54.13498991906553
278159,78.28,,,,,,63.85400096911841,55.97171878622826
278167,,,71.946,,57.8005112261979,,59.32719640525994,
278168,,,61.18087175127656,74.66,52.34241966274754,,,
278172,54.586387529793846,,76.602,,,,55.066346868464485,
278177,70.92,,,,,,63.84476946318628,49.26644256629389
278178,,76.1,,,,,,
278181,,,,,,70.686,,
278186,,,,,,75.28399999999999,,
278187,55.8770281724223,,60.1154800175611,,,,77.842,
278193,,,,,70.866,,,
278197,,,72.256,,,,,
278203,,72.69,,,,,,
278205,,,,,69.872,,,
278206,,,,,,,76.53999999999999,63.10439930805714
278207,,,,,,,74.032,57.41616474242859
278228,,,,,78.896,,,
278230,,,,,,,72.656,55.0880681317184
278237,,65.27841967088021,,,68.896,,,
278254,,,,,,71.7,,
278261,,73.0,,,,,,
278262,,,,,76.946,,,
278282,,54.17492518080049,,,70.038,,,
278286,,76.76934459554374,,,76.014,,,
278305,,74.11,,,,,,
278318,,,,74.64,,,,
278319,,75.74000000000001,,,,,,
278326,72.06,,,,,,61.619538735328646,52.025098221537334
278333,50.49979113957826,,,,,,60.840421319363955,71.94800000000001
278339,,,,,47.23497467564305,,70.134,
278340,,80.24000000000001,,,,,,
278346,,73.99000000000001,,,,,,
278349,,86.34,,68.92496250696176,,,,
278350,,,,,,,74.134,54.18927633134813
278351,,,73.73400000000001,53.30496004394778,,,,
278354,,75.33,,,,,,
278359,52.22850295221724,,,,,,76.576,54.732305335092136
278360,46.556732625341056,,69.918,,,48.48165974354871,,
278391,51.80638195075077,,,,,,74.788,55.358730652923526
278392,,76.56,,,,,,
278399,,,,,,76.83,,
278400,,,67.42739990180573,75.5,,,,
278403,,78.97,,,,,,
278404,,,,,,,73.75,60.706956754758586
278408,,78.16,,,,,,
278413,,,,,72.026,,,
278430,,,,,76.734,,,
278434,59.83907497493892,,72.82,,,,,
278436,,75.42,,,,,,
278452,,,75.408,54.332965361796376,54.832593608277826,,,
278454,,,,,,,71.584,52.044735779139636
278455,,78.14,,,,,,
278460,,69.4680240455707,,,72.24199999999999,,,
278464,,,71.6,55.25694255392735,,,,
278499,59.07394751450846,,73.668,,,,,
278523,,,73.672,52.56293087476902,52.77593902249319,,,
278530,,,,,,70.98911093682219,73.464,
278535,,,69.098,,,,,
278557,74.31,,,,,,54.19919632206452,
278567,,,,,,,78.762,58.10002384033244
278569,,74.16,,,,,,
278571,55.281909781629906,,,,,,71.56,50.799628959500026
278573,,,51.44532890712486,,,,72.69200000000001,
278582,50.45285881716356,,59.886725410693344,,,,,70.646
278587,,,,,,74.66,,
278600,,,,,,72.186,,
278628,,75.57,,,,,,
278630,,75.29,,53.61204243748535,,,,
278659,,77.38,,55.61967488249185,,,,
278660,,,,,,77.696,59.62138616913444,
278661,,79.41,,61.77713924942463,,,,
278668,,81.31,,,,,,
278701,,71.74000000000001,,,,,,
278724,,73.91,,,70.90609160209658,,,
278725,,,50.74999716440263,72.75,,,,
278728,,51.21958763368989,,73.03999999999999,,,,
278730,,,,,,,61.26347538906033,74.196
278743,,,,,,72.2,,
278745,,,,,,,62.57847349059972,73.532
278750,,,,,73.114,,,
278751,,71.31,,,,,,
278753,,,,,,,64.20666249223515,75.012
278757,,,71.044,48.7092970205791,,,,
278758,,,,,,,71.616,54.148052744347126
278759,,,,,,,72.974,54.04732460281601
278773,,,,62.698338737250104,82.812,,,
278777,,72.62,,,,,,
278780,,79.52,,,,,,
278782,,,,,76.842,,,
278789,,,76.04599999999999,56.007906129857965,,,,
278813,,,,,,78.37,,
278823,,73.58,,,,,,
278825,,,,,,,70.454,59.16265690212798
278832,,72.86,,,,,,
278838,,,70.502,,54.41199301968299,,,
278854,,,,,72.844,,,
278856,,,,,,73.624,,
278884,,77.7,,,,,,
278893,,,,,,74.452,,
278895,47.745497879172966,,47.03163028167694,,,,71.346,
278896,,,,,,70.782,,
278901,,,80.734,59.475473552563116,,,,
278902,,,62.48664872996948,76.73,,,,
278903,,81.71000000000001,,,,,,
278912,,,54.13088326784874,72.23,52.995828194479984,,,
278919,,,,,,,71.73,53.49777899103298
278923,,,,,73.596,,,
278926,,,72.636,52.26707223843791,,,,
278928,,,,,77.982,,,
278957,,,,,73.644,,,
278966,74.78,,,,,,52.65889534221947,
278976,,71.09,,,,,,
278982,,,,,,,74.376,55.093200027485075
278987,,72.32,,,49.07978311200008,,,
278996,,,,,,71.938,,
278999,,,,,,73.092,,
279000,,73.97,,,,,,
279015,,,77.866,60.68487196877904,,,,
279016,,,,,,59.0031263708605,74.328,53.6137883622713
279026,,,,,79.854,,,
279027,,,,,80.872,,,
279035,,,,,,70.222,,
279042,,,,,,52.27335503322718,72.098,52.33867613975399
279044,,,,,,,82.472,61.785813650281696
279048,,71.13,,,,,,
279050,,,,,,,71.772,51.296978586260046
279056,,,,,71.574,,51.043537270393664,
279058,,,,,,48.90202050789027,69.886,52.2077642569499
279063,,,,,,,63.87352192854589,73.35
279064,,,,,77.924,,,
279076,,,,,75.67,,,
279078,,,,,,56.94268190468725,70.954,50.66920164822236
279109,,,,,75.606,,,
279112,,,79.274,64.97270550074919,,,,
279115,,,,,75.144,,,
279116,,,,,,71.09,52.40827948436994,51.15810172752279
279117,,71.15,,,,,,
279124,,,,72.07,,,,
279128,54.51799382579967,,72.384,,,,,
279130,,,,,,71.618,51.016059187360064,
279165,,,,,,76.12,,
279166,,72.45,,,56.8053163083664,,,
279170,,74.9,,51.61220682600731,58.43965111892579,,,
279173,82.43,,,,,,64.91415921250811,60.08099613694852
279188,,,,,78.16,,,
279196,,,,,70.956,,,
279200,,,,,70.03399999999999,,,
279202,,,,,,73.102,,
279213,,,,,,71.172,,
279217,,,,,71.63,,,
279219,,71.07,,,,,,
279220,,,,,,72.172,,
279224,,,,,,70.198,58.96974016936324,52.29210470283407
279228,,72.35,,,,,,
279239,,,,,,,75.634,57.99847754755014
279246,,,,,,73.096,,
279252,,,,,,,63.90176094090968,76.042
279256,,,74.54,,,,,
279489,,,,,,,65.87222177005977,72.52199999999999
279490,,50.80798159220696,,72.38,,,,
279497,,,,,,,80.584,62.64159142067829
279502,,52.974425852450786,,73.31,,,,
279506,,,,,69.878,,,
279509,,,55.56913333068403,72.15,,,,
279514,,,,,,70.06841470290144,,71.976
279519,,,,,,,73.928,
279529,,,,69.81,,,,
279530,,71.48,,54.26664779089671,,,,
279542,,,,,,75.986,,
279543,,,,,75.186,,,
279546,71.52,,,,,,56.75784167828901,50.15456641183173
279548,,,,,75.474,,53.202288504662185,
279557,,,,,74.232,,,
279572,,,58.26967873457603,77.7,55.110333577227046,,,
279573,,,,,73.872,,,
279599,,,73.11,53.69527745711021,,,,
279603,50.75153476647627,,,,,,72.124,52.59637581760753
279604,,,82.80799999999999,63.50381464270016,,,,
279622,,47.79206519490654,,70.55,50.36195813467616,,,
279623,,,70.214,56.827367829024276,,,,
279626,,,,,,71.548,,
279627,57.99775821978056,,52.85653022051041,,,,73.78399999999999,
279641,,72.47,,,,,,
279667,,,,,53.13953826776979,,74.492,
279682,,,,,,70.828,,
279686,,,58.675268046667114,49.047734227300545,71.344,,,
279700,,,72.324,54.94862789711791,,,,
279702,,,73.226,52.41861291396364,,,,
279709,,83.74000000000001,,,,,,
279710,,,74.19,,,,54.53213319122964,
279711,,,,,,74.978,,
279713,,,58.6256583007234,75.8,,,,
279714,,73.91,,,,,,
279715,,,,,73.45,,,
279716,,,,,73.502,,51.05204142754699,
279717,,72.78999999999999,,,,,,
279731,,60.72761922017665,,78.96000000000001,,,,
279735,53.4881877658077,,,,,,61.83029311977596,73.156
279736,,,,,,54.733216175139475,60.033191625777704,75.258
279738,,72.37,,,,,,
279739,,,72.94,,,,,
279768,,78.34,,56.437195383988765,,,,
279769,,,,,78.434,,68.76068332105643,
279777,55.18890008182092,,,,,,64.90749053737366,76.404
279782,,,,,73.25,,,
279786,,,,,,,78.628,64.80248593680662
279787,,72.55,,,,,,
279797,,72.46000000000001,,,,,,
279805,,76.78999999999999,,,,,,
279808,,,,,,,77.872,56.46386600910409
279816,,,,,,,73.45400000000001,52.96811432302749
279820,58.849528865778424,,52.444882118333425,,,,75.842,
279821,,74.45,,,,,,
279831,55.718897506554974,,64.64666812625396,,,,73.418,
279832,,,73.974,,54.084658305220316,,53.469660469796835,
279838,,,,,,71.538,,
279840,,,,,,,73.2,58.94583407777153
279841,,,,,,54.91299288648721,78.202,60.8554823955981
279843,,72.8,,,,,,
279845,,75.66,,,,,,
279857,,,,,,76.718,,
279874,,73.81,,,,,,
279876,,,70.65,60.25723586438793,,,,
279877,,,,,,,60.973997470174595,73.258
279881,54.633076786530076,,60.51825692966692,71.34,,,,
279896,,75.17,,,,,,
279918,64.59090426292539,,75.29599999999999,,,,,
279919,,,,,,77.206,,
279920,,77.49,,,,,,
279922,,,,,,,65.96120860478133,75.712
279925,,,,,,65.43068967214275,57.48331469003619,77.548
279926,,,,,50.49006592642943,,61.77679704277678,71.368
279928,,74.62,,,,,,
279930,,,,,,75.418,,
279932,,,74.838,60.24602297478493,,,,
279934,,,,,,64.71525368120092,58.521784831161014,78.354
279942,,53.299329599978144,,,72.766,,,
279948,,,,,,74.266,,
