Roster,Mean OVR,Coverage sqrt,Coverage log,Coverage exp
Spain 2026,85.1,8.953602821494727,8.91545446241415,9.535716055113658
Spain 2026,85.1,8.938971951577514,8.904879180367688,9.544464845953645
Spain 2026,85.4,9.231664869186545,9.213370298096153,9.69163743272893
Spain 2026,85.3,8.835418875965315,8.789048042641035,9.46984411986316
Spain 2026,85.1,9.067627708260467,9.040107936164796,9.608481764304573
Spain 2026,85.2,9.11295940829628,9.08687350627691,9.626855909844448
Spain 2026,85.4,9.123062596395677,9.098103185725781,9.634212726375793
Spain 2026,85.1,8.874828200597815,8.835426883141187,9.505440169656563
Spain 2026,85.4,9.169743295504855,9.147267960987977,9.657819534140227
Spain 2026,85.2,8.803808301916797,8.761698885268427,9.474044805663004
Spain 2026,85.1,8.925626243521185,8.88740065073794,9.52496677506083
Spain 2026,85.1,8.95279950082928,8.920595066377064,9.555390921154448
Spain 2026,85.5,8.82624498806843,8.786327148648882,9.489372219864986
Spain 2026,85.3,9.182355941366723,9.159983138466394,9.662431563241093
Spain 2026,85.2,8.82764749564829,8.78386646517316,9.47618269076976
Spain 2026,85.2,9.190728372998008,9.169054188238789,9.66756829626321
Spain 2026,85.4,9.157064965028951,9.126880113262125,9.624752751610696
Spain 2026,85.2,9.139669484981956,9.114813458619045,9.640433755702912
Spain 2026,85.1,8.89375706018624,8.857711077260728,9.524061916103438
Spain 2026,85.5,9.033972706116835,8.999119845088506,9.57309500528735
Spain 2026,85.4,9.073579593314317,9.044703239909174,9.605279748482054
Spain 2026,85.3,8.892260645174003,8.8566438024859,9.525143755070964
Spain 2026,85.5,9.11356954241404,9.086055833140676,9.623249494603236
Spain 2026,85.5,8.969019858572583,8.92755212457781,9.528216185196294
Spain 2026,85.1,8.867313897091089,8.827703467939346,9.502943290604826
Spain 2026,85.1,9.086201196837516,9.051851861740776,9.590105144950652
Spain 2026,85.2,8.97082026962863,8.940536961218408,9.56814505576501
Spain 2026,85.4,8.939236051436438,8.908089203228656,9.55518916083625
Spain 2026,85.2,9.107566070099475,9.081105481195772,9.624643790454716
Spain 2026,85.4,8.997830849543208,8.965274060912712,9.568755494812201
Spain 2026,85.2,9.089585793030375,9.064726906788644,9.62373496641053
Spain 2026,85.5,8.987814734641592,8.958420731119547,9.576548749984125
Spain 2026,85.5,9.074034378620306,9.04938386766433,9.61979109799415
Spain 2026,85.3,8.801253965157938,8.753606218914106,9.452935370997666
Spain 2026,85.3,9.106240197574113,9.082388950524406,9.632771075445497
Spain 2026,85.1,8.875059789448825,8.835229290941413,9.503729173565372
Spain 2026,85.1,8.926514136599778,8.894101232307248,9.54653504071508
Spain 2026,85.3,8.917161041822649,8.874358809806107,9.507423709964543
Spain 2026,85.5,9.024514677689124,8.994755954472902,9.58611573932301
Spain 2026,85.3,8.937596891869493,8.897210540535735,9.522369078572376
Spain 2026,85.5,8.867768320180245,8.828555158500304,9.503988658723635
Spain 2026,85.1,9.063610027595246,9.028563819932515,9.581070175363884
Spain 2026,85.2,8.896309178826014,8.859173032467417,9.520618309744329
Spain 2026,85.1,9.156613963431928,9.126718714121274,9.627656895100147
Spain 2026,85.1,9.065133279167759,9.0316247395547,9.585397298571834
Spain 2026,85.3,9.260255106337558,9.241428950381085,9.698995220059285
Spain 2026,85.4,8.888257045754457,8.844355113445484,9.49416223969614
Spain 2026,85.2,9.078517795287189,9.04591496869984,9.593589795758628
Spain 2026,85.2,8.913604523554838,8.879494592709772,9.537073057589874
Spain 2026,85.4,8.84372995202961,8.796424751049322,9.468010505480636
Spain 2026,85.2,9.17384494318864,9.150017285913206,9.654578554465012
Spain 2026,85.2,9.210981587044571,9.192893410251035,9.685386996840858
Spain 2026,85.5,9.066009613891344,9.033684297481695,9.591252106369343
Spain 2026,85.2,8.997974725848199,8.969222493026715,9.581798946305433
Spain 2026,85.2,9.031287678278407,9.001431973501857,9.588206895505296
Spain 2026,85.1,9.016666140938064,8.980493747607367,9.559711394229705
Spain 2026,85.3,9.113121440587,9.085083776597006,9.621326303080588
Spain 2026,85.1,9.021521219862093,8.990962677989602,9.582962249346059
Spain 2026,85.2,8.915331462482406,8.881285381754125,9.53760860319442
Spain 2026,85.1,9.123286603229252,9.099228053429783,9.637532961337183
Spain 2026,85.3,9.05541682152956,9.024177963500557,9.591370918023562
Spain 2026,85.5,9.034958134254499,9.008275496459706,9.600685472061869
Spain 2026,85.1,9.339035371396761,9.325054823979931,9.740282379222942
Spain 2026,85.2,8.936017854352865,8.89932841651409,9.533830411459933
Spain 2026,85.1,9.067250792209972,9.030089825053626,9.573229068937277
Spain 2026,85.5,8.767807333635428,8.71313594433698,9.417198371856019
Spain 2026,85.1,9.211293451196468,9.191230715160076,9.67937382176514
Spain 2026,85.4,8.840191731393473,8.801053292603703,9.49665924370895
Spain 2026,85.4,9.1656126483843,9.141852172118197,9.652542368237198
Spain 2026,85.2,8.957073576949178,8.92354771537416,9.551820655160629
Spain 2026,85.4,9.077055942769812,9.051848993154282,9.618935792378194
Spain 2026,85.3,8.975713741859707,8.943580913683366,9.563220999486479
Spain 2026,85.3,8.849443822026588,8.805634352965768,9.48169424295791
Spain 2026,85.1,9.15707565157208,9.131955575055787,9.643897180895184
Spain 2026,85.1,8.918274166596959,8.878039799734884,9.514626203895126
Spain 2026,85.2,9.090414971621732,9.055226539932095,9.588947046060245
Spain 2026,85.2,8.909660716563717,8.872499174398115,9.524593926062645
Spain 2026,85.5,9.108122973389591,9.084601567750726,9.63459328395751
Spain 2026,85.5,8.994464839239768,8.96030481464737,9.562042386149887
Spain 2026,85.3,8.980890433934123,8.940682296606164,9.535830083013208
Spain 2026,85.1,8.917899655858093,8.885829031935186,9.545592775202648
Spain 2026,85.2,9.035667322661162,9.003798364594319,9.582900227154852
Spain 2026,85.3,8.770976249679613,8.72217867713395,9.439652712488904
Spain 2026,85.5,8.98432271446733,8.952343046980435,9.566398107158825
Spain 2026,85.1,8.927192769141424,8.889906638502664,9.530165097154557
Spain 2026,85.3,9.2706221387798,9.25445429413729,9.710620271905828
Spain 2026,85.5,8.529418201074673,8.466263923977479,9.314676599024516
Spain 2026,85.2,8.679520149949568,8.616692944100274,9.358588611444322
Spain 2026,85.5,8.628980776995306,8.563755716145051,9.336986768122701
Spain 2026,85.5,9.038033303552163,9.002835122177574,9.57298114176959
Spain 2026,85.4,9.111179565883765,9.08208839287428,9.616493609929105
Spain 2026,85.4,9.057154146523006,9.026904502163953,9.595940207121977
Spain 2026,85.4,9.20215765015714,9.184681456200185,9.684652200893487
Spain 2026,85.4,9.105319800640636,9.07894492847565,9.62424823457526
Spain 2026,85.1,8.785347049912586,8.738996307716207,9.45279268418988
Spain 2026,85.2,8.986045895493175,8.959594576352126,9.586128681813959
Spain 2026,85.1,8.835537345599038,8.793421299464857,9.483653317439735
Spain 2026,85.1,9.345052576815526,9.33228750902012,9.745899884132378
Spain 2026,85.1,8.874219048099997,8.837441478976043,9.515316926448957
Spain 2026,85.1,9.151719497276847,9.130590641720774,9.656002600734201
Spain 2026,85.3,9.190565715363459,9.167526672835757,9.662360094185923
Spain 2026,85.4,9.187742882927717,9.164431507595976,9.660270627145056
Spain 2026,85.2,8.906874869209185,8.867126757305435,9.514425798998648
Spain 2026,85.5,9.1980214814909,9.173160202210374,9.659019787349871
Spain 2026,85.2,9.275873473638937,9.255911198381364,9.699962069802401
Spain 2026,85.1,9.072795527479512,9.043755085048153,9.604772371981003
Spain 2026,85.1,8.900294736351546,8.860992619445708,9.513969110756696
Spain 2026,85.1,8.942352223412964,8.895871851101415,9.500749721218249
Spain 2026,85.1,9.017330713783789,8.990487850453626,9.59428770199362
Spain 2026,85.4,9.270714022975291,9.253846152410489,9.708441262885906
Spain 2026,85.2,9.044033185395731,9.019401350432402,9.610492767253866
Spain 2026,85.5,8.981661614318462,8.951619615682997,9.572242782505828
Spain 2026,85.5,9.01981385727167,8.98269319039227,9.559756150496622
Spain 2026,85.5,8.963776490263008,8.932072302713676,9.560903572339452
Spain 2026,85.4,9.298471278778193,9.279500459129588,9.710531856957928
Spain 2026,85.3,9.291492338838472,9.273738145908762,9.712928747829961
Spain 2026,85.4,8.811668338127074,8.758495373818944,9.437001078049732
Spain 2026,85.3,9.0285899382936,9.000670955085056,9.594317289041125
Spain 2026,85.5,8.67941135433346,8.615917113773694,9.357520993630038
Spain 2026,85.2,9.133178584976573,9.113174821485654,9.654288293665918
Spain 2026,85.5,9.040727354010933,9.010311332001036,9.589686765424558
Spain 2026,85.4,9.076316976557639,9.045374077392095,9.599278218906786
Spain 2026,85.4,8.93654431470548,8.893940899208635,9.514617261482009
Spain 2026,85.5,9.044491113633697,9.013861079348942,9.590202200845724
Spain 2026,85.3,8.841090045253585,8.795087003831052,9.471310661097732
Spain 2026,85.3,9.226441251158587,9.202534889999189,9.671053003563872
Spain 2026,85.2,9.087580260851038,9.062635290529933,9.623018503114372
Spain 2026,85.1,9.108433661755505,9.084524796650278,9.633240407554135
Spain 2026,85.2,9.158269826221373,9.13672044759877,9.65718519314479
Spain 2026,85.4,8.959477999947605,8.924375508985616,9.547041290547222
Spain 2026,85.2,8.97980201052985,8.94739973462446,9.56331155201725
Spain 2026,85.4,9.082343797847813,9.055653858156873,9.615860651478346
Spain 2026,85.1,8.91771694676803,8.882926383511945,9.535728757115136
Spain 2026,85.1,9.051628674784805,9.02482147222906,9.605383213392402
Spain 2026,85.4,8.847538692823846,8.809107658497439,9.501046857811458
Spain 2026,85.3,9.014294306324874,8.978625548313152,9.561382661587981
Spain 2026,85.4,9.108825042608647,9.081670365637049,9.622420257731125
Spain 2026,85.3,8.780925863315419,8.739613328314514,9.4702819590715
Spain 2026,85.2,8.911461058809694,8.866458271500644,9.496803092786868
Spain 2026,85.2,8.990391588013509,8.951425368013386,9.541120970922577
Spain 2026,85.1,9.362709551203247,9.350501077190392,9.753621265244766
Spain 2026,85.2,8.89026863385573,8.850611892317035,9.510333335648028
Spain 2026,85.2,8.73718992309972,8.688812339457021,9.431879799919178
Spain 2026,85.5,9.067489860786758,9.03677208433537,9.59692309822379
Spain 2026,85.4,8.958513824515778,8.921849357310283,9.541340953823557
Spain 2026,85.3,8.892123690589546,8.849523958727758,9.49873271937375
Spain 2026,85.4,9.030594438590896,9.002479691154578,9.594348201746673
Spain 2026,85.1,9.179562949477468,9.156478773530537,9.658745094433636
Spain 2026,85.2,9.285007796845603,9.260737492648236,9.687054088336327
Spain 2026,85.4,8.982738794639223,8.946766082844146,9.552225550993427
Spain 2026,85.1,9.176026267780875,9.14926945947844,9.644542817926835
Spain 2026,85.5,9.135318496619337,9.113659899259044,9.64963107618318
Spain 2026,85.1,9.136021332434865,9.108699352617704,9.62980120358949
Spain 2026,85.1,8.74468510982486,8.681361774966582,9.377625364896666
Spain 2026,85.1,9.043541764251197,9.016286527497403,9.601492968263162
Spain 2026,85.1,8.868673168078265,8.81455186236506,9.449746350141549
Spain 2026,85.3,8.866421492343761,8.822923644737218,9.488725121453307
Spain 2026,85.5,9.053371421340817,9.024128518081046,9.597544747356482
Spain 2026,85.1,8.948075789922749,8.912819985716876,9.543646590787683
Spain 2026,85.5,8.760547248116747,8.717147651588416,9.456811121192077
Spain 2026,85.1,8.696569536782553,8.638669825538138,9.382623592698355
Spain 2026,85.1,9.033105775473734,9.006653242005529,9.600584151115036
Spain 2026,85.1,9.061465382102929,9.036147773091649,9.613465828637503
Spain 2026,85.1,8.945597162819679,8.910925017439679,9.54445105911845
Spain 2026,85.4,9.209269811741441,9.18817607026785,9.675324762997
Spain 2026,85.1,9.137425515126386,9.103650335318823,9.607922482500083
Spain 2026,85.5,9.059186568760868,9.034757507138035,9.61594174367063
Spain 2026,85.1,9.125035569129503,9.10153273150959,9.639749520621288
Spain 2026,85.1,8.990187835622647,8.952471877637404,9.548168578891968
Spain 2026,85.1,9.035508662026817,9.003523914885944,9.580914311927518
Spain 2026,85.1,8.863868503117484,8.827216246751652,9.512354186389015
Spain 2026,85.1,9.044511316226934,9.016382168677582,9.598875620484336
Spain 2026,85.3,8.956363013456867,8.92254001919773,9.551007506996964
Spain 2026,85.1,8.556358619696384,8.490537274223218,9.311065024149897
Spain 2026,85.5,9.083574795569639,9.055909027195124,9.612839151242515
Spain 2026,85.5,9.105463843564095,9.082313617077805,9.63504320861395
Spain 2026,85.2,8.897325576360995,8.86409580714663,9.53485720345245
Spain 2026,85.1,9.082054689331773,9.050070120391077,9.596958755683831
Spain 2026,85.2,9.241843011141135,9.222755766575357,9.692484758525627
Spain 2026,85.1,9.127280787675979,9.105219093765246,9.645764433327699
Spain 2026,85.2,9.274332634955021,9.256109553859922,9.705400959801363
Spain 2026,85.3,8.814568333521605,8.766355474886037,9.453366613039499
Spain 2026,85.1,9.01890392971909,8.987737538685161,9.580410893677966
Spain 2026,85.1,8.967837480061648,8.931866758916165,9.547172724596539
Spain 2026,85.3,9.12208596115011,9.095520998246531,9.628934014850397
Spain 2026,85.4,8.883939747004632,8.84250090064601,9.501334183978289
Spain 2026,85.4,9.059073327840139,9.025630276836548,9.584183935446774
Spain 2026,85.1,9.079022642876998,9.053014805721736,9.616934375603542
Spain 2026,85.1,9.016256709884194,8.98579728023953,9.581791967850272
Spain 2026,85.4,8.9312278248502,8.89688723099387,9.54114866471757
Spain 2026,85.1,8.717130352422414,8.662259737090297,9.400418791549827
Spain 2026,85.5,8.98780165912977,8.952736156237707,9.556264190061599
Spain 2026,85.1,8.777318653606638,8.731714296462664,9.453747274555015
Spain 2026,85.5,8.895386541524546,8.852070405893604,9.498228803000572
Spain 2026,85.2,8.995279523004372,8.95323869399413,9.532365455530186
Spain 2026,85.2,9.34099368707891,9.321920384062498,9.723710645342752
Spain 2026,85.1,8.609117483750158,8.543304317265871,9.325283432825152
Spain 2026,85.3,9.124117010219639,9.100074748033217,9.638140600264796
Spain 2026,85.4,9.08481558937,9.05704349076382,9.611692544547276
Spain 2026,85.1,9.155793140140492,9.130898789654365,9.644895044958556
Spain 2026,85.2,8.99034138008582,8.959265777840255,9.571434910864259
Spain 2026,85.3,9.142592692824008,9.116654819232746,9.637690703469554
Spain 2026,85.1,8.870521510356543,8.834996731785415,9.518591814083669
Spain 2026,85.3,8.988206447747217,8.95945548212711,9.578708647386177
Spain 2026,85.5,9.132328335665104,9.101286045547422,9.614830873529964
Spain 2026,85.2,9.329231555676216,9.310980425526585,9.72307325611231
Spain 2026,85.2,8.855321145843972,8.816227766302276,9.500926523775448
Spain 2026,85.5,8.769868741253834,8.726243556832806,9.458524478929563
Spain 2026,85.4,9.208029736357886,9.185632033794537,9.669894449327352
Spain 2026,85.1,9.229952018324855,9.214477413497518,9.700069483025
Spain 2026,85.5,9.05104557465973,9.026376301011544,9.612637107743936
Spain 2026,85.2,9.070475538291243,9.044638774630798,9.614549366801487
Spain 2026,85.1,9.089424034932389,9.065164343766646,9.625485894452217
Spain 2026,85.1,8.774849819712621,8.716480027924504,9.401508865209372
Spain 2026,85.2,8.986172551426144,8.948344888130219,9.545111522454055
Spain 2026,85.4,9.197328715050833,9.171533562604397,9.655706135632915
Spain 2026,85.3,9.007659269956239,8.974326335070915,9.569292723027518
Spain 2026,85.2,9.006376266634792,8.969386141584387,9.5538254546835
Spain 2026,85.1,9.230753031778915,9.213010892177278,9.693077916333955
Spain 2026,85.3,9.186937164409555,9.16421460180904,9.66224052830898
Spain 2026,85.5,9.224168168922915,9.207109560062701,9.692869410061132
Spain 2026,85.4,9.113681741731936,9.08375252099304,9.613619029247673
Spain 2026,85.5,9.023306974217858,8.99301978499675,9.584455519129802
Spain 2026,85.1,8.939869505199095,8.901390191917763,9.52823544549382
Spain 2026,85.3,8.903090736819264,8.864452247288074,9.51705519534791
Spain 2026,85.1,8.891469476478967,8.851174484380952,9.508137752912374
Spain 2026,85.1,9.042138343527187,9.013857246373613,9.597528718417838
Spain 2026,85.1,9.279381814856002,9.264633156555378,9.718223144521113
Spain 2026,85.2,8.725139795621137,8.672251384294382,9.41186156370647
Spain 2026,85.3,9.167870248886826,9.146221693761031,9.660091280396045
Spain 2026,85.2,9.110861507938449,9.081504579152352,9.614941195100377
Spain 2026,85.1,8.779649644757605,8.732005413024345,9.446784938810369
Spain 2026,85.2,8.816512973835241,8.76984593799651,9.462093108579449
Spain 2026,85.2,9.051242283735075,9.023594325042119,9.602624587971091
Spain 2026,85.5,8.931920807164172,8.89263699529579,9.5233540274696
Spain 2026,85.2,8.975025976829619,8.938609984768696,9.547310759717206
Spain 2026,85.4,9.23743979293624,9.218157012876384,9.690374188636634
Spain 2026,85.1,8.96208331094747,8.928970859623341,9.555610784726134
Spain 2026,85.1,9.106016888334725,9.082487471589483,9.633614083501138
Spain 2026,85.1,8.910066198672856,8.872672081669018,9.524351044192809
Spain 2026,85.2,8.805265965006775,8.749375630741564,9.425587165317319
Spain 2026,85.2,8.862524251481837,8.818417033917004,9.484431066806222
Spain 2026,85.1,9.12993432454044,9.101686991486083,9.625693073880225
Spain 2026,85.3,9.074762651632918,9.035801405626199,9.569564234672258
Spain 2026,85.5,9.142291468658142,9.115473293858377,9.633366429765664
Spain 2026,85.2,9.022694190278617,8.992030668162425,9.582837729835896
Spain 2026,85.4,8.963360959202713,8.922656129722641,9.526248577054883
Spain 2026,85.1,8.936290330025669,8.90107627486698,9.539777170544573
Spain 2026,85.2,9.035308771477071,9.003127902814004,9.579842002038488
Spain 2026,85.1,8.923214859062586,8.885095517705707,9.526127639945045
Spain 2026,85.1,8.758491605062426,8.708962636579887,9.433264921894393
Spain 2026,85.2,8.871321588762532,8.82964952767604,9.495725329455137
Spain 2026,85.4,9.213907527938046,9.19525817090679,9.684607693856183
Spain 2026,85.3,9.101654630495785,9.078133335119144,9.63239722403777
Spain 2026,85.1,9.04910204649878,9.021890847208384,9.603582236215548
Spain 2026,85.3,9.154999393072456,9.132861496557654,9.654407310659641
Spain 2026,85.2,9.043915154786625,9.009145184629526,9.574027845013212
Spain 2026,85.5,8.927958185633232,8.892086877864607,9.534294952653456
Spain 2026,85.2,9.062557181253627,9.033684730631668,9.601233190907454
Spain 2026,85.1,9.10452175719338,9.073314100423671,9.605710726972392
Spain 2026,85.2,9.29228155887704,9.276427738303736,9.719068882982917
Spain 2026,85.5,8.819465406307453,8.769288049894584,9.447836679115122
Spain 2026,85.3,9.204115670444306,9.184915845890085,9.679540239744345
Spain 2026,85.1,8.891468143343147,8.855220946644202,9.522408611702906
Spain 2026,85.2,8.95584833813675,8.925902833342118,9.56458829809243
Spain 2026,85.5,9.040199971243077,9.012499855782536,9.598983625645642
Spain 2026,85.5,8.83415814557792,8.786321352830447,9.464130812392618
Spain 2026,85.3,9.288199177191728,9.271869515008024,9.716004933447934
Spain 2026,85.3,8.955804345881901,8.917189493036691,9.532026745046581
Spain 2026,85.4,9.103362196486518,9.0803466940136,9.63450068141887
Spain 2026,85.2,8.975082366622608,8.942002751846388,9.559153348321427
Spain 2026,85.1,9.008923855672082,8.981277353778696,9.589165314130556
Spain 2026,85.1,8.977921469796827,8.943427085180765,9.555271161377933
Spain 2026,85.1,8.976818871279587,8.949531710175076,9.58034176861547
Spain 2026,85.4,8.816973620978644,8.774223066464957,9.475271162168344
Spain 2026,85.5,8.866858353066414,8.828205273205473,9.506043433800002
Spain 2026,85.3,8.900578595720013,8.85841515329355,9.503819781719493
Spain 2026,85.3,9.085443344489285,9.056358479626638,9.60912603280988
Spain 2026,85.4,9.020105004673896,8.98631487898773,9.571564649002475
Spain 2026,85.2,9.112706008085617,9.079282129299553,9.599056062524701
Spain 2026,85.4,8.920142514414339,8.880656621351424,9.519863311460652
Spain 2026,85.2,8.899094362203071,8.863246651070664,9.526400181197644
Spain 2026,85.3,8.89142609683886,8.852464169495919,9.512881690064406
Spain 2026,85.1,9.18935897709466,9.164928685325915,9.657743220746543
Spain 2026,85.2,9.015327438307569,8.987016656413614,9.58878260996218
Spain 2026,85.3,9.089587715618432,9.064120396905004,9.622389830884625
Spain 2026,85.4,9.030760963304905,8.999873676158273,9.584239252324181
Spain 2026,85.4,8.819776989790288,8.778153700381953,9.481385938967291
Spain 2026,85.3,8.925402043606116,8.887768497162723,9.527687981285077
Spain 2026,85.4,8.960550036085532,8.926996179842032,9.553042155986024
Spain 2026,85.2,8.985892253079403,8.949876561287931,9.552139091406566
Spain 2026,85.3,8.877274867300656,8.835122135200757,9.497494823436247
Spain 2026,85.1,8.95468080841614,8.920672392721233,9.549737262926447
Spain 2026,85.3,8.974404884414268,8.940616580485086,9.55642449022866
Spain 2026,85.4,9.124711759244354,9.102983905103923,9.645619021975074
Spain 2026,85.1,9.249552640583058,9.228916095342107,9.689248984783791
Spain 2026,85.2,8.921356056416874,8.88401712961262,9.528029374820893
Spain 2026,85.1,9.048978434768998,9.012451794122509,9.57114514852767
Spain 2026,85.2,9.10929071491672,9.085141897077916,9.63277429475094
Spain 2026,85.3,9.001148424635918,8.968736075943003,9.569804091565155
Spain 2026,85.4,8.918532734936372,8.879934544900669,9.522929588177917
Spain 2026,85.3,8.944707444640086,8.90934798645414,9.541997672357805
Spain 2026,85.5,9.205236364329739,9.18037222957446,9.66131035091702
Spain 2026,85.1,8.950078950042117,8.915756236335566,9.547958557047714
Spain 2026,85.5,9.067050741111544,9.03304693945098,9.58546004293136
Spain 2026,85.4,8.975843239256541,8.944010392810716,9.564455354652244
Spain 2026,85.5,8.93349051038941,8.892529967916671,9.5185162284003
Spain 2026,85.2,9.085751334039053,9.058630439750644,9.614763502418404
Spain 2026,85.3,9.125237878687612,9.097686037602577,9.62632998991147
Spain 2026,85.4,8.873484062720507,8.824230132514682,9.469902664982431
Spain 2026,85.4,9.011581410560911,8.979299331319343,9.574538570191795
Spain 2026,85.1,9.000242408806855,8.967604689298923,9.569074514875721
Spain 2026,85.1,8.983757951194791,8.950641338405248,9.561470051833838
Spain 2026,85.1,8.921933519217069,8.882569023329442,9.52039113805721
Spain 2026,85.2,9.113348367556181,9.088822361100402,9.632523405991986
Spain 2026,85.3,8.904257354538583,8.859998676087654,9.494728125126894
Spain 2026,85.5,8.960058737161049,8.920053402284955,9.530255144291628
Spain 2026,85.5,9.0896646491475,9.065013768215774,9.624413952450539
Spain 2026,85.3,8.73641611984428,8.687475083897887,9.42913471316272
Spain 2026,85.3,8.775837148862877,8.735054660232832,9.470877725856035
Spain 2026,85.1,8.927649055702634,8.892219080190468,9.536996920732614
Spain 2026,85.1,9.289566741963856,9.277269619671408,9.729564103746938
Spain 2026,85.3,9.09225872018095,9.065589365455704,9.61890805096195
Spain 2026,85.2,9.08781252089359,9.056331557186718,9.599971470081481
Spain 2026,85.3,8.994082770324061,8.960138511095977,9.561566179178856
Spain 2026,85.2,8.892817337867045,8.856064600388622,9.520434105286926
Spain 2026,85.2,9.089631063129808,9.066766796615713,9.630759622952866
Spain 2026,85.2,9.033454661242232,9.001721185340356,9.582706197380645
Spain 2026,85.3,8.96043392123098,8.928443295289682,9.559133878837216
Spain 2026,85.1,9.124055057454733,9.10304520118123,9.648027189979462
Spain 2026,85.1,8.80212604602886,8.760906253196772,9.477451752835629
Spain 2026,85.3,9.259866607782948,9.239498055606912,9.693723240041578
Spain 2026,85.1,9.132563638265829,9.10441293830197,9.626554873944983
Spain 2026,85.4,8.99607830599209,8.965958840864277,9.575814153448967
Spain 2026,85.5,8.858461617667645,8.811396406882352,9.47406501290077
Spain 2026,85.1,9.281522244308976,9.266437324571422,9.718183989737582
Spain 2026,85.3,9.13134937032456,9.104568809723116,9.630585944102037
Spain 2026,85.1,9.116394082076559,9.091714611383711,9.63336545594471
Spain 2026,85.3,8.98474023903741,8.941395782842477,9.5261702174328
Spain 2026,85.1,8.838484731156067,8.79789398246925,9.490006036659773
Spain 2026,85.2,9.218976067347196,9.199083014750194,9.682424031723468
Spain 2026,85.2,8.807534540420734,8.761906617911746,9.46343421581494
Spain 2026,85.3,8.961224374969886,8.92737281247974,9.552585770344887
Spain 2026,85.3,9.171212234558247,9.151198918915458,9.666150009640667
Spain 2026,85.4,9.091773286239782,9.065613169558526,9.619536718512036
Spain 2026,85.5,8.939314430365686,8.905273000339038,9.54514876581629
Spain 2026,85.4,8.82017621410582,8.772469987691391,9.458416542972994
Spain 2026,85.5,8.932747766090284,8.888076861276385,9.50502906906454
Spain 2026,85.5,9.167583100510173,9.147621641990249,9.66548220634123
Spain 2026,85.1,8.954550319487343,8.91087083505205,9.514878430417378
Spain 2026,85.5,9.076964400119154,9.05170358467229,9.618566689879538
Spain 2026,85.2,9.140326323345514,9.11665237319016,9.643996534979955
Spain 2026,85.4,9.185963518651391,9.163947477898224,9.664315742507759
Spain 2026,85.3,8.941876891031814,8.902482204891726,9.526296076152121
Spain 2026,85.5,9.030390638109102,9.001904026884707,9.593097831462078
Spain 2026,85.3,9.109240260617579,9.080227830229076,9.616378030225706
Spain 2026,85.1,9.170556461449332,9.14945580667318,9.662569662956955
Spain 2026,85.1,8.80707931945128,8.759294297671723,9.455109822260939
Spain 2026,85.2,8.988382222272461,8.950944866018537,9.549482948561419
Spain 2026,85.4,9.064269032640402,9.033344609456337,9.593967324497632
Spain 2026,85.2,8.940560690207718,8.900151561143723,9.523227997587528
Spain 2026,85.2,8.956819058478114,8.92130533853495,9.544982279146371
Spain 2026,85.1,9.043047319873313,9.016928296853017,9.605065240342164
Spain 2026,85.4,9.219384879522206,9.197914566517408,9.676952465812645
Spain 2026,85.1,9.065459302860967,9.042406576776386,9.622471330526059
Spain 2026,85.1,8.85246969518008,8.814780647718708,9.504970045410493
Spain 2026,85.3,9.038576497544824,9.009413683053015,9.593228577576753
Spain 2026,85.1,8.852883214924324,8.808140458767934,9.480484051301426
Spain 2026,85.2,8.94852091983026,8.910711216756857,9.533407507880078
Spain 2026,85.2,9.178328746124503,9.153453321851359,9.652198792830744
Spain 2026,85.2,9.138514564615058,9.117531717090523,9.652448331270882
Spain 2026,85.2,8.794859563521916,8.75099067831428,9.46478441786037
Spain 2026,85.2,8.97675535289142,8.941366996256734,9.552128079960811
Spain 2026,85.1,9.006181414256657,8.97789101917019,9.585836389697034
Spain 2026,85.3,9.02955018992617,8.992212340778863,9.562307770537737
Spain 2026,85.4,9.06549166851548,9.034392264290787,9.59502334289271
Spain 2026,85.1,8.919228412874514,8.878798740133151,9.516571814013346
Spain 2026,85.3,8.806974064983473,8.75396202205011,9.435734094237633
Spain 2026,85.5,8.925410036915421,8.888226316825037,9.529338880315326
Spain 2026,85.5,9.140271068930879,9.109527343305707,9.62053074379041
Spain 2026,85.1,9.10610770933633,9.07322557588234,9.599597909085375
Spain 2026,85.5,9.061014752695373,9.036389443603895,9.615774894414042
Spain 2026,85.1,9.080482867040708,9.050534812182363,9.604117143269978
Spain 2026,85.2,9.09106216382838,9.061414535166438,9.609171430741773
Spain 2026,85.4,9.1162459181985,9.086063249416078,9.614428819260478
Spain 2026,85.1,9.01488955083446,8.980519042960388,9.565776994026429
Spain 2026,85.2,9.159181905745402,9.131995988357541,9.639051372790256
Spain 2026,85.2,9.171272797983777,9.147975882735476,9.655317516530964
Spain 2026,85.2,8.906789539155852,8.863496313337652,9.50079289726679
Spain 2026,85.5,8.942583190292257,8.906382318445264,9.538705335717953
Spain 2026,85.4,9.049738272486872,9.024312876566164,9.609676541459145
Spain 2026,85.2,8.892455709960931,8.848005751184253,9.493015417966626
Spain 2026,85.2,8.93520481379104,8.891607484583941,9.510768281580926
Spain 2026,85.4,9.32962556207335,9.314037523982964,9.732017176383426
Spain 2026,85.4,8.97822335406262,8.945013937094666,9.559947193545524
Spain 2026,85.3,8.974946352604901,8.940781587872506,9.556315755795222
Spain 2026,85.1,9.269466065955864,9.249361268169464,9.697247587960073
Spain 2026,85.1,9.030468688146124,9.000466294722004,9.587867465684129
Spain 2026,85.2,8.8616545097313,8.81784290532878,9.487156901340885
Spain 2026,85.4,8.620692001315591,8.557031423719767,9.340087482404009
Spain 2026,85.4,9.150178224054324,9.127872597046665,9.651990898214711
Spain 2026,85.1,9.187790108292743,9.166119980432883,9.66600388251316
Spain 2026,85.3,9.105270310666032,9.079253694959185,9.624743944958164
Spain 2026,85.2,8.868877793355363,8.826217700280989,9.492177737456512
Spain 2026,85.2,8.847405409225052,8.803138621785907,9.478990601587578
Spain 2026,85.1,9.033718165281362,9.00118394759682,9.578949671393088
Spain 2026,85.5,8.938598681720588,8.905096520917056,9.546600257754339
Spain 2026,85.3,8.885615042829789,8.851568105192749,9.528397376359273
Spain 2026,85.2,8.949032614995415,8.910609747296583,9.531561049570124
Spain 2026,85.1,8.665717606707128,8.602934446919793,9.353175090271609
Spain 2026,85.5,8.974739925404503,8.946397421157256,9.575798270927553
Spain 2026,85.5,9.037570089784275,9.002816481666434,9.573404329953393
Spain 2026,85.2,8.87532795710369,8.837797536999556,9.512107524920111
Spain 2026,85.5,8.945582803666262,8.914021451810521,9.555827582371338
Spain 2026,85.1,8.9573685691502,8.922406483460518,9.547568368664113
Spain 2026,85.1,8.872056219965959,8.827533243522277,9.486128036706123
Spain 2026,85.4,9.32451396209339,9.307707365025566,9.725980297233974
Spain 2026,85.1,9.108778385911561,9.087165097523926,9.64092830970954
Spain 2026,85.1,9.072919833438988,9.048672562064901,9.620953954954947
Spain 2026,85.2,9.197892111310948,9.170343855983546,9.647724452125095
Spain 2026,85.1,9.244643581975687,9.22639322108714,9.695901959886031
Spain 2026,85.2,9.067712657734942,9.043141457189725,9.618203472527474
Spain 2026,85.2,9.131683121612351,9.10833990942039,9.642301431495117
Spain 2026,85.1,8.879197858520214,8.844778414225367,9.525260826681013
Spain 2026,85.2,9.038526608357323,9.007809385140158,9.587663507316995
Spain 2026,85.4,8.861718557308127,8.819859636216258,9.493824047049596
Spain 2026,85.1,9.097721625439286,9.066983291292539,9.605008270374631
Spain 2026,85.2,8.811169227252892,8.767144997087467,9.47002338475318
Spain 2026,85.1,9.068599756174596,9.044395781533794,9.619582927277223
Spain 2026,85.1,9.081881351772466,9.053979816747455,9.611527600847051
Spain 2026,85.3,9.143311636871523,9.119588574067045,9.645372448076158
Spain 2026,85.4,9.07585482217928,9.051565908434025,9.621488184993694
Spain 2026,85.4,8.735991810309086,8.684240870267857,9.416998218925206
Spain 2026,85.3,9.183712786417047,9.163709077626473,9.670529288564428
Spain 2026,85.4,8.851239198898588,8.798844518607856,9.448399865269515
Spain 2026,85.2,9.071678088070085,9.039287845344159,9.593367471205937
Spain 2026,85.1,8.99191115362833,8.963127056726282,9.57992882791778
Spain 2026,85.2,9.099695972142568,9.070518748353848,9.610993008155772
Spain 2026,85.5,9.123980114982807,9.098623300123919,9.633729908825599
Spain 2026,85.1,8.941607978969111,8.90234344661165,9.526859123266515
Spain 2026,85.2,8.768329408589306,8.724292083604281,9.456476658680215
Spain 2026,85.3,9.089902523615288,9.064116723493536,9.620476587153574
Spain 2026,85.4,8.894228200261686,8.85533823899824,9.51316175519837
Spain 2026,85.5,9.37290216035631,9.358029452360308,9.747926645721831
Spain 2026,85.5,9.279402178807496,9.26420691369073,9.716665184005969
Spain 2026,85.2,9.048928030224218,9.018311096950562,9.59084402620205
Spain 2026,85.5,9.146340947544267,9.119184206687127,9.63444457417447
Spain 2026,85.4,9.186213620445693,9.161871675300173,9.656723131055225
Spain 2026,85.2,9.200613333021487,9.177343641739036,9.664752677470902
Spain 2026,85.2,9.199977488007802,9.175276438406671,9.658873317741604
Spain 2026,85.2,9.277354330851473,9.259924525200026,9.708741312140196
Spain 2026,85.4,8.71801841328021,8.668098105893252,9.419277986415436
Spain 2026,85.5,9.128836042791898,9.104530417139063,9.63836386580866
Spain 2026,85.3,9.174434004728285,9.152847312491604,9.66208229829202
Spain 2026,85.2,9.029248126641342,8.999689692973456,9.58800640759787
Spain 2026,85.2,9.141312439701036,9.11122866535712,9.622270128022029
Spain 2026,85.2,9.18643881635721,9.165277565574323,9.66703686530735
Spain 2026,85.5,9.194842127972624,9.171193839514103,9.661951873089109
Spain 2026,85.2,8.926657162742096,8.892364197735015,9.540277725700847
Spain 2026,85.4,9.225684033650602,9.208569829897606,9.693363483771645
Spain 2026,85.5,9.046911658393862,9.018338878166375,9.598245238709737
Spain 2026,85.2,9.01265107059402,8.97653749551942,9.562183168053418
Spain 2026,85.1,9.147304692634108,9.123457055531585,9.646376688823356
Spain 2026,85.3,9.127451051457335,9.10235988625041,9.635753350705839
Spain 2026,85.4,9.010491778038475,8.980129050760006,9.579266647595247
Spain 2026,85.5,9.076360795673272,9.045185835118488,9.598568552020797
Spain 2026,85.2,9.040913160324695,9.011517327610987,9.592501388668943
Spain 2026,85.5,8.911272544909894,8.874381332593527,9.526478635121551
Spain 2026,85.4,8.788425702532424,8.743399923250577,9.459444468509904
Spain 2026,85.4,9.132902091857796,9.110051917671385,9.644907973548033
Spain 2026,85.2,8.97882467154804,8.940163865410556,9.540933552209347
Spain 2026,85.5,9.091445099211487,9.066164676874152,9.623481802129508
Spain 2026,85.3,9.180596290667495,9.15796226420395,9.660334547301222
Spain 2026,85.4,8.96639205119966,8.938617453718958,9.575380754751787
Spain 2026,85.3,9.079757142991905,9.047561509318568,9.59608660915626
Spain 2026,85.1,9.292776342462748,9.274016266249044,9.70983891840332
Spain 2026,85.1,9.187269683548395,9.164519233341036,9.662082363228631
Spain 2026,85.3,8.905431068875835,8.871380153787591,9.534156859950592
Spain 2026,85.4,9.132138482800805,9.10870802783707,9.642747628095162
Spain 2026,85.3,8.776607958938534,8.727601594550531,9.441578968551234
Spain 2026,85.4,9.012702188622727,8.974221814903808,9.551094394162671
Spain 2026,85.1,8.938261063129092,8.89748927247002,9.520131462662182
Spain 2026,85.2,8.802945426297581,8.759073736212736,9.468312979261837
Spain 2026,85.5,9.165875817822858,9.143163865863638,9.655593619686487
Spain 2026,85.2,9.066263906497372,9.038824517395657,9.607846446687889
Spain 2026,85.2,8.776330764084802,8.72357674014678,9.424344513957347
Spain 2026,85.5,9.204879998169858,9.186085375129755,9.68135668248511
Spain 2026,85.3,8.993568406256054,8.955803716940048,9.548751292817396
Spain 2026,85.1,8.82576405416585,8.784283280480405,9.483471508936882
Spain 2026,85.1,8.868738100797916,8.82833414947145,9.499015042626848
Spain 2026,85.3,8.761403349350616,8.714281064812733,9.443685657505185
Spain 2026,85.1,8.993028206421185,8.962577048499925,9.574460795035087
Spain 2026,85.5,9.118037444539373,9.09680841597719,9.645261611714496
Spain 2026,85.4,8.882781421097324,8.825869879192343,9.445374550041585
Spain 2026,85.2,8.897443943835656,8.856574815663624,9.506670655197322
Spain 2026,85.3,8.90899739678279,8.864956078940537,9.49964981589286
Spain 2026,85.2,9.266916056664428,9.249557701514263,9.705741212445325
Spain 2026,85.3,8.869037218461767,8.822502370785903,9.4799146031561
Spain 2026,85.1,8.924047347910687,8.876012565401068,9.485449204377653
Spain 2026,85.5,9.140840015756549,9.118191987792878,9.647766570018398
Spain 2026,85.5,9.145220844569362,9.116919179196938,9.628682114897014
Spain 2026,85.3,9.055958640264718,9.027518428483658,9.601380081286917
Spain 2026,85.1,9.125965013518055,9.099478295665048,9.630070967666303
Spain 2026,85.3,8.96002782847751,8.926577072938091,9.553491031922757
Spain 2026,85.3,8.625707704369967,8.573206250447178,9.383091103808951
Spain 2026,85.3,9.03533010567847,9.008634784462169,9.600607900750257
Spain 2026,85.4,8.85561620251525,8.81745919879651,9.504785687106981
Spain 2026,85.2,9.063638367807117,9.036988265954719,9.609672237660671
Spain 2026,85.3,8.968554771522959,8.93715952668092,9.563688023288588
Spain 2026,85.1,9.116005297965502,9.091775675183305,9.634932359839667
Spain 2026,85.2,8.98315885215215,8.93944472164372,9.522991832271252
Spain 2026,85.1,9.0547604940325,9.028115803935222,9.607221866743876
Spain 2026,85.4,8.599620363920815,8.537317689273763,9.33877254414121
Spain 2026,85.2,9.200997748770881,9.177515950993918,9.663980826430647
Spain 2026,85.1,9.104608505929082,9.071171372106418,9.60001852298195
Spain 2026,85.1,9.209491250731137,9.190420836243872,9.681653577838574
Spain 2026,85.4,9.06739355226248,9.038315947609128,9.602429812038398
Spain 2026,85.4,8.663132473937033,8.604580403989253,9.371242472876746
Spain 2026,85.1,8.955243708962206,8.921709278005281,9.551518202496796
Spain 2026,85.5,8.9694167571745,8.935463481272105,9.555264122303173
Spain 2026,85.2,8.993380432122802,8.955777109748238,9.550000096132322
Spain 2026,85.1,8.871891526855798,8.835009924122199,9.514001286208357
Spain 2026,85.4,9.134463431562924,9.107469854651919,9.630321620037822
Spain 2026,85.1,9.025229702464044,8.990299445591688,9.569094842411358
Spain 2026,85.3,8.97750650383108,8.949496303830472,9.577811211514376
Spain 2026,85.5,9.149126672016003,9.119820340404459,9.627521423569332
Spain 2026,85.1,8.721203816698726,8.666764326235159,9.404606411190358
Spain 2026,85.1,8.937456955803777,8.898433455508085,9.526375740930463
Spain 2026,85.3,8.953216726871462,8.918248257182842,9.546365434164887
Spain 2026,85.2,8.92735157822171,8.882880765972686,9.50119405920075
Spain 2026,85.4,9.11718120288715,9.089293920579038,9.622372320779327
Spain 2026,85.1,9.087376919076172,9.061335460826458,9.618959521479551
Spain 2026,85.2,8.96598625773053,8.933345556124685,9.558718822397838
Spain 2026,85.1,9.063248607730305,9.04017185561467,9.62178461244235
Spain 2026,85.3,9.195704990481081,9.17479049368729,9.67096281316684
Spain 2026,85.3,9.149841945422176,9.123979633699765,9.639304696266256
Spain 2026,85.4,8.842056977792826,8.802128791868183,9.49425751981188
Spain 2026,85.1,9.409413600479477,9.398814664001712,9.774001313911073
Spain 2026,85.2,8.959092783216441,8.921959692209485,9.540380427841686
Spain 2026,85.1,9.235853787816486,9.218529857537872,9.69563535813732
Spain 2026,85.3,9.404844946896688,9.393795356493639,9.771131208721538
Spain 2026,85.5,9.08091059333571,9.049125422586204,9.598104278820742
Spain 2026,85.5,9.030668414709444,9.000848892319201,9.588669614060382
Spain 2026,85.1,9.000360616516264,8.965475930205656,9.56020801922592
Spain 2026,85.1,9.208901752435903,9.184163059712674,9.66267782362923
Spain 2026,85.1,8.976278036221142,8.931197908987388,9.517023051052668
Spain 2026,85.2,9.228308706403784,9.20761759032501,9.682582434935211
Spain 2026,85.2,9.01917103748194,8.991746263173795,9.592910867246612
Spain 2026,85.3,8.864074134971315,8.820464617663577,9.48628163837958
Spain 2026,85.1,9.000608931089793,8.960396316659038,9.543163754354934
Spain 2026,85.3,9.074323427896132,9.048504373232255,9.616023039928423
Spain 2026,85.5,9.161382617248051,9.137232037396315,9.64977195308534
Spain 2026,85.1,9.234429437686497,9.214482667446198,9.687006130810028
Spain 2026,85.3,9.108567097464933,9.080803459361155,9.620925024823986
Spain 2026,85.2,8.944883477646247,8.901925590828103,9.516115843423197
Spain 2026,85.1,8.966133275727767,8.93326325839732,9.55680825854854
Spain 2026,85.4,9.051867612677821,9.017354888113001,9.57864035062335
Spain 2026,85.1,9.107184169036271,9.071880511768043,9.593982478170625
Spain 2026,85.5,8.68563140454495,8.622081744527387,9.35695439906415
Spain 2026,85.5,9.279530702752753,9.260358338242021,9.703642244874205
Spain 2026,85.2,9.166629242744685,9.138906762566554,9.638546709991195
Spain 2026,85.2,9.205817253376535,9.185590751139308,9.676349776642803
Spain 2026,85.3,9.007046668775502,8.976142036348362,9.576753742946595
Spain 2026,85.4,9.138666833085598,9.115060737010857,9.64362191274831
Spain 2026,85.2,9.007267442899122,8.975272059600501,9.573948502532218
Spain 2026,85.4,8.873453008286624,8.831061874668606,9.495524070164796
Spain 2026,85.1,9.107957153454926,9.078345549390265,9.61409452019394
Spain 2026,85.3,8.868451817274412,8.822075790976541,9.479186022853408
Spain 2026,85.2,8.969458499112996,8.9337627921225,9.547316374439092
Spain 2026,85.3,8.9033701220603,8.864576069721918,9.516646221497558
Spain 2026,85.2,9.03840639112615,9.013679412160354,9.60845577085761
Spain 2026,85.2,9.002557716676293,8.972547395902003,9.57922095080724
Spain 2026,85.1,8.796346600785242,8.752876912913406,9.467690751308576
Spain 2026,85.3,8.99384127172979,8.965000070155636,9.580100121921216
Spain 2026,85.5,8.855797516273359,8.815918907037254,9.49809645649643
Spain 2026,85.4,8.804114245013267,8.753413882196009,9.443261704051869
Spain 2026,85.5,9.152779480617571,9.126569867664605,9.639558861495107
Spain 2026,85.1,9.071602323337864,9.044162806807822,9.60958118361446
Spain 2026,85.2,9.081824591615597,9.05635056252056,9.619775329968613
Spain 2026,85.2,9.399152361002649,9.384529775790634,9.757342128368382
Spain 2026,85.1,8.979998377126812,8.941640186388012,9.543531839377565
Spain 2026,85.3,9.076862976795951,9.052774728896482,9.622673719456126
Spain 2026,85.5,9.039127712050433,9.008779696205083,9.589295215181771
Spain 2026,85.1,8.902856308754926,8.866212775192789,9.523516620037395
Spain 2026,85.5,9.029972230893348,9.002465030479916,9.596325148439055
Spain 2026,85.4,9.170870442368367,9.144982782402167,9.646616387091589
Spain 2026,85.5,9.020076660563443,8.989545424881625,9.58209125765186
Spain 2026,85.2,9.03141523092535,9.001478106319706,9.588037019890173
Spain 2026,85.1,8.975470257093066,8.938555868864345,9.546469945556614
Spain 2026,85.4,9.102589898182542,9.06742222734062,9.590406482121946
Spain 2026,85.3,8.954562883130645,8.911805808124246,9.516719356859763
Spain 2026,85.2,9.130230970587949,9.104787125740177,9.635442348771551
Spain 2026,85.4,9.051186103220694,9.024331316395687,9.604985986112744
Spain 2026,85.1,9.213280636627923,9.195344542962795,9.686607908353222
Spain 2026,85.2,8.928884308202656,8.89032117555544,9.52607525186928
Spain 2026,85.3,9.219969007577127,9.199991758130293,9.6824368367301
Spain 2026,85.4,9.180660527851979,9.15855839448791,9.662379577186735
Spain 2026,85.2,9.00323402353375,8.967233539541787,9.55855778720064
Spain 2026,85.1,9.035303303655297,9.005106264714321,9.588981309537282
Spain 2026,85.1,9.007865845370576,8.972595135839887,9.56088035966362
Spain 2026,85.1,8.909735999513648,8.868702507622658,9.509816263160632
Spain 2026,85.5,9.096511812228146,9.070512561248492,9.622537040452602
Spain 2026,85.1,8.771270595511591,8.72286328220959,9.44191898759746
Spain 2026,85.4,8.908929784853463,8.87097527286776,9.521810373469005
Spain 2026,85.1,9.030320573344788,8.998840944734765,9.582236731013685
Spain 2026,85.1,9.001284219254739,8.96847192306126,9.56862058040329
Spain 2026,85.3,9.128279711048384,9.101207057398097,9.628413646792557
Spain 2026,85.4,8.790088540049345,8.743606747208222,9.454214813258803
Spain 2026,85.4,9.282348599781209,9.264885819471187,9.710467498929171
Spain 2026,85.4,9.222698494295265,9.204252180835311,9.687965131015122
Spain 2026,85.2,9.06756954579203,9.036472936203406,9.59609798555277
Spain 2026,85.5,9.141115259166629,9.111522545972422,9.623643682476246
Spain 2026,85.4,8.902552510478955,8.862873496582129,9.513580392023059
Spain 2026,85.5,8.901598987228901,8.86660879419429,9.530066217425723
Spain 2026,85.1,9.164647184668176,9.13814068435249,9.64184850073401
Spain 2026,85.4,8.890634935428215,8.845499926329001,9.489741766700906
Spain 2026,85.4,9.178838790287525,9.157770770851405,9.665541474552521
Spain 2026,85.2,9.061751237795246,9.036964862411756,9.615565564153156
Spain 2026,85.1,9.201977420630493,9.17937855837321,9.667495065798441
Spain 2026,85.2,9.010567464578985,8.973192946957528,9.555459699536824
Spain 2026,85.1,8.970522200904545,8.935912041451836,9.553228739841277
Spain 2026,85.3,9.201128008656202,9.179951011559071,9.67243142419989
Spain 2026,85.1,8.777957008702389,8.722476845465781,9.418556286644094
Spain 2026,85.3,9.213769691540863,9.189980093511883,9.667616053739067
Spain 2026,85.4,8.95855414811322,8.923540024377715,9.547869858531893
Spain 2026,85.5,8.605579851322446,8.542261751302595,9.333985423763528
Spain 2026,85.2,8.927150908867835,8.883685736325937,9.504512969908456
Spain 2026,85.2,9.351888382796856,9.338997453918836,9.7479237928209
Spain 2026,85.2,9.016748373120594,8.990094957351648,9.595006084761861
Spain 2026,85.2,8.983624275178595,8.950243766166075,9.561139112406824
Spain 2026,85.4,9.158462057716996,9.13690449087327,9.656849545550935
Spain 2026,85.1,9.137854010788342,9.11519272130769,9.646979768249345
Spain 2026,85.1,9.146740714579451,9.118816270278863,9.632481359112466
Spain 2026,85.4,9.244649091579117,9.22594211221469,9.694525501196196
Spain 2026,85.2,8.970733750922896,8.938489455206344,9.561227208781272
Spain 2026,85.3,8.993353265960424,8.964948633341292,9.581533977547958
Spain 2026,85.1,8.880484672874296,8.835822870035624,9.4874595793825
Spain 2026,85.5,8.904693844110291,8.86669172348817,9.519488758632889
Spain 2026,85.2,9.034993911203141,9.00163371625734,9.578036679358236
Spain 2026,85.3,9.109850275522653,9.08835839180375,9.641990132288356
Spain 2026,85.3,8.902486559948006,8.859711572928866,9.503304292493171
Spain 2026,85.2,8.972989142690707,8.943179087178091,9.57025369141675
Spain 2026,85.1,9.186230811272946,9.164772643920367,9.666837184360602
Spain 2026,85.5,9.08659182040855,9.060704631138695,9.619497742032747
Spain 2026,85.5,8.978832953317477,8.95012379046618,9.575913214186961
Spain 2026,85.3,8.899738838277399,8.865037837256914,9.530412511623252
Spain 2026,85.4,8.798844905109087,8.748042820570907,9.441132762410705
Spain 2026,85.3,8.7964788043004,8.742765035851233,9.43000384444305
Spain 2026,85.2,9.053787907178345,9.025207808560191,9.599959140143085
Spain 2026,85.4,9.192226787128503,9.173462665224982,9.67714159404942
Spain 2026,85.4,8.99934600998489,8.968733528246082,9.575262946036334
Spain 2026,85.1,8.882416026519374,8.840068819074382,9.49837531294698
Spain 2026,85.2,9.08549033563314,9.061510014770958,9.625745977878799
Spain 2026,85.1,8.965623557892174,8.931818998717358,9.55411634365636
Spain 2026,85.5,9.125526647796068,9.103255046983588,9.643955225628467
Spain 2026,85.2,9.099255322612002,9.06534681047736,9.5963109012501
Spain 2026,85.4,8.99255477771852,8.953038186215704,9.543319662708754
Spain 2026,85.2,9.06372396084932,9.034559550824756,9.601001674400104
Spain 2026,85.4,9.270598665772084,9.252195211075806,9.703999472336404
Spain 2026,85.1,9.000371806026763,8.96754428537751,9.567930671958955
Spain 2026,85.4,8.699887706506384,8.636104867811925,9.362147486827311
Spain 2026,85.1,9.179291682379109,9.160266429505949,9.67230531562355
Spain 2026,85.5,9.123361727290597,9.099546376113825,9.638606389499353
Spain 2026,85.1,9.06580007105475,9.031388640125025,9.582752192590965
Spain 2026,85.2,9.240622507796967,9.220591441378932,9.6887336683594
Spain 2026,85.1,8.991058364426776,8.960626857264328,9.573803269343463
Spain 2026,85.4,9.038671894831339,9.010604274580254,9.597019133721767
Spain 2026,85.3,8.982084434245785,8.953899357147401,9.578965546548902
Spain 2026,85.5,9.27932019215832,9.261722492500086,9.709307320713341
Spain 2026,85.3,9.185909647690583,9.165151593834917,9.668918660086312
Spain 2026,85.1,9.251327017480039,9.23063690569515,9.690089740900463
Spain 2026,85.4,8.670408416508979,8.621677231945577,9.410115975724656
Spain 2026,85.3,8.981770197807531,8.9461087973814,9.553505976085834
Spain 2026,85.2,9.132759908336904,9.1071151054119,9.63557367124735
Spain 2026,85.5,8.952431793308403,8.91337455851698,9.529646973621862
Spain 2026,85.2,8.945415841429678,8.912153228887584,9.549123835324076
Spain 2026,85.1,9.048125852343587,9.021566476001748,9.60489939533886
Spain 2026,85.1,8.972438037088777,8.935135309554566,9.544352598825439
Spain 2026,85.2,8.908276612951553,8.867712691410919,9.512138751406013
Spain 2026,85.4,9.074691354491486,9.046329941544748,9.606784803522924
Spain 2026,85.3,9.066849928157925,9.035508154708227,9.594075256187278
Spain 2026,85.3,9.004000312292742,8.973145965127504,9.576788488384619
Spain 2026,85.1,9.135212114572903,9.115437020419488,9.65559063813901
Spain 2026,85.5,8.803206475802241,8.762325518797779,9.478555871213413
Spain 2026,85.2,8.993060223282503,8.96147396308411,9.570179715006681
Spain 2026,85.2,8.91445492359597,8.882306681847275,9.543941537994469
Spain 2026,85.3,9.343142422756053,9.32843143519458,9.73926965460268
Spain 2026,85.5,9.09427364460986,9.06379650928491,9.606741658033059
Spain 2026,85.2,9.177483088972854,9.152420136303332,9.651029459367415
Spain 2026,85.1,9.014080217218288,8.986122371065228,9.589665742874388
Spain 2026,85.2,9.241856556148061,9.226007720840547,9.70267853008701
Spain 2026,85.1,9.053988800141514,9.022377662913959,9.590005882235893
Spain 2026,85.3,8.956103070492757,8.921277242954929,9.547872557268967
Spain 2026,85.1,8.97856165862343,8.944150306678155,9.556276380088047
Spain 2026,85.5,8.866441813731484,8.822977493097152,9.488872556306653
Spain 2026,85.1,9.102973784091708,9.071589863730125,9.605715669271834
Spain 2026,85.5,9.173284651464446,9.155607375997224,9.674670323164891
Spain 2026,85.3,8.754733963452242,8.707942345793073,9.44210430606072
Spain 2026,85.3,8.864651179218217,8.827450194950522,9.510930247100802
Spain 2026,85.1,9.078265607509975,9.049499267614223,9.607015735250856
Spain 2026,85.4,9.059599108157931,9.03083703330257,9.601668597822105
Spain 2026,85.3,9.330401960113694,9.312703338785964,9.725300014099695
Spain 2026,85.3,9.215318268247628,9.195534903008376,9.681575127961382
Spain 2026,85.4,8.978679806915082,8.942890281504077,9.551770976726852
Spain 2026,85.2,8.98662650470987,8.955358076284028,9.56974841052089
Spain 2026,85.5,8.97774136123497,8.948699901157159,9.574649301004467
Spain 2026,85.3,8.964944822479037,8.932958210917736,9.560127939341283
Spain 2026,85.3,9.037482575933755,9.010393925658601,9.599735486481833
Spain 2026,85.3,8.674543535785842,8.612778837366267,9.361400733053731
Spain 2026,85.2,8.74137239706686,8.693650193842572,9.43545642160602
Spain 2026,85.1,8.90697452129933,8.860058836302358,9.490014926876745
Spain 2026,85.3,8.751431019402407,8.69539649812626,9.407349121027567
Spain 2026,85.3,8.862341271328154,8.826839138014375,9.516172146604687
Spain 2026,85.5,9.329569754099364,9.314755600157183,9.734245221521805
Spain 2026,85.1,8.99387110285004,8.965338972706052,9.580829457877929
Spain 2026,85.3,9.066830318787137,9.03869835846298,9.605238389026173
Spain 2026,85.4,9.044757795149435,9.013171028367596,9.58724629003936
Spain 2026,85.5,8.841220694969804,8.802374840689552,9.497934651719675
Spain 2026,85.2,9.187541466206007,9.163909519654052,9.65948086613406
Spain 2026,85.4,8.972533456482822,8.942247382256205,9.568606463118325
Spain 2026,85.3,9.127020632365156,9.101261249525423,9.63156055245693
Spain 2026,85.1,8.95494890681862,8.91920059413999,9.543129862970646
Spain 2026,85.1,8.872311320043915,8.830583252629182,9.497507643820878
Spain 2026,85.5,8.841981530502297,8.797214730077341,9.47695516918355
Spain 2026,85.1,8.698294456697313,8.646501415234786,9.407003798050722
Spain 2026,85.4,9.217220519987778,9.193474641450676,9.668475476387114
Spain 2026,85.3,9.039212850405566,9.00944751380828,9.591370404605486
Spain 2026,85.4,9.030603764528507,8.999561803265347,9.583971986127839
Spain 2026,85.3,8.818693713337588,8.775198297158873,9.473532069006719
Spain 2026,85.4,8.983487250190013,8.952945302165965,9.571400645900052
Spain 2026,85.1,8.82672750834113,8.77787315233536,9.454839257956891
Spain 2026,85.4,9.139652670060546,9.111560437296184,9.628568101991544
Spain 2026,85.3,9.072127889437255,9.044872536319934,9.609637903039491
Spain 2026,85.3,9.010592680246885,8.978037866103053,9.572581493489697
Spain 2026,85.4,9.107227180902814,9.084560935621761,9.637054865399383
Spain 2026,85.4,9.213462132965622,9.195757257862597,9.687333819353066
Spain 2026,85.3,8.956745202862075,8.915801985324435,9.526604136844623
Spain 2026,85.4,9.117447481140408,9.09354769201673,9.636483380906585
Spain 2026,85.3,9.0342627439278,8.991725720524615,9.540032074044554
Spain 2026,85.4,8.9797650052367,8.946999885438956,9.562257786229033
Spain 2026,85.4,8.955004996224229,8.921288328444819,9.551585065478106
Spain 2026,85.5,9.156276372078668,9.128573957456643,9.635989989427307
Spain 2026,85.1,9.051496743998246,9.023620687261712,9.601635940320069
Spain 2026,85.5,9.350009134365491,9.33763542345351,9.748933104266195
Spain 2026,85.2,9.055759459324564,9.025845349421727,9.596512782299499
Spain 2026,85.1,9.1209982196241,9.097847430230441,9.63992478401411
Spain 2026,85.3,8.812739210146857,8.765797276755709,9.460002833018116
Spain 2026,85.1,8.93396201746338,8.897547430539053,9.534945208232513
Spain 2026,85.3,8.993114532029544,8.960268296921843,9.566541558119612
Spain 2026,85.3,9.015712792815387,8.979018470079701,9.558105987411604
Spain 2026,85.3,8.910379480914475,8.87349987981883,9.526348438554438
Spain 2026,85.1,9.187040782353584,9.165124548114745,9.6655095175134
Spain 2026,85.3,8.828422646155138,8.781538724394263,9.464961637006333
Spain 2026,85.4,8.852083354488805,8.8089050381415,9.48550466867749
Spain 2026,85.5,8.899562223819025,8.85278000451858,9.482978143431728
Spain 2026,85.4,9.027658283987494,8.99820551714858,9.587919954601809
Spain 2026,85.2,8.986948863254169,8.955832192129877,9.570264043231495
Spain 2026,85.3,8.999083024351245,8.972314875143176,9.588954232772837
Spain 2026,85.4,9.173602091952596,9.151382284355474,9.6595008109947
Spain 2026,85.5,8.689272065866012,8.6364815464282,9.400611454903288
Spain 2026,85.3,8.975376961914652,8.945431097524493,9.570669181306377
Spain 2026,85.2,9.171829323222918,9.150689589171163,9.662824138970569
Spain 2026,85.3,9.01838034050699,8.983354356075546,9.566154480558708
Spain 2026,85.1,9.03053102942923,9.001107525143281,9.589881738555224
Spain 2026,85.2,9.096437401198402,9.068696888375863,9.617135930260178
Spain 2026,85.3,9.080391341339633,9.049071137253357,9.598503682353085
Spain 2026,85.2,9.204860074844687,9.17954762431419,9.658008486358002
Spain 2026,85.3,9.10287865091981,9.070459411667166,9.602532165852956
Spain 2026,85.4,9.053477759104023,9.023790744018637,9.59546618241147
Spain 2026,85.2,9.037192829535837,9.010362184658483,9.600506971791518
Spain 2026,85.5,9.33945634729884,9.322818300185322,9.731781408032592
Spain 2026,85.3,9.14419200134802,9.117760282265355,9.635522577334841
Spain 2026,85.3,9.249023644519275,9.235376991007028,9.712206296863613
Spain 2026,85.1,9.054500118388102,9.024950701596362,9.5973870129821
Spain 2026,85.2,8.881966934436992,8.846646403776743,9.522670259762952
Spain 2026,85.1,8.954192865593223,8.918961095505743,9.545716797945893
Spain 2026,85.4,8.91747273099887,8.870478468513788,9.491441651811458
Spain 2026,85.4,9.110775934076722,9.08275945844214,9.618883601357028
Spain 2026,85.3,9.188443229532945,9.169510298288246,9.675513976986043
Spain 2026,85.1,8.959909020908333,8.925944665986794,9.551948963713437
Spain 2026,85.1,9.145319713596528,9.125993713811722,9.660327721969496
Spain 2026,85.2,9.17333993613106,9.149659723815697,9.654202794399659
Spain 2026,85.4,8.872578303226383,8.819746770590317,9.452392481321832
Spain 2026,85.3,9.022057616386682,8.988760557109227,9.573038619084443
Spain 2026,85.3,8.968236975157822,8.937342141502887,9.565327510069997
Spain 2026,85.1,8.99186034695717,8.960773796695946,9.57187556437195
Spain 2026,85.3,9.34443566211156,9.326381695269976,9.727685231182658
Spain 2026,85.1,8.837926563053971,8.796058076927975,9.486224628268696
Spain 2026,85.3,9.040238269049663,9.009792168678489,9.589254438711377
Spain 2026,85.4,9.136244434777568,9.11305418869087,9.644726779007213
Spain 2026,85.2,8.876596640414506,8.830448587793816,9.482376133794265
Spain 2026,85.3,8.945676877027772,8.91108097413014,9.545447727693848
Spain 2026,85.1,8.95987651429612,8.91927842493501,9.528038986663276
Spain 2026,85.2,8.869089504201943,8.826814007059442,9.492718276540963
Spain 2026,85.1,9.352272788685106,9.341405314405591,9.75428890885589
Spain 2026,85.3,9.016360199855377,8.98204144976092,9.566080295969533
Spain 2026,85.3,9.174566089572089,9.148386975430352,9.647315640401636
Spain 2026,85.1,9.233678901158152,9.2141130506193,9.687804930640569
Spain 2026,85.4,9.104334786214483,9.081270133243578,9.634697773782742
Spain 2026,85.3,9.059797578055921,9.034583645389754,9.61320036549044
Spain 2026,85.2,9.064596903727832,9.03534818811213,9.600694476611137
Spain 2026,85.4,9.474980037053985,9.466297212812169,9.80104855591643
Spain 2026,85.3,8.77016529295284,8.726377827738276,9.457915374693943
Spain 2026,85.2,9.127574294362903,9.105170775057715,9.644562098555422
Spain 2026,85.3,8.911620873592245,8.876362981069438,9.531621736869857
Spain 2026,85.1,8.900884961648467,8.856457539543344,9.496335605534497
Spain 2026,85.4,9.04060194889199,9.014197779926684,9.603115250709784
Spain 2026,85.2,8.924019412570686,8.88829753633504,9.534856577246218
Spain 2026,85.2,9.109167288261805,9.084498955917105,9.630419871991258
Spain 2026,85.2,9.02266268275895,8.985533691264807,9.56025228677397
Spain 2026,85.1,8.887033821101715,8.846264745637166,9.504036730904087
Spain 2026,85.2,9.154652831620089,9.126095740466415,9.63107602127729
Spain 2026,85.2,8.86847757348616,8.82402678458528,9.484784078107625
Spain 2026,85.4,8.852143435976371,8.811642446386449,9.495361059728346
Spain 2026,85.2,8.938113851946788,8.905944277293274,9.551238352990547
Spain 2026,85.3,9.054916737833832,9.031286303089935,9.617391924053871
Spain 2026,85.3,8.941935122686957,8.895766639128219,9.503587628189834
Spain 2026,85.3,8.932612995350185,8.889710342192718,9.512538966326542
Spain 2026,85.5,9.239366551420085,9.218891357710877,9.686731134224187
Spain 2026,85.1,9.004258139969238,8.96789517323369,9.556337443248012
Spain 2026,85.3,9.009716142555181,8.975464025202097,9.566396513123154
Spain 2026,85.1,9.108534498357029,9.085105954132597,9.634784095822516
Spain 2026,85.3,9.024210193480362,8.996065893430817,9.592352972833941
Spain 2026,85.2,8.859405821063776,8.820993411219664,9.504445306080811
Spain 2026,85.5,9.061778993021148,9.02820944336319,9.585354508311037
Spain 2026,85.3,9.002096192948216,8.962533588832414,9.543743145347792
Spain 2026,85.2,9.154129220469496,9.12984530992545,9.646878585193623
Spain 2026,85.1,9.187088424553874,9.168954332350534,9.677710498166594
Spain 2026,85.2,9.176763508182574,9.155499051910365,9.664040549647769
Spain 2026,85.2,8.968078568522099,8.937273988906854,9.56554649215402
Spain 2026,85.3,9.164358184137617,9.142694289036552,9.658599567200069
Spain 2026,85.3,9.232999744631472,9.209534662510436,9.674583509478662
Spain 2026,85.3,8.99666131619787,8.960241336529561,9.555396212388853
Spain 2026,85.2,9.11986166657332,9.098037396793845,9.643905967688479
Spain 2026,85.1,9.039450220704754,9.009132612678588,9.589217733109054
Spain 2026,85.3,9.109084032871849,9.08576282937606,9.635691294145976
Spain 2026,85.3,9.159375120567551,9.136631208649785,9.653585502408266
Spain 2026,85.2,8.911457446251125,8.869658357729586,9.506927514842133
Spain 2026,85.2,9.236587658025709,9.213842455522737,9.678656434089866
Spain 2026,85.1,8.903295554757545,8.855669069239458,9.48620200497483
Spain 2026,85.4,8.91796661701412,8.876767154016601,9.511639215069762
Spain 2026,85.4,9.343545681885463,9.327408395939331,9.73462992446611
Spain 2026,85.3,8.983399766981844,8.9502590779058,9.561870598129211
Spain 2026,85.3,9.156925247648736,9.131997661238461,9.644329463464384
Spain 2026,85.4,9.164676881222357,9.147531140692008,9.673799072363945
Spain 2026,85.4,8.904422977490022,8.865110042531617,9.513789160821625
Spain 2026,85.1,9.029281182911063,9.000468191420337,9.590945994915712
Spain 2026,85.4,8.77115543852083,8.726580790378028,9.455830167118364
Spain 2026,85.1,8.87911229316838,8.837892804962744,9.500589228848595
Spain 2026,85.3,9.392380531516103,9.380896383155083,9.765286571872382
Spain 2026,85.3,9.000815295297231,8.969615815445529,9.574469882258697
Spain 2026,85.4,9.00924172404552,8.974639022306572,9.565968982490727
Spain 2026,85.4,9.03735467634247,9.009462175963721,9.597297035042397
Spain 2026,85.2,8.91666725645748,8.881442927244269,9.534081870887533
Spain 2026,85.2,8.760332140828487,8.712360923797686,9.439897139586966
Spain 2026,85.4,9.07311722690163,9.045789539385702,9.61074961622231
Spain 2026,85.2,8.981426042214085,8.947895938027235,9.560090141141087
Spain 2026,85.2,8.959729290221919,8.924791926943415,9.547620080867746
Spain 2026,85.3,8.938927251413869,8.89979254349947,9.525207404538524
Spain 2026,85.4,8.892901777362185,8.856515550626838,9.522434206825656
Spain 2026,85.1,8.752806123709437,8.695796974977783,9.402927776279867
Spain 2026,85.3,9.214741913897287,9.194989969018724,9.681468896742828
Spain 2026,85.3,9.144734388788512,9.118956112880646,9.637989815351363
Spain 2026,85.1,8.998794353084547,8.965714420141767,9.566188338595682
Spain 2026,85.2,9.24268680523428,9.222034723071523,9.687790323210905
Spain 2026,85.2,9.177845438000091,9.15935387004861,9.673576363698363
Spain 2026,85.5,9.137369065860323,9.1072258389747,9.620958012498065
Spain 2026,85.2,9.024909872992176,8.996517325255743,9.591742102656436
Spain 2026,85.2,8.99919195646445,8.96462317977823,9.561182682486868
Spain 2026,85.1,8.733387683443075,8.680308687184334,9.413850751661393
Spain 2026,85.5,8.96942646506043,8.931926840547142,9.54318757886351
Spain 2026,85.2,8.988641383850153,8.953587831464922,9.55578526934821
Spain 2026,85.4,9.330254247992901,9.314305421420201,9.730843412249634
Spain 2026,85.1,9.096965766543155,9.074226855260244,9.633736231818451
Spain 2026,85.1,9.081270201202393,9.057863132776845,9.626383050102362
Spain 2026,85.3,9.171442973724583,9.150740487768633,9.664285846264285
Spain 2026,85.3,9.07072599034565,9.04513033553102,9.615522176566575
Spain 2026,85.5,8.990038097905996,8.954956117766073,9.557551667629841
Spain 2026,85.5,9.249463601279917,9.232112459675884,9.700461811013223
Spain 2026,85.2,8.706140987095575,8.656365223695872,9.417008920914276
Spain 2026,85.2,8.923705284024125,8.889458495330306,9.539076822202757
Spain 2026,85.5,8.938043021684441,8.901057549877942,9.533048521615243
Spain 2026,85.3,8.992621837434578,8.95595406143795,9.55351540296981
Spain 2026,85.4,8.95140923464795,8.916224886316517,9.54404055378921
Spain 2026,85.1,8.953169570485398,8.912481407358282,9.52689215706905
Spain 2026,85.1,8.784762582315354,8.739335904355585,9.456838192573976
Spain 2026,85.3,8.997001683023298,8.96584137085564,9.573434211710719
Spain 2026,85.3,8.985709959129434,8.9562256392904,9.57511385852047
Spain 2026,85.5,9.187863447645931,9.162080364992292,9.650988748339262
Spain 2026,85.2,8.883944890325882,8.843493924399938,9.504574792318293
Spain 2026,85.1,9.074159038116607,9.044660238320779,9.60313978113724
Spain 2026,85.1,9.006338368941801,8.976581569535009,9.580656626203446
Spain 2026,85.2,9.287540248265596,9.268661647296877,9.707571041173333
Spain 2026,85.2,8.919325142569951,8.885285910471135,9.539171916766582
Spain 2026,85.5,9.070906790914595,9.042628132861264,9.606015879216455
Spain 2026,85.3,9.251469450874307,9.226684337537797,9.676088273599156
Spain 2026,85.4,9.227197861047227,9.200230748842293,9.661443866921815
Spain 2026,85.5,8.786469901158636,8.732921011927635,9.426993551926204
Spain 2026,85.1,8.859426759604002,8.819009076910659,9.497082797228282
Spain 2026,85.3,8.724395627363517,8.67350278438217,9.417870798863326
Spain 2026,85.3,9.05796629067003,9.026366250307838,9.590934090605549
Spain 2026,85.2,9.202747978878742,9.182377535936219,9.675280675184043
Spain 2026,85.3,9.116800123437086,9.0948166591712,9.642411853267737
Spain 2026,85.1,8.870278426224319,8.830786494710061,9.502737232706966
Spain 2026,85.2,8.976799195307851,8.93186953559347,9.519027253770748
Spain 2026,85.5,9.134912274711233,9.104580604235565,9.61964230379484
Spain 2026,85.3,9.008309601609437,8.973468799347932,9.56473759124281
Spain 2026,85.4,9.095727255862794,9.061004518608994,9.588717503490509
Spain 2026,85.3,8.986212521669346,8.953037278377288,9.561602108651709
Spain 2026,85.5,9.252047888655808,9.236144133569534,9.705525446749737
Spain 2026,85.1,8.716100628100502,8.658358049791012,9.390023215501147
Spain 2026,85.3,8.644609556913213,8.589962518296252,9.380128582883545
Spain 2026,85.4,9.180421236079024,9.157605967601842,9.660388081106916
Spain 2026,85.5,8.898951123958883,8.865333868739349,9.53417636996593
Spain 2026,85.3,9.090116607466264,9.05427180717245,9.587019737470182
Spain 2026,85.5,9.088982723169261,9.059224249300144,9.60658285245773
Spain 2026,85.3,9.078580555453769,9.052669947645082,9.617224387734847
Spain 2026,85.1,8.91905388626427,8.883161986013302,9.531930444248049
Spain 2026,85.1,9.275077057803966,9.258178622341855,9.709864736273307
Spain 2026,85.4,8.900539013776829,8.860676646088383,9.512654622588117
Spain 2026,85.4,8.961683596700325,8.926691658207742,9.548404219293303
Spain 2026,85.2,8.725770243387862,8.677231722996927,9.42676060166518
Spain 2026,85.4,8.933616730192426,8.895578966433867,9.52710875334802
Spain 2026,85.1,8.925885643856951,8.879614840025038,9.497976612987124
Spain 2026,85.5,9.215145915379324,9.193419208232603,9.674890622837557
Spain 2026,85.3,9.019139330201098,8.989854754119188,9.58625420588642
Spain 2026,85.3,8.94067840712475,8.907337605771366,9.54805602444646
Spain 2026,85.5,9.13849335444297,9.116019533858772,9.647538435028151
Spain 2026,85.1,8.931355875220389,8.891419452480985,9.52102425205476
Spain 2026,85.1,9.377647852150549,9.365960228511025,9.760019681029245
Spain 2026,85.1,9.162868867138483,9.143467800363087,9.665694537161068
Spain 2026,85.1,9.026348720634843,8.995933490607225,9.584929518473317
Spain 2026,85.4,9.176017285206282,9.147094255998894,9.635441157515297
Spain 2026,85.3,9.112291978877229,9.086241482575792,9.627044451209413
Spain 2026,85.1,9.237651992479384,9.219809343910129,9.694443584337765
Spain 2026,85.4,8.92415320457756,8.878401523884536,9.497130455178176
Spain 2026,85.1,8.667528006171118,8.610291135328938,9.376766074702848
Spain 2026,85.1,9.003800442204522,8.97426800987832,9.581073096611446
Spain 2026,85.3,9.234653697763646,9.215966457479135,9.69140875369492
Spain 2026,85.2,8.944845452066835,8.908941585154153,9.539515376352426
Spain 2026,85.3,8.623684378653639,8.566748107568696,9.365558706016012
Spain 2026,85.4,8.958188146554122,8.91960413177641,9.534345221803735
Spain 2026,85.3,8.792833611026758,8.75034033743652,9.469564246842193
Spain 2026,85.4,8.947438918319213,8.912791436624708,9.544811843829162
Spain 2026,85.5,8.857197917068127,8.812948256116064,9.48348507494848
Spain 2026,85.1,8.9999925195008,8.966293557452138,9.565712475766405
Spain 2026,85.1,9.02729781221761,8.996412367027848,9.58324296018313
Spain 2026,85.3,9.173447726468545,9.153172589912351,9.666187124767479
Spain 2026,85.4,9.13624404810591,9.107294948778128,9.625397313808445
Spain 2026,85.2,9.19869869916812,9.17473511744039,9.661613693699987
Spain 2026,85.3,8.838160590512638,8.794044893524832,9.477233205527448
Spain 2026,85.2,9.03010603234055,8.987154878532778,9.541939830206651
Spain 2026,85.2,8.84183036690729,8.802868119416802,9.497488131448
Spain 2026,85.4,8.807640278647328,8.753470752980105,9.430638823330957
Spain 2026,85.5,8.991482391746358,8.948381812656924,9.52549473144295
Spain 2026,85.5,8.929590669766501,8.89569254590587,9.541984469459463
Spain 2026,85.3,9.31545163809384,9.301306757619523,9.732117663841363
Spain 2026,85.2,8.898031289052684,8.864372657680669,9.533759758142198
Spain 2026,85.1,9.134964263429016,9.106846774150885,9.627456676663684
Spain 2026,85.1,9.033794286367423,9.005738525499728,9.595476149612825
Spain 2026,85.3,8.909796668918695,8.874206294345493,9.530440469462624
Spain 2026,85.1,9.074193617994862,9.042260119685517,9.59400440458898
Spain 2026,85.3,9.02809095666509,8.9959724222894,9.580311593473109
Spain 2026,85.2,8.984344757956478,8.936616100367571,9.503629153414689
Spain 2026,85.4,8.916778555416915,8.876984813050186,9.516607879081107
Spain 2026,85.1,9.41666340427888,9.403934229026214,9.769283760833524
Spain 2026,85.5,8.856697869859593,8.808590116586348,9.468828433465358
Spain 2026,85.2,8.928569932082382,8.89110618710627,9.530181784474273
Spain 2026,85.3,8.972942414914108,8.935043669914068,9.542850758927417
Spain 2026,85.1,9.119943236742312,9.094274724016838,9.630942266913248
Spain 2026,85.3,9.13684052598543,9.114835183980745,9.648660603817017
Spain 2026,85.4,8.946527436945571,8.911737518806538,9.543986454426472
Spain 2026,85.5,9.17930453909562,9.156165391093406,9.658280610976508
Spain 2026,85.4,9.141559481695223,9.116621340827058,9.640356687167497
Spain 2026,85.4,9.15608391992657,9.13681608920558,9.664005103019377
Spain 2026,85.1,9.107662289654465,9.080028789462856,9.620817144528083
Spain 2026,85.1,9.100757774570319,9.073372661067381,9.619649971602087
Spain 2026,85.4,8.823563561649003,8.785433664964552,9.494790357384373
Spain 2026,85.4,8.916214095427224,8.875424197483953,9.51225783475734
Spain 2026,85.1,8.977178736849714,8.942394057461309,9.553444916824361
Spain 2026,85.2,9.082936271878967,9.056651127137625,9.61681253928939
Spain 2026,85.2,8.979584980636584,8.944212862653396,9.553021637474885
Spain 2026,85.1,8.952373906526546,8.918171077320586,9.548975728389607
Spain 2026,85.3,9.003061326093908,8.973150878138783,9.579740854634844
Spain 2026,85.1,8.991674062082426,8.961520551111493,9.575228774073137
Spain 2026,85.3,9.105604122196638,9.0845994298407,9.642075757554684
Spain 2026,85.1,9.02482478463083,8.979529053622727,9.53064075736519
Spain 2026,85.1,9.287634015708427,9.271064724094376,9.715254866106665
Spain 2026,85.2,8.922562222927024,8.881226768617008,9.514392327312589
Spain 2026,85.1,9.024346219090434,8.993868307947,9.583426453927256
Spain 2026,85.3,8.985382871998556,8.947925592988788,9.547307277374902
Spain 2026,85.4,9.079127770682721,9.05010876952787,9.605458852614019
Spain 2026,85.1,8.865941767422456,8.828955864669034,9.511779278535418
Spain 2026,85.2,9.085922724550258,9.059833071809575,9.618511261302068
Spain 2026,85.2,9.027190317036862,8.994876821003858,9.579325029910656
Spain 2026,85.3,9.134424405218017,9.111709769770487,9.645649133270052
Spain 2026,85.4,9.042000737782267,9.007095271558633,9.571951564952201
Spain 2026,85.1,9.15668417276597,9.134460160801762,9.654207699830172
Spain 2026,85.4,9.043633178636444,9.019154696521634,9.610863997851522
Spain 2026,85.5,9.048144512011595,9.0146772528049,9.581112268815081
Spain 2026,85.1,8.880498185187465,8.833333260650964,9.477970284735887
Spain 2026,85.2,8.855789996051573,8.81037937607678,9.477017640172772
Spain 2026,85.1,8.868597544696492,8.8272807450721,9.49680346905898
Spain 2026,85.3,9.101806592358395,9.064004755208666,9.582445829256535
Spain 2026,85.1,8.986849152150668,8.953189515512701,9.56123050103146
Spain 2026,85.1,9.112370254066931,9.087550469202105,9.631754832747289
Spain 2026,85.4,8.909071669861095,8.872374791512945,9.525821471335922
Spain 2026,85.1,8.799085670981032,8.752130970507729,9.455648572164117
Spain 2026,85.3,9.06667392935194,9.034308455147187,9.592098178279262
Spain 2026,85.3,9.125117776172898,9.097247171362078,9.62527453877621
Spain 2026,85.1,9.063195810476124,9.038148886056073,9.615080304748965
Spain 2026,85.3,9.184296524365868,9.16513603585517,9.673270636497449
Spain 2026,85.4,8.908765089072695,8.862413245110549,9.488019104015432
Spain 2026,85.4,9.109477404885494,9.079785635981963,9.614120583374387
Spain 2026,85.2,9.163419242554411,9.140214155186886,9.652553464235282
Spain 2026,85.1,8.743338160799706,8.693689326292755,9.427408682929688
Spain 2026,85.3,9.100989452497886,9.078354374671093,9.63535542975891
Spain 2026,85.2,9.298824191494926,9.281757108908247,9.717255493439849
Spain 2026,85.3,9.227502815493478,9.205002794814398,9.676278213029732
Spain 2026,85.3,9.199970301514798,9.180688511774699,9.677848105865182
Spain 2026,85.1,8.991810806783496,8.954862180397678,9.551899628269137
Spain 2026,85.2,8.895754980550617,8.861505263226064,9.530798188739148
Spain 2026,85.2,9.078805567155769,9.052152262589587,9.61398706986888
Spain 2026,85.1,9.117314006827627,9.092619020965227,9.633257748653302
Spain 2026,85.1,8.993368910270265,8.954780936872243,9.544298440008596
Spain 2026,85.5,9.229268485547934,9.209900457411454,9.686988638441822
Spain 2026,85.5,9.088821157678822,9.059556394060094,9.608919725544165
Spain 2026,85.3,8.814875382757814,8.771158370755112,9.472678514507827
Spain 2026,85.2,8.941334224264798,8.906373699708173,9.542168221690401
Spain 2026,85.2,8.892520152597106,8.855820943925561,9.521470963805747
Spain 2026,85.1,9.22795961202198,9.211543783714312,9.696315376362566
Spain 2026,85.3,8.732685003321404,8.683768099682506,9.428003929772444
Spain 2026,85.4,9.185068687096814,9.163399902241743,9.66516714486973
Spain 2026,85.3,9.406677522578093,9.396211318756535,9.773355541841886
Spain 2026,85.1,9.032097711270858,8.995553458783576,9.565697536767532
Spain 2026,85.2,8.963717262348075,8.932750151929952,9.563177245341693
Spain 2026,85.2,9.055030001474776,9.027902930041986,9.605572677371272
Spain 2026,85.2,8.906933517929229,8.869817882762266,9.524393803354116
Spain 2026,85.1,9.183472552168224,9.162890806660487,9.668305216315932
Spain 2026,85.4,9.088126710165866,9.060783244541641,9.615320399173408
Spain 2026,85.1,9.088924116664796,9.065574318330752,9.629176903853088
Spain 2026,85.5,9.138021601422603,9.113844940900865,9.642271342943658
Spain 2026,85.1,9.179992896372317,9.1602855165353,9.670390473105748
Spain 2026,85.1,9.308035649262221,9.288408875403269,9.711756472021442
Spain 2026,85.3,9.08591798454239,9.059830219402949,9.618740477078736
Spain 2026,85.1,8.895527186297363,8.85745967462303,9.516828909857278
Spain 2026,85.4,9.037230703333908,9.006786252351768,9.58860331943711
Spain 2026,85.2,9.047746862907758,9.024791133432945,9.617386777824912
Spain 2026,85.3,9.055999552718918,9.030672602206327,9.611998146287682
Spain 2026,85.2,9.105628707332071,9.08383776507143,9.639537258647637
Spain 2026,85.1,8.848179151434074,8.81325353294802,9.513812959755931
Spain 2026,85.3,8.83986913826757,8.798965900279338,9.489982557200394
Spain 2026,85.2,8.699724973245077,8.647788233288527,9.40727139064013
Spain 2026,85.2,8.89745534907171,8.857470560494873,9.510233961496354
Spain 2026,85.1,9.073756389744812,9.042441232265146,9.597884274301691
Spain 2026,85.4,9.012216751377716,8.98267992761076,9.583602721532582
Spain 2026,85.2,8.977821413895333,8.941244020297233,9.54899422418039
Spain 2026,85.1,8.941188719485481,8.898073720567105,9.514041745781572
Spain 2026,85.4,9.069445386068779,9.042454601340705,9.610573211932355
Spain 2026,85.1,9.039472497663215,9.015437687102994,9.611070693420597
Spain 2026,85.4,8.902082263566452,8.865060874873663,9.523265316669507
Spain 2026,85.1,8.774774416637447,8.731548144424837,9.461595382342114
Spain 2026,85.1,9.195047224453056,9.172570451505257,9.666133332664
Spain 2026,85.4,9.015417343650938,8.979075916015717,9.561661887141558
Spain 2026,85.3,9.326849499433301,9.312467059515175,9.734828628419127
Spain 2026,85.5,9.165199978695442,9.143667465280918,9.659543175276815
Spain 2026,85.1,9.188023409145533,9.161900074029589,9.651011799293949
Spain 2026,85.1,9.114115038389784,9.08133925760353,9.602671627279054
Spain 2026,85.1,8.846267122229552,8.80637977233705,9.495170570873753
Spain 2026,85.1,9.189820615473444,9.169445271746845,9.671247903435322
Spain 2026,85.3,8.898519056839048,8.85673333158201,9.505653126911467
Spain 2026,85.5,9.116185581745713,9.090742353538289,9.630983315793188
Spain 2026,85.2,8.987394165661991,8.954605726012538,9.564385644922469
Spain 2026,85.2,9.065059183938356,9.038590081794926,9.610881604639324
Spain 2026,85.3,8.959327285627115,8.924938234065202,9.550363614946818
Spain 2026,85.5,9.05730912181527,9.028046974756261,9.59861976587119
Spain 2026,85.3,9.181737630797077,9.16277858569825,9.673376685449536
Spain 2026,85.1,8.924587489294433,8.886205449589433,9.524260579751223
Spain 2026,85.3,9.219399679826727,9.201259962239746,9.687723609016551
Spain 2026,85.3,8.98083838969439,8.943126476330765,9.545939846088046
Spain 2026,85.3,8.739637630613545,8.680870065004436,9.392644352514175
Spain 2026,85.5,9.018534527338325,8.993029259815433,9.599444158975663
Spain 2026,85.1,9.20089106149521,9.181625295571042,9.678517055396739
Spain 2026,85.1,8.966910681452754,8.933311555812715,9.554875514742541
Spain 2026,85.2,8.794410382477619,8.748463764058766,9.45695646248058
Spain 2026,85.5,9.03567815295384,9.007618102549257,9.596445142966548
Spain 2026,85.5,8.937325075291934,8.901443333597921,9.537977035325534
Spain 2026,85.4,9.045262080203468,9.017476732804843,9.600031698758482
Spain 2026,85.1,8.995246572072144,8.961245850564996,9.562719321152754
Spain 2026,85.4,8.96146653901715,8.91772093633272,9.518021564209791
Spain 2026,85.5,9.137671171405925,9.109684049056261,9.629193751342235
Spain 2026,85.4,9.018459889419136,8.987673338732982,9.581208428878657
Spain 2026,85.1,9.16420063353798,9.141550753913632,9.654719446539275
Spain 2026,85.2,9.061431593613584,9.02876955582707,9.588112517083959
Spain 2026,85.2,9.065778590479926,9.039679514290803,9.612088027928127
Spain 2026,85.3,8.827982352103344,8.779494538274495,9.457999153663808
Spain 2026,85.5,9.04020517974663,9.013213235080043,9.60124794722728
Spain 2026,85.1,8.956923896047563,8.927241656829906,9.565817735954495
Spain 2026,85.2,8.914944540395283,8.878488473790554,9.528857899569802
Spain 2026,85.1,8.963486834940653,8.934477214702714,9.57029327168658
Spain 2026,85.1,8.957386360354507,8.92385475565576,9.552235139343342
Spain 2026,85.1,9.149441836752134,9.127075393205677,9.651575896754569
Spain 2026,85.3,9.080510192682883,9.05685516338348,9.625232026912421
Spain 2026,85.1,8.948910599139545,8.91013689717385,9.532043244508463
Spain 2026,85.2,9.2997618426512,9.28454912908197,9.723445678555526
Spain 2026,85.1,9.248511355105416,9.232346319369878,9.70381571182055
Spain 2026,85.1,9.117998205300248,9.089910017912224,9.621974956337379
Spain 2026,85.3,8.853262177810628,8.80775031277404,9.478238040905964
Spain 2026,85.2,8.881798327167168,8.842125895133181,9.507537178619907
Spain 2026,85.1,8.900866075149668,8.86516981183227,9.52726336391698
Spain 2026,85.2,9.145899949648022,9.117170107221046,9.626997017178722
Spain 2026,85.2,9.142180683800177,9.116105763291593,9.636093009709457
Spain 2026,85.3,8.89422387449445,8.851515993656873,9.500197519807196
Spain 2026,85.2,8.955334667499324,8.921137289321479,9.549826435832504
Spain 2026,85.1,8.850358946466445,8.807999511578853,9.488175444390777
Spain 2026,85.3,8.944408279937953,8.913639240058648,9.558200945941543
Spain 2026,85.2,8.871876267833255,8.824857587916977,9.477329154270839
Spain 2026,85.3,9.128666217174121,9.100281990794315,9.624753959309666
Spain 2026,85.3,8.953982648709788,8.91740433787831,9.540394910262435
Spain 2026,85.1,9.049844137668053,9.022142447724207,9.601922227319578
Spain 2026,85.2,9.040928709202324,9.00166075327898,9.558386444615422
Spain 2026,85.2,9.105963046174487,9.076314921731116,9.613737101474786
Spain 2026,85.2,9.20046217330147,9.178285060552438,9.66862124543537
Spain 2026,85.3,8.855822156393971,8.810743567836191,9.480339577484632
Spain 2026,85.2,8.888873561987578,8.850822815129941,9.515278532997284
Spain 2026,85.2,9.026665335224664,8.996593705764942,9.586081032966732
Spain 2026,85.4,9.090924343633272,9.067244568082934,9.628478027214822
Spain 2026,85.4,9.09028704232177,9.06718183162448,9.629967540366376
Spain 2026,85.1,8.812432020402458,8.767983754494326,9.468329339114197
Spain 2026,85.5,9.30978204784029,9.293260944845908,9.722618993130785
Spain 2026,85.1,9.152323853581475,9.124085885928997,9.632790807975983
Spain 2026,85.1,9.22968150524206,9.213317374264467,9.697089881018153
Spain 2026,85.4,9.011884722820831,8.971220174237569,9.540622910415049
Spain 2026,85.5,9.041180239884488,9.002467569589943,9.557762507990164
Spain 2026,85.1,8.83389400690376,8.783388797447305,9.452457344345992
Spain 2026,85.2,8.83100860260906,8.791881295203247,9.493468458766204
Spain 2026,85.2,9.199982947714933,9.179351039012522,9.673494137114073
Spain 2026,85.1,9.439883695397732,9.429564700993664,9.78455146650324
Spain 2026,85.1,9.003086167507368,8.975045397612769,9.585959484232445
Spain 2026,85.4,8.94257924511917,8.910740247053274,9.553721014436151
Spain 2026,85.2,8.90136806066913,8.858911377126681,9.502505910856808
Spain 2026,85.4,9.040168670397527,9.007806927046886,9.58239386364028
Spain 2026,85.2,8.907084554044848,8.869687516322587,9.523324270502421
Spain 2026,85.2,9.235694417400477,9.21531706536421,9.685709324244453
Spain 2026,85.1,8.878639399156025,8.830148886247109,9.475960467336005
Spain 2026,85.5,9.011398703763886,8.981167508898602,9.58083202456854
Spain 2026,85.1,8.959529597967036,8.928763439005566,9.562898912812889
Spain 2026,85.1,8.992314759990238,8.96467383303204,9.583829253323183
Spain 2026,85.1,9.033371475105625,9.003294792162968,9.588151313473976
Spain 2026,85.3,9.006666078976064,8.973681513744655,9.569334258721822
Spain 2026,85.3,9.061904929917173,9.03649851926537,9.613240823478156
Spain 2026,85.3,9.202372166527852,9.182026633128869,9.675427343233409
Spain 2026,85.2,9.001741434359408,8.969776300158495,9.571988466425438
Spain 2026,85.4,9.193675374537847,9.17484303788391,9.677673161490436
Spain 2026,85.3,9.04530608830552,9.014063116903989,9.587601693822403
Spain 2026,85.1,8.963309711448133,8.914231581063648,9.498189282599427
Spain 2026,85.1,8.933040823597235,8.888749626697065,9.506974780940332
Spain 2026,85.1,9.010876763833863,8.982174831430251,9.585985063199157
Spain 2026,85.1,9.078562844907584,9.057130097880593,9.632211526311528
Spain 2026,85.3,9.085584258889787,9.061880182178937,9.626638555374829
Spain 2026,85.2,9.12691656197531,9.105491719536122,9.647440711834111
Spain 2026,85.4,9.142043181428495,9.117801060427395,9.643187457635145
Spain 2026,85.2,9.197725383066528,9.179344419425298,9.680198705170614
Spain 2026,85.1,9.145542014558467,9.116060502706679,9.625845598619502
Spain 2026,85.5,9.203377947408088,9.178178006191235,9.659517892069223
Spain 2026,85.2,8.973970303823931,8.938612828230749,9.549794114404044
Spain 2026,85.4,8.996336115985882,8.960285367495302,9.556986652834116
Spain 2026,85.3,8.988812255401983,8.959212961930985,9.576006500003004
Spain 2026,85.4,8.981643143294075,8.94729533335078,9.557629754499462
Spain 2026,85.1,9.185365003874306,9.166156354644793,9.67367768153369
Spain 2026,85.3,9.115944298003152,9.086521144812592,9.617370828466086
Spain 2026,85.4,9.075616457868922,9.0478767143249,9.609592588600893
Spain 2026,85.3,9.149647760176029,9.124460498884766,9.64117899038191
Spain 2026,85.4,8.74323604624573,8.694494018391389,9.432323716168678
Spain 2026,85.4,8.898075409262228,8.858094171550169,9.511386362002408
Spain 2026,85.1,9.056157640554707,9.025005779696949,9.591788692556564
Spain 2026,85.2,9.181217770682439,9.159038707269762,9.662620735059681
Spain 2026,85.5,9.01114286110785,8.979623364056252,9.576220325265824
Spain 2026,85.1,8.953075860030985,8.918987397053865,9.549718826577129
Spain 2026,85.2,8.922501206157484,8.878645817303308,9.505029576246883
Spain 2026,85.3,9.11592185885466,9.090089524990782,9.629483868707354
Spain 2026,85.1,9.117927338399134,9.091927966099533,9.628592793758955
Spain 2026,85.1,9.231644209071119,9.210537527619806,9.681869632284414
Spain 2026,85.3,8.972647020570143,8.931645559428137,9.532049845363385
Spain 2026,85.3,8.976761046140041,8.937488953472899,9.539037714875809
Spain 2026,85.1,9.108372314068827,9.080541694017064,9.620306665493484
Spain 2026,85.1,8.91054270565641,8.870811221758144,9.516059053082449
Spain 2026,85.2,8.881053552283124,8.844604397194335,9.518554534352031
Spain 2026,85.3,9.027644365536831,9.001056778247914,9.59848497974114
Spain 2026,85.1,9.113565463867609,9.089444064414423,9.634221421788045
Spain 2026,85.5,9.129557110022075,9.106242127528688,9.642054477778451
Spain 2026,85.2,8.935665859654861,8.898048354235101,9.531034816862027
Spain 2026,85.1,8.839740048888592,8.789731985881291,9.457229576264687
Spain 2026,85.2,8.920428409870018,8.883483536094651,9.529106937144547
Spain 2026,85.1,9.18225561618949,9.157816306178901,9.655079862137594
Spain 2026,85.4,8.873805716551868,8.831262880807715,9.493081276321814
Spain 2026,85.2,9.083130206280677,9.052348618499833,9.599664865469721
Spain 2026,85.4,9.101215106939863,9.074046748226666,9.620322416096256
Spain 2026,85.2,8.917534012274688,8.87185746021274,9.497602529508303
Spain 2026,85.4,8.976156401311368,8.943689701307068,9.562127266740575
Spain 2026,85.5,9.09148450719169,9.057943544391247,9.595458773321075
Spain 2026,85.5,8.962765113372374,8.92708870021247,9.546894909687488
Spain 2026,85.3,8.848663597735746,8.80613640918274,9.48645181811913
Spain 2026,85.4,9.303106570538793,9.286489226871375,9.71971401891181
Spain 2026,85.2,9.116240170877251,9.08813126459929,9.621404998036445
Spain 2026,85.2,9.208962353691547,9.18467160315522,9.664361342580666
Spain 2026,85.5,9.022637140475206,8.981165247747583,9.544572805952372
Spain 2026,85.1,8.97463570666513,8.93640339702957,9.541290648267118
Spain 2026,85.3,8.852842080730959,8.811226673979588,9.49098703903066
Spain 2026,85.2,9.228583948310844,9.209785603890325,9.688918655506704
Spain 2026,85.1,9.101099473234433,9.073374133264902,9.618100111417181
Spain 2026,85.2,8.67055766022299,8.614712476542161,9.382713215503792
Spain 2026,85.5,9.12773797020409,9.104167491961444,9.640442942844258
Spain 2026,85.2,9.050288221719242,9.022602008302854,9.601918050390823
Spain 2026,85.2,8.988211282960389,8.959553060873644,9.578962602223957
Spain 2026,85.2,8.816778807446306,8.764860435267934,9.441739864518295
Spain 2026,85.4,8.947969161371734,8.907051811829506,9.523903410030496
Spain 2026,85.2,8.81238496166962,8.761587236059134,9.445028655170605
Spain 2026,85.4,9.090428867241275,9.06147027045687,9.610641433550223
Spain 2026,85.1,9.149304633988109,9.12426009463166,9.642000441943726
Spain 2026,85.3,8.826565483684165,8.782638685792051,9.473970363738392
Spain 2026,85.3,9.062964435746391,9.03908111134015,9.618910359583603
Spain 2026,85.2,9.263785847067423,9.2385679886171,9.676297729746299
Spain 2026,85.4,8.99057239308997,8.95617829761919,9.559917828827025
Spain 2026,85.5,9.105031722988663,9.077638226930045,9.619717072777474
Spain 2026,85.4,9.211391802801609,9.190547440631267,9.676389863764363
Spain 2026,85.3,9.273371971474964,9.25824264115529,9.71499016219768
Spain 2026,85.2,9.100594603938891,9.072904592090772,9.618299324284019
Spain 2026,85.5,9.383101218278858,9.36941245085545,9.755382459246292
Spain 2026,85.2,9.155608510399448,9.129994643280417,9.642634835421035
Spain 2026,85.2,8.955762733189747,8.919992326893396,9.543322426667357
Spain 2026,85.4,9.021228868183048,8.989057517679559,9.576739794966183
Spain 2026,85.5,8.991595659057689,8.956560158652671,9.557363156403248
Spain 2026,85.1,8.782631843955684,8.723297492400645,9.404039973365371
Spain 2026,85.1,9.010058590948539,8.981876423070405,9.587350033789207
Spain 2026,85.2,9.334918279469886,9.321067009834866,9.739112493731499
Spain 2026,85.5,9.098269249061504,9.072935763076645,9.625101999740993
Spain 2026,85.1,9.133266573314385,9.107065215936505,9.633738485086031
Spain 2026,85.1,9.131938606028973,9.107063804096025,9.637656056300512
Spain 2026,85.2,9.089966046876025,9.063426017478971,9.618809396628054
Spain 2026,85.3,9.049356727689414,9.025409754372218,9.614420435390672
Spain 2026,85.5,8.95696642593546,8.92548587988061,9.559529451856557
Spain 2026,85.3,8.816357598854305,8.773753864800993,9.475841219781994
Spain 2026,85.2,9.182987683142454,9.162788340947344,9.669728370105373
Spain 2026,85.3,8.8856709830662,8.847949096191757,9.514839668260347
Spain 2026,85.1,9.024408078863985,8.993459048865704,9.582183809941355
Spain 2026,85.1,9.08187038857551,9.049961082026703,9.597643625452612
Spain 2026,85.4,8.903481203297428,8.86389874546345,9.514117765412585
Spain 2026,85.1,8.868302796762721,8.829727458175489,9.506683117964123
Spain 2026,85.3,8.991803896959897,8.956661363256856,9.556082591119168
Spain 2026,85.4,9.097452328407659,9.073185536919446,9.628447987947244
Spain 2026,85.3,8.821108806695948,8.780128181851039,9.484019085601496
Spain 2026,85.3,8.988696595793886,8.95618179945486,9.56547365346993
Spain 2026,85.5,8.898884060758714,8.863935730189379,9.52913397525063
Spain 2026,85.4,8.962840533653662,8.928520843227476,9.55160895201127
Spain 2026,85.3,8.76690235601323,8.704526931526896,9.381734265021361
Spain 2026,85.1,8.837746652677689,8.79818025469532,9.494114143747503
Spain 2026,85.2,9.23719508613478,9.21373693004525,9.676339884135546
Spain 2026,85.3,9.118385371800455,9.09088105224486,9.624567555879086
Spain 2026,85.4,8.954001420780026,8.915843561019592,9.535666089885177
Spain 2026,85.5,9.07426908380057,9.049618815534421,9.620002800977732
Spain 2026,85.1,9.08964064650653,9.060334730405836,9.609133392731222
Spain 2026,85.1,8.921603123341388,8.887769868817076,9.540516585204944
Spain 2026,85.4,9.102113930747347,9.070299989678931,9.602877333180937
Spain 2026,85.5,9.085925843391049,9.059758518652302,9.617887211229233
Spain 2026,85.4,9.15044667596132,9.126621074737844,9.64620804799343
Spain 2026,85.5,9.092695313532353,9.068676840738059,9.62817123981412
Spain 2026,85.4,9.149699635949565,9.129117041455725,9.657536615550997
Spain 2026,85.1,9.094420834923907,9.071351238812186,9.631577531077816
Spain 2026,85.4,9.241740096579884,9.224059843765598,9.696999709779883
Spain 2026,85.4,9.166232935017408,9.13745410950175,9.633920976905141
Spain 2026,85.1,9.103025777050602,9.076589561387047,9.623367943532198
Spain 2026,85.1,8.988991868428958,8.955922549979947,9.564060132881606
Spain 2026,85.2,9.135187062100451,9.111271264648094,9.641594704873395
Spain 2026,85.3,8.93072192852952,8.89470898087608,9.535461915502362
Spain 2026,85.2,9.068173757896126,9.032397469803788,9.580204833321615
Spain 2026,85.2,9.214529933539305,9.197108569620735,9.68854053086746
Spain 2026,85.3,9.144505416060552,9.118710404775888,9.639141473591081
Spain 2026,85.3,9.083979621895553,9.058212077213653,9.619445461439756
Spain 2026,85.3,8.89093219184388,8.853161765495841,9.51678162555751
Spain 2026,85.3,9.044576783934538,9.013279957381796,9.588014475836392
Spain 2026,85.3,9.004698563854365,8.968449378790638,9.558574013657491
Spain 2026,85.2,9.139795009138185,9.118725323633678,9.652632344466554
Spain 2026,85.3,9.193556243792663,9.173125978725318,9.672344829359536
Spain 2026,85.3,8.730737922026236,8.677088351070237,9.406983030276002
Spain 2026,85.4,9.026201208562249,8.998156741863513,9.593189889055164
Spain 2026,85.1,9.05578931576924,9.024795383748094,9.592446623756684
Spain 2026,85.4,9.015165005909381,8.985443336063678,9.583781134668794
Spain 2026,85.2,9.099397361648426,9.075007392788837,9.628734350566546
Spain 2026,85.5,9.002881288224211,8.974571563782355,9.584657539228012
Spain 2026,85.1,8.814032649139875,8.764192615182845,9.449844152660674
Spain 2026,85.4,9.054628675226281,9.02530848293797,9.597812742181869
Spain 2026,85.4,9.386279771104395,9.36981007493411,9.746795926125337
Spain 2026,85.3,9.049772626625256,9.019482730562329,9.592447011887344
Spain 2026,85.2,9.078935066157825,9.053109638330112,9.617243763819845
Spain 2026,85.2,8.880927966999906,8.83248670157289,9.476108424634111
Spain 2026,85.3,9.218067789162385,9.199813615545228,9.687345942351342
Spain 2026,85.3,9.203998312807485,9.183443011461987,9.675477814168781
Spain 2026,85.1,8.991028013307439,8.951554542225002,9.540924438625218
Spain 2026,85.5,8.926125164247278,8.892219769322645,9.541129717939747
Spain 2026,85.3,9.155364412644511,9.133634184114356,9.655824269519046
Spain 2026,85.1,8.846973623942164,8.80660835378174,9.493703463354406
Spain 2026,85.2,8.858303203406297,8.814024204092325,9.481111356424352
Spain 2026,85.3,9.099236382391814,9.070144378638991,9.613338336573046
Spain 2026,85.5,8.902094333411862,8.865947237965525,9.525914717072519
Spain 2026,85.1,9.135633060621158,9.110628925957698,9.637763943406593
Spain 2026,85.1,9.063572407540468,9.037177350449069,9.61031166379444
Spain 2026,85.3,9.05932588733968,9.0310977612199,9.60278688871275
Spain 2026,85.3,8.9426817525881,8.905003894029553,9.532915582022346
Spain 2026,85.1,9.055578152988266,9.02854300750357,9.605905977968906
Spain 2026,85.2,9.092336216886094,9.065178676284303,9.617556944628715
Spain 2026,85.4,8.801267043665511,8.753931471600444,9.455293472584028
Spain 2026,85.4,9.086178023582313,9.06008683693451,9.618459175394191
Spain 2026,85.4,9.297434712246861,9.280236892650297,9.71612921896049
Spain 2026,85.3,8.888076869891478,8.847492742688045,9.506344082214396
Spain 2026,85.1,9.094037368332478,9.06950512603639,9.626684021827169
Spain 2026,85.3,9.048784398255144,9.016432775925091,9.58530848398888
Spain 2026,85.3,8.908648116032516,8.871852060087921,9.525392398045554
Spain 2026,85.2,9.132556239167751,9.106434112715338,9.633547805154327
Spain 2026,85.1,9.065852441615155,9.038079520418531,9.60644694892424
Spain 2026,85.4,9.106636449677532,9.08507727741257,9.640676772513498
Spain 2026,85.2,8.849350714459078,8.802116773588542,9.468458382990091
Spain 2026,85.2,8.982414454818228,8.950932781798231,9.567753724947458
Spain 2026,85.2,8.97220597526185,8.934968630792241,9.543703728175135
Spain 2026,85.1,9.01546373281856,8.976914344377402,9.5531388210282
Spain 2026,85.1,8.950417649171163,8.915910315084997,9.547268317452097
Spain 2026,85.2,9.127568975617079,9.095844983446323,9.612746292548383
Spain 2026,85.4,8.860040889900066,8.808088397697603,9.456556588533756
Spain 2026,85.5,9.086852750160832,9.062331588159688,9.624450307365702
Spain 2026,85.4,8.856219745576288,8.800634969521806,9.440760090631402
Spain 2026,85.3,8.886341628092437,8.850877584471677,9.523281623772721
Spain 2026,85.4,8.961341622063198,8.924059115708555,9.538807056704648
Spain 2026,85.2,9.160906217403964,9.135836432511407,9.645548232023328
Spain 2026,85.4,9.078685257708766,9.05279093937434,9.616837224478726
Spain 2026,85.2,8.88149117207243,8.836781963828997,9.487839777318271
Spain 2026,85.2,8.980580650518284,8.942467204547711,9.543781193337635
Spain 2026,85.5,9.017191697260445,8.978162482881677,9.549976728333343
Spain 2026,85.5,9.142020256774547,9.116175837206345,9.637864565446797
Spain 2026,85.5,9.100325742235965,9.0772091140609,9.633313483671131
Spain 2026,85.2,9.046172283904355,9.018649497875744,9.601513046003113
Spain 2026,85.5,9.038702896210575,9.010708886400415,9.596898509351057
Spain 2026,85.1,9.002525236832593,8.972260965508523,9.578343721178559
Spain 2026,85.3,9.114131300358093,9.089438246755657,9.632694207125871
Spain 2026,85.3,9.19435791209939,9.171095083183575,9.663090961441469
Spain 2026,85.3,9.043151959055539,9.015087953387392,9.598745645912206
Spain 2026,85.3,9.05414872997602,9.026720060367026,9.603629506341623
Spain 2026,85.5,9.164826233459934,9.140611005096055,9.65061003207535
Spain 2026,85.5,8.852537694294782,8.812740453108406,9.49796134355794
Spain 2026,85.2,9.236723774190468,9.219008823406142,9.695181068407564
Spain 2026,85.1,9.160177562716758,9.135005150291924,9.645618473754459
Spain 2026,85.2,9.114220415412138,9.085662164414368,9.619096669083278
Spain 2026,85.2,8.735610526079718,8.686813822888261,9.428821021032963
Spain 2026,85.3,8.982033880257012,8.95115111226431,9.569815002680526
Spain 2026,85.3,9.107466564498095,9.074198808129003,9.600938918562708
Spain 2026,85.2,9.165067946104163,9.14409815510695,9.660985262715156
Spain 2026,85.1,8.927902102840177,8.894743662082565,9.54447886601258
Spain 2026,85.1,9.212122036500496,9.186393662994101,9.660701409312614
Spain 2026,85.1,9.089086461976237,9.067448584432192,9.634801160557258
Spain 2026,85.5,8.975382022284863,8.933780603680377,9.52988262213268
Spain 2026,85.1,8.98561344942559,8.952304871493261,9.561896728050693
Spain 2026,85.3,9.158310550391889,9.136200202953212,9.655209673309075
Spain 2026,85.1,8.94895091867191,8.917870086625447,9.55839045611386
Spain 2026,85.1,8.954395527859768,8.919147537000448,9.545795062523531
Spain 2026,85.4,9.140423488802483,9.11864198807917,9.650337733347214
Spain 2026,85.2,8.772611751819566,8.71789455301106,9.415716787680187
Spain 2026,85.4,9.00575796878677,8.97557917792448,9.579051238764615
Spain 2026,85.1,8.914789225647763,8.879647026726902,9.533947542429908
Spain 2026,85.4,8.943929179814287,8.912438131484517,9.555332775071749
Spain 2026,85.2,8.860400178791071,8.821070163195474,9.501701520529636
Spain 2026,85.5,9.129880934496546,9.10795428355927,9.646731180840272
Spain 2026,85.1,8.945760890563752,8.909578971333952,9.539213017588702
Spain 2026,85.1,8.872851999314559,8.831443248358068,9.498683760118961
Spain 2026,85.4,8.861353150476305,8.825002598022026,9.51281699535473
Spain 2026,85.2,9.112768542327002,9.084339389760407,9.618660959080305
Spain 2026,85.3,8.960499127546536,8.926484972892485,9.552346045860874
Spain 2026,85.2,9.135986642404141,9.109570614875116,9.633820050238032
Spain 2026,85.4,8.84215676744414,8.790373444771026,9.446552448835652
Spain 2026,85.5,9.14134793499626,9.118757192910307,9.648050792255637
Spain 2026,85.4,9.138206814246924,9.113000644729516,9.638613653122329
Spain 2026,85.1,8.986668094354274,8.956649803547936,9.573997504030444
Spain 2026,85.3,8.79978052083542,8.75692828766886,9.470670704455289
Spain 2026,85.4,9.037292552917062,9.009191197786341,9.59661375411423
Spain 2026,85.1,9.229511516307765,9.212945921196264,9.696278104924158
Spain 2026,85.1,8.95236865120641,8.913569829082569,9.53259983930364
Spain 2026,85.1,9.057772317079333,9.02898863950813,9.599891639399072
Spain 2026,85.1,8.641765153802943,8.586354115487238,9.376833511777285
Spain 2026,85.1,8.989495426846593,8.951521310018762,9.544332047606218
Spain 2026,85.2,9.173461675821233,9.148253721670622,9.648485717395463
Spain 2026,85.4,9.280596497487537,9.264714785425216,9.715208890746764
Spain 2026,85.1,8.729673207909856,8.678402387171497,9.41700535919958
Spain 2026,85.4,9.212197774923204,9.19225942128888,9.679869897133058
Spain 2026,85.3,9.157269286150806,9.13356543155067,9.649419639355992
Spain 2026,85.5,9.155009980451258,9.130822416392416,9.64686740726528
Spain 2026,85.3,9.030538619796971,8.992746443684554,9.56100101310135
Spain 2026,85.5,8.960976077559145,8.924648412004833,9.543531629303443
Spain 2026,85.3,9.025518582012701,8.995983021676974,9.58820196096704
Spain 2026,85.4,8.749559106981762,8.70263472529771,9.44007054416259
Spain 2026,85.3,9.259476473367075,9.239568350800857,9.69488417078648
Spain 2026,85.3,9.03081200389385,8.999826268608981,9.583840897121696
Spain 2026,85.1,9.029202304723809,9.001312956831537,9.594666136504774
Spain 2026,85.4,9.097740632144728,9.070241033143024,9.617940168550598
Spain 2026,85.3,8.928131236876574,8.894217821703114,9.541795661572074
Spain 2026,85.4,9.26924049968563,9.250707117002358,9.702582374266669
Spain 2026,85.1,9.162020842990229,9.138169660438871,9.650903230086133
Spain 2026,85.4,8.948239345838289,8.916821176471373,9.557045962600226
Spain 2026,85.1,8.63545744965396,8.578396116755977,9.368650499138276
Spain 2026,85.3,9.143203517048285,9.116088336056785,9.633896090069804
Spain 2026,85.2,8.96012422884147,8.926027671620055,9.551216048062432
Spain 2026,85.1,9.072895128499878,9.044943493303325,9.607180923558206
Spain 2026,85.1,8.970846190445316,8.938638982947786,9.561592016905982
Spain 2026,85.1,8.983622976184355,8.942452430914553,9.53204980292254
Spain 2026,85.1,9.07140390792714,9.04247372694985,9.604190206564224
Spain 2026,85.2,8.895003736100882,8.861433746821195,9.53312244325356
Spain 2026,85.5,9.146121212970941,9.121860685815623,9.643848011300806
Spain 2026,85.2,8.747216213747556,8.696862019864147,9.427525881745819
Spain 2026,85.2,9.126815214417617,9.102841644907123,9.639238609507053
Spain 2026,85.2,9.134930828746633,9.110333803266187,9.639491813711219
Spain 2026,85.2,9.118440231702813,9.087975384893248,9.61311549295581
Spain 2026,85.2,8.77762246403979,8.734449564496845,9.462939964227175
Spain 2026,85.1,9.026185932661665,8.999002653525789,9.596092804191297
Spain 2026,85.1,8.9469214893142,8.912516800794968,9.545963628457496
Spain 2026,85.2,9.216126872995666,9.195091908101093,9.677848256052034
Spain 2026,85.1,9.049068243723465,9.018144737316444,9.590427958678113
Spain 2026,85.5,9.275967411911127,9.259399773701972,9.711432650614649
Spain 2026,85.4,9.100811278188818,9.073777818243165,9.620415978871755
Spain 2026,85.3,9.247825715920198,9.23011126604465,9.698889080505527
Spain 2026,85.2,8.863409522770546,8.82131327631938,9.492598228648168
Spain 2026,85.2,9.160499420981017,9.134491955155951,9.643084149792735
Spain 2026,85.2,8.781557883028167,8.732010167230396,9.44053604796154
Spain 2026,85.4,8.788940769782988,8.745435644942905,9.464756565213504
Spain 2026,85.1,9.137188622330441,9.114893890415193,9.648157907342815
Spain 2026,85.1,8.945594752522748,8.90786933360394,9.534260302374129
Spain 2026,85.1,8.817910729590004,8.773576892878157,9.470851668572704
Spain 2026,85.3,8.990452660042997,8.955273226175287,9.555670637725797
Spain 2026,85.1,8.987483167619327,8.954192459601595,9.563280588478168
Spain 2026,85.1,8.934093021888685,8.897583986120456,9.534851459605832
Spain 2026,85.2,8.969794038558454,8.934903321158487,9.550947932274395
Spain 2026,85.1,8.968652491382468,8.926877138519005,9.524476961091684
Spain 2026,85.3,8.833273541483798,8.787239064876848,9.469375062843223
Spain 2026,85.1,8.919230916231054,8.87627918251983,9.507959162561075
Spain 2026,85.3,9.073839516147332,9.04356171672777,9.601182369047343
Spain 2026,85.5,9.240680010557433,9.222145836866549,9.692841082745412
Spain 2026,85.3,8.99272283185387,8.961418369670376,9.571268500259826
Spain 2026,85.3,9.134197671710062,9.108799949350912,9.636591809109843
Spain 2026,85.1,9.162167906101526,9.140132562207825,9.6568253603892
Spain 2026,85.2,8.724128986487077,8.665888337695295,9.391072247289765
Spain 2026,85.5,9.003484450674412,8.968270791126784,9.56170976314748
Spain 2026,85.1,9.199687926490181,9.174805814086863,9.658636982829703
Spain 2026,85.5,8.938171223458411,8.899107457674042,9.527265438218024
Spain 2026,85.3,9.082798393837088,9.051463253602519,9.600816939390661
Spain 2026,85.1,8.914330301458529,8.873059495672331,9.512079588728149
Spain 2026,85.1,9.111900476547701,9.086116089369657,9.628172104372902
Spain 2026,85.1,8.801287418208734,8.754066665421403,9.454470844628354
Spain 2026,85.3,9.122959536267377,9.10090392318321,9.643571626209935
Spain 2026,85.2,9.208078682308203,9.188940643137128,9.681159858920594
Spain 2026,85.2,9.075399849953076,9.050797942471577,9.620240173379802
Spain 2026,85.3,8.734089110110656,8.684186453208023,9.42439543105516
Spain 2026,85.2,9.105299520331725,9.077945756839656,9.6199667942565
Spain 2026,85.4,9.273158419457012,9.252459291657155,9.696104403544027
Spain 2026,85.4,9.05382138052322,9.024428942560544,9.596416277459015
Spain 2026,85.2,8.976056494863158,8.942524778076798,9.557867171737596
Spain 2026,85.2,9.031816503931687,8.991401516932207,9.551292071859038
Spain 2026,85.3,9.104858570235386,9.078339138542422,9.623301256147638
Spain 2026,85.5,8.915536172192715,8.87124554451179,9.500351179281143
Spain 2026,85.1,8.868423394061178,8.829120708132557,9.503301346095332
Spain 2026,85.1,9.21914522119822,9.194686450697159,9.666870950454777
Spain 2026,85.5,8.86417519542859,8.823837823575811,9.499660163080604
Spain 2026,85.3,9.077783172483553,9.049314603794098,9.608303022577676
Spain 2026,85.5,8.993525284238142,8.962798929425595,9.573514232857438
Spain 2026,85.2,8.708863690255964,8.658660666012455,9.41647323455885
Spain 2026,85.2,9.159615400869164,9.128999886225195,9.62668206588269
Spain 2026,85.1,8.763188136209335,8.718626135205827,9.453429704693294
Spain 2026,85.1,9.046718970154718,9.012365304969297,9.577688140130418
Spain 2026,85.2,8.712245913852158,8.661028105476124,9.412110313377045
Spain 2026,85.3,8.9754902446806,8.943550588724072,9.563701946206152
Spain 2026,85.4,8.99489161497652,8.954032267785102,9.536669595778127
Spain 2026,85.1,8.983901710413818,8.949564881498342,9.557207649042162
Spain 2026,85.4,9.054548493835457,9.028009067012983,9.607034856202512
Spain 2026,85.2,9.159487192215787,9.131569912902016,9.635403206812722
Spain 2026,85.4,8.877752125455196,8.838968679036537,9.509207375598443
Spain 2026,85.1,9.28157572049801,9.266498152010298,9.717973544545123
Spain 2026,85.1,8.96643083381108,8.930423708806565,9.54613672058069
Spain 2026,85.1,8.970734214959608,8.93707657467646,9.556177153024478
Spain 2026,85.4,9.132108863765682,9.10631105947158,9.634927487444234
Spain 2026,85.2,8.9808469245148,8.946645582055075,9.557970681468825
Spain 2026,85.3,9.067323731324894,9.035658985590146,9.593432874442572
Spain 2026,85.3,8.783384535558481,8.740061024897358,9.463987027540085
Spain 2026,85.2,8.982326072300443,8.951037269604592,9.568027173902557
Spain 2026,85.1,9.033196304795032,9.002551285128188,9.586132950764888
Spain 2026,85.4,8.75810316993294,8.707189199400895,9.429267612279055
Spain 2026,85.1,9.112995974614543,9.087243722345562,9.628995134782526
Spain 2026,85.4,8.904475031287273,8.86160956930099,9.500244606884923
Spain 2026,85.1,8.811059464589796,8.76706282786446,9.470282002296814
Spain 2026,85.4,9.326294312120407,9.307016908369489,9.71862528035568
Spain 2026,85.3,9.002745035505631,8.975272515277839,9.58780277105085
Spain 2026,85.3,8.971007815940032,8.935545693810878,9.549200761395106
Spain 2026,85.4,9.03782800380653,9.002881877007358,9.573110540950108
Spain 2026,85.1,9.097312893467896,9.072966270829697,9.628361473723347
Spain 2026,85.1,8.950516993411048,8.915612575391918,9.54575957622491
Spain 2026,85.2,9.2025766366735,9.178261347021811,9.662322054154128
Spain 2026,85.2,9.072115969006916,9.04514348051104,9.611021949461911
Spain 2026,85.2,8.970125929073596,8.93147768935304,9.53960626967591
Spain 2026,85.3,9.083218516164639,9.050044287168074,9.593180928309245
Spain 2026,85.1,9.199177139455657,9.176683352658065,9.66677811346366
Spain 2026,85.4,9.05947729585928,9.021228633002536,9.567435308278284
Spain 2026,85.1,8.960828874407268,8.927798882841522,9.555277059433553
Spain 2026,85.1,9.07463531151089,9.049050631478014,9.617089032723257
Spain 2026,85.2,9.185921386724438,9.163336381181399,9.662440620965556
Spain 2026,85.2,9.110059635505984,9.08619384840753,9.63416642126888
Spain 2026,85.2,9.166874362960918,9.139684777644897,9.641041369460012
Spain 2026,85.1,8.808985342834937,8.761053085163928,9.454355325827557
Spain 2026,85.4,9.103480597974617,9.075345566684241,9.616882209217678
Spain 2026,85.1,9.058088680688934,9.032562412173178,9.611880615459523
Spain 2026,85.5,9.009757995482024,8.982885754699437,9.592077041629546
Spain 2026,85.4,9.258353719560773,9.24174444441184,9.705559450139097
Spain 2026,85.2,9.179308394282868,9.159705846819651,9.67021270166913
Spain 2026,85.4,9.067653128805828,9.043128114542704,9.61805757889426
Spain 2026,85.1,8.929680369530722,8.886795393299858,9.510379756202925
Spain 2026,85.1,9.166911608880353,9.141028408445822,9.644107090750813
Spain 2026,85.1,8.99454178944609,8.963149283585635,9.570473680912286
Spain 2026,85.1,9.206966452968206,9.183063121461915,9.66481922219131
Spain 2026,85.5,8.800622647353922,8.755397625732863,9.46168879558938
Spain 2026,85.3,9.063355535261914,9.0354661412838,9.605226170086922
Spain 2026,85.1,9.038350653906818,9.008990188000244,9.592254087262171
Spain 2026,85.2,9.16947828643609,9.145853916857465,9.653815545543132
Spain 2026,85.5,9.377552947930845,9.365247909251762,9.758155323697718
Spain 2026,85.2,9.199786538071216,9.172503158585817,9.651535468806614
Spain 2026,85.5,8.969651003992388,8.93242175707917,9.541830098613653
Spain 2026,85.3,9.005639826680234,8.97038204497994,9.561426926052235
Spain 2026,85.1,8.67038966346848,8.605512965276354,9.346394171221672
Spain 2026,85.1,9.129626967820961,9.107297862630237,9.64497732767984
Spain 2026,85.1,9.152179823444023,9.126789326489014,9.642347847602743
Spain 2026,85.4,8.962418808625149,8.924783004920691,9.538998103012604
Spain 2026,85.1,8.829878015568829,8.791465586532464,9.495742903086358
Spain 2026,85.4,9.05608405468892,9.029064290773476,9.60608069974226
Spain 2026,85.1,8.74375351017537,8.695113339819523,9.432827425404486
Spain 2026,85.1,8.957498906719106,8.9247164982444,9.554052820368756
Spain 2026,85.3,8.966060476994159,8.933637806030637,9.558881076590213
Spain 2026,85.2,8.974571291417613,8.940608466676947,9.555706544103446
Spain 2026,85.5,9.081768689162107,9.054281179116094,9.612196226257067
Spain 2026,85.1,8.838633541486784,8.797690900235562,9.489095108815782
Spain 2026,85.3,9.350177919742707,9.335282856601111,9.740286765973181
Spain 2026,85.3,9.052373439521265,9.018067601707106,9.579734942206711
Spain 2026,85.5,8.933138819521742,8.8994262065479,9.544157966760054
Spain 2026,85.1,8.806014907019371,8.767233457562964,9.487035210352257
Spain 2026,85.5,9.19366171974876,9.170081333423536,9.662139933208696
Spain 2026,85.4,9.130879336475367,9.10600204013765,9.637435372696727
Spain 2026,85.3,9.187780957392507,9.164081826097124,9.659719424839002
Spain 2026,85.1,9.168542610728899,9.14600652716835,9.657140668163018
Spain 2026,85.2,8.943306063071057,8.901833978369297,9.518579552435455
Spain 2026,85.4,9.124248633659803,9.100814113253486,9.639544364546163
Spain 2026,85.4,9.019136747228801,8.980598974119276,9.552241823104477
Spain 2026,85.5,8.74290766806807,8.698932031315946,9.449401513946437
Spain 2026,85.4,8.99493528877704,8.957739891910478,9.55075203782929
Spain 2026,85.1,9.066106317933007,9.040258174364105,9.613028590867348
Spain 2026,85.5,9.203587434452507,9.184058581920468,9.678526806539447
Spain 2026,85.1,9.038112332211881,9.006597352971825,9.584326577995496
Spain 2026,85.2,9.196604513288545,9.174236135687423,9.666970366691798
Spain 2026,85.1,9.01967167141717,8.991375700646685,9.590414858011613
Spain 2026,85.3,9.056703569416138,9.029915404513114,9.606768798878718
Spain 2026,85.5,9.146153739043314,9.121624044153542,9.643827118796226
Spain 2026,85.5,8.793784348471235,8.742002514005522,9.433346915407812
Spain 2026,85.3,8.973490765558287,8.939418323707217,9.555423606540142
Spain 2026,85.1,9.337312352146135,9.323277587855557,9.738943395501883
Spain 2026,85.3,8.831035815607903,8.792723938231985,9.496657090404229
Spain 2026,85.4,8.903559892264454,8.86301579383545,9.510251737313938
Spain 2026,85.2,8.676353776226302,8.611168913865036,9.347025003929634
Spain 2026,85.2,9.134490595652684,9.112499219499746,9.64780883852399
Spain 2026,85.2,9.126267572900439,9.099800941801433,9.629566583429538
Spain 2026,85.2,8.998860338153769,8.962615793967464,9.55611986171715
Spain 2026,85.3,8.955203413130844,8.91762046578225,9.538051093158726
Spain 2026,85.4,9.11598344103304,9.091765500183822,9.634902222867412
Spain 2026,85.1,9.002317156199735,8.972767896751678,9.580625372248884
Spain 2026,85.1,9.112233171266006,9.08969814735564,9.63917730978048
Spain 2026,85.5,9.043000530628234,9.016469663938162,9.603710701945365
Spain 2026,85.1,8.784577618129564,8.736422468500308,9.444364257114476
Spain 2026,85.4,8.931576918227552,8.8918558526838,9.523334490384912
Spain 2026,85.3,8.606775100812083,8.543805419267196,9.33666319330677
Spain 2026,85.5,9.312319166825972,9.298796579691679,9.733022621149276
Spain 2026,85.3,9.143157599444878,9.123572681685154,9.658937188255496
Spain 2026,85.1,9.273133044333356,9.25856222488471,9.716830939205941
Spain 2026,85.4,8.760648240209504,8.71105719055669,9.434043224554063
Spain 2026,85.1,9.034672505609496,9.003982873787148,9.586335995276174
Spain 2026,85.5,9.219845690793345,9.200401992711491,9.683962927475996
Spain 2026,85.1,8.904619613709013,8.870917772014867,9.535703197477828
Spain 2026,85.4,9.167597564063726,9.142620466992964,9.649138402393225
Spain 2026,85.4,8.982872711826397,8.95364302224436,9.575649866454745
Spain 2026,85.2,9.211384187946807,9.188886783127243,9.6709204569371
Spain 2026,85.5,9.071003491880054,9.038923746711236,9.593738832846011
Spain 2026,85.5,9.100660074700698,9.0720190117527,9.614947040562432
Spain 2026,85.2,8.981229813177656,8.947642049354068,9.559060001374212
Spain 2026,85.2,9.246340525427922,9.226211069892054,9.69001720196313
Spain 2026,85.3,9.02837475346815,9.003678255751009,9.60526545793824
Spain 2026,85.2,8.993635568648862,8.95797160503985,9.556894658272135
Spain 2026,85.5,9.061922615075067,9.035766150424307,9.610706152590959
Spain 2026,85.2,8.98285767400025,8.942254798417839,9.533460174052314
Spain 2026,85.1,9.091858019249713,9.065468906416992,9.619796756388538
Spain 2026,85.2,9.192478759124578,9.173618356943216,9.67695977995988
Spain 2026,85.4,8.948367727588263,8.901598861906484,9.49799670412316
Spain 2026,85.5,9.26844175519623,9.25092519903106,9.706067909948846
Spain 2026,85.1,9.099798333747012,9.069492936938218,9.60902682979057
Spain 2026,85.2,8.957672266374201,8.92566420561103,9.558197331463074
Spain 2026,85.2,8.994883912540505,8.955914460507808,9.546176850898135
Spain 2026,85.1,8.922305639865755,8.88302848231262,9.52116000536629
Spain 2026,85.3,9.132697056712704,9.110569823141327,9.646954474054416
Spain 2026,85.3,9.288260957162471,9.270435034561471,9.710966707427847
Spain 2026,85.3,9.118092346469195,9.093380132387384,9.633212769125532
Spain 2026,85.4,8.78653616589962,8.742475995466211,9.461924382421287
Spain 2026,85.3,8.994321641511839,8.963400301036936,9.573226047305647
Spain 2026,85.3,8.974863544759778,8.935860107132749,9.537860650304177
Spain 2026,85.1,9.060908982231004,9.031018609914653,9.598458813577569
Spain 2026,85.4,8.826203465544882,8.787220808894741,9.492152949101452
Spain 2026,85.3,9.032514425901105,9.007919413368077,9.607010334238632
Spain 2026,85.4,9.12507890288297,9.098595933457116,9.629417830678294
Spain 2026,85.1,8.782938865233053,8.728898984432428,9.422307633433268
Spain 2026,85.3,8.923313539768289,8.88655325733781,9.530522787723562
Spain 2026,85.2,9.131525787272693,9.10593439486481,9.635294714417995
Spain 2026,85.1,9.068554287483945,9.03958690480745,9.60359644611523
Spain 2026,85.2,8.919078620382354,8.884167936554512,9.535649814620893
Spain 2026,85.3,8.98284671844159,8.948747602253428,9.559236168859968
Spain 2026,85.3,8.924876747189286,8.885517242655544,9.522043217895371
Spain 2026,85.2,8.909209628732505,8.872905822389187,9.527376799936691
Spain 2026,85.3,9.003668166221548,8.968920098893072,9.563076688356547
Spain 2026,85.2,9.054984416591893,9.026395706449716,9.600920436938509
Spain 2026,85.4,8.998543719747117,8.959137728498645,9.545262814832258
Spain 2026,85.4,8.998820660437545,8.963418060752701,9.559157731721548
Spain 2026,85.3,8.876143584877024,8.824995479228273,9.465288605773601
Spain 2026,85.4,9.09962183397561,9.072093379858208,9.617684874099833
Spain 2026,85.2,9.049176679875329,9.021067137762117,9.600049808937143
Spain 2026,85.4,9.044419989520614,9.016452079773302,9.599577591771887
Spain 2026,85.4,9.05581899398516,9.030364116385563,9.61133189171086
Spain 2026,85.4,8.956182117710272,8.916366049597228,9.528890705269632
Spain 2026,85.5,8.918765355908842,8.881210456591786,9.526702726476122
Spain 2026,85.2,9.328610282926649,9.310398330054229,9.723086682500476
Spain 2026,85.1,9.103304952099961,9.077931596461411,9.626413112442407
Spain 2026,85.4,9.026996122010724,8.994887908392792,9.579583465078898
Spain 2026,85.1,8.88790304277329,8.84757156043687,9.506934751900683
Spain 2026,85.3,9.064191313912087,9.040976381672287,9.62174666787009
Spain 2026,85.3,9.027450375079981,8.993092181373642,9.57193967760109
Spain 2026,85.1,9.199319526413111,9.176160304829686,9.66445302089586
Spain 2026,85.2,8.821533952858966,8.780268659212304,9.483000118877774
Spain 2026,85.4,9.064313778583088,9.03926990688207,9.615565081074003
Spain 2026,85.1,8.903935512355929,8.861368115848027,9.50142237358712
Spain 2026,85.3,8.952977746636652,8.916081399538575,9.538010866290854
Spain 2026,85.1,8.78732658032525,8.743170889924128,9.461341403517903
Spain 2026,85.5,9.094094749582037,9.06140443082496,9.598346605208464
Spain 2026,85.2,9.020877550850303,8.985941821266941,9.5666669195565
Spain 2026,85.4,8.809490960306313,8.75950284714783,9.445044704521315
Spain 2026,85.2,9.038329243751782,9.010557364940537,9.598042036667458
Spain 2026,85.3,9.079319866644946,9.054127889720222,9.619624587427566
Spain 2026,85.1,9.302838953049132,9.282858203726313,9.708435999167282
Spain 2026,85.4,8.899200165046672,8.850666461337692,9.476756495476598
Spain 2026,85.4,9.071682846795868,9.043384926919888,9.606725020343385
Spain 2026,85.1,9.0455058899572,9.016971182692968,9.59677838897686
Spain 2026,85.1,8.968006015728193,8.937151972626731,9.56515720709983
Spain 2026,85.3,9.137142375356422,9.109395613219712,9.629084489369125
Spain 2026,85.2,9.135299130985842,9.10878553019885,9.632318064689583
Spain 2026,85.1,9.048317728549659,9.01613167159052,9.586356835085647
Spain 2026,85.5,8.99894650606926,8.962227662661126,9.554813317335231
Spain 2026,85.1,9.195162275643982,9.177502645384008,9.681682960626652
Spain 2026,85.3,9.147637466179132,9.1212326605729,9.636647997225518
Spain 2026,85.5,9.056284190734354,9.026199044156954,9.595491033703214
Spain 2026,85.3,9.073028721282784,9.045708115667823,9.6106055920143
Spain 2026,85.5,9.10283876314193,9.069881843020598,9.600879245021698
Spain 2026,85.2,9.14229767469246,9.122781526593624,9.658854457832557
Spain 2026,85.4,8.963490934211382,8.931383561488015,9.558929684452727
Spain 2026,85.4,9.020026222737945,8.985780158876045,9.569193092258267
Spain 2026,85.3,8.972671288710602,8.941178388929908,9.5645956738561
Spain 2026,85.1,9.029114975806788,8.997025056653746,9.57886741739391
Spain 2026,85.4,8.895276634254007,8.860853295108948,9.530221980349461
Spain 2026,85.1,8.956400544277031,8.913701012073673,9.517021227829616
Spain 2026,85.4,8.945153807406143,8.906946527338496,9.532396890723732
Spain 2026,85.1,9.006073461002789,8.975139977695205,9.576975183387136
Spain 2026,85.1,9.002323135094425,8.966433353079795,9.559311454581422
Spain 2026,85.5,9.12943919799657,9.10415972915318,9.63557932869306
Spain 2026,85.4,8.93656034830406,8.90317692973957,9.546693675658386
Spain 2026,85.3,8.816641763436026,8.77006164180086,9.461751166499518
Spain 2026,85.4,8.914020761586448,8.878247026673566,9.530431511961389
Spain 2026,85.2,8.949565980737193,8.915480057901284,9.54847538411708
Spain 2026,85.2,9.106817068552779,9.082432605046115,9.630932090791578
Spain 2026,85.1,9.188843368060981,9.164229528562204,9.656206180872129
Spain 2026,85.3,8.981350984476492,8.944386370662095,9.547936531421481
Spain 2026,85.2,9.223230320081868,9.203476100839813,9.683799936449144
Spain 2026,85.2,8.930590242410982,8.888251208652868,9.513853635999936
Spain 2026,85.1,8.787174657078983,8.73917541244682,9.44651664716022
Spain 2026,85.5,8.959900222171086,8.916329024204808,9.517604948346449
Spain 2026,85.5,9.306659012708284,9.29121209151879,9.724697357089951
Spain 2026,85.3,8.9172313535764,8.878444481811552,9.519956324010423
Spain 2026,85.5,9.052716049902784,9.024226647442962,9.59999361012713
Spain 2026,85.2,8.980385692486895,8.947928511635867,9.56315041987574
Spain 2026,85.2,8.908747541228578,8.870122045115053,9.518048675373711
Spain 2026,85.5,8.841522463876638,8.802145308760815,9.496167150210328
Spain 2026,85.5,9.115970669848716,9.085502516830022,9.613393407005661
Spain 2026,85.1,8.86634496181976,8.820721413905643,9.481049194365326
Spain 2026,85.3,9.022156929742874,8.996011028530544,9.598002694859884
Spain 2026,85.2,8.850153310326835,8.805106427877117,9.47702738208694
Spain 2026,85.4,8.942587450194562,8.91001249060423,9.551069016278648
Spain 2026,85.1,9.273641007882143,9.256081890493652,9.707670213098483
Spain 2026,85.2,8.96031099587595,8.928565431445517,9.559704326445868
Spain 2026,85.1,8.978782666403811,8.94772026256968,9.568052146006533
Spain 2026,85.3,9.152325167902118,9.123711094120841,9.629419367335515
Spain 2026,85.1,9.051565113494869,9.011480201377836,9.559777665191126
Spain 2026,85.3,8.93436824038274,8.90135108081499,9.546905200635608
Spain 2026,85.4,8.998795798081382,8.966067228083134,9.568522024466105
Spain 2026,85.2,8.926779121681701,8.888767261561657,9.527450175309726
Spain 2026,85.2,8.89090590272882,8.854231810593536,9.52106063721845
Spain 2026,85.4,8.865520075056711,8.822963389890923,9.491738420712077
Spain 2026,85.4,9.078810711827636,9.049822573517215,9.606367863104099
Spain 2026,85.4,9.059138874800762,9.032959914066726,9.610078506699898
Spain 2026,85.4,8.967871783358069,8.929796874196667,9.537697923884194
Spain 2026,85.1,9.084666260909264,9.059522433560383,9.621425472493623
Spain 2026,85.1,9.216330818622684,9.195455015598846,9.67801043382438
Spain 2026,85.1,9.065092117944621,9.033467312945993,9.590913322271284
Spain 2026,85.2,9.043950278015204,9.01119922053512,9.581606568931846
Spain 2026,85.1,9.024987171397889,8.994034540310796,9.582355905128415
Spain 2026,85.1,8.795359883009782,8.750775186756771,9.462105695006066
Spain 2026,85.1,8.879336878139872,8.836251504738964,9.494126538424998
Spain 2026,85.4,8.959390440088434,8.925490518546235,9.551830335332532
Spain 2026,85.2,8.687077395710634,8.640506762107504,9.423088805671885
Spain 2026,85.2,8.960830586040833,8.925800320814542,9.548013043089211
Spain 2026,85.1,9.0981494414126,9.07186056090157,9.622066550200836
Spain 2026,85.2,8.95766848551644,8.916064067004882,9.525089189744818
Spain 2026,85.3,9.108148844569424,9.078171599401832,9.61245211622946
Spain 2026,85.1,8.791649877711786,8.738788047779313,9.43154437728397
Spain 2026,85.3,8.970046859077156,8.938282426235975,9.562064329611877
Spain 2026,85.5,9.35920460261362,9.346048392124832,9.74953964657063
Spain 2026,85.3,8.926627925834923,8.89169429049393,9.537976714602449
Spain 2026,85.2,9.139192273561541,9.111998292466971,9.630868495689546
Spain 2026,85.3,8.989560287912306,8.955860656296835,9.56207044561271
Spain 2026,85.1,8.819954964836553,8.777682642045676,9.478917485900263
Spain 2026,85.2,9.011019314159764,8.979602425728649,9.576383291696175
Spain 2026,85.5,8.972509824268402,8.942839878038193,9.570410329122065
Spain 2026,85.1,9.155789373859486,9.127417432075868,9.633005725945269
Spain 2026,85.5,9.214332924550227,9.192441397706192,9.674132218488454
Spain 2026,85.3,9.090231921574826,9.065587769400096,9.624516641569883
Spain 2026,85.1,9.156122429502476,9.131240674466842,9.64562012774712
Spain 2026,85.5,9.011205326805134,8.98098346829078,9.580757181860012
Spain 2026,85.2,8.974244719998076,8.941554013481788,9.560703990130403
Spain 2026,85.1,8.887788299689909,8.849954286692324,9.515973498597972
Spain 2026,85.4,9.035086518152546,9.008279823859413,9.600002209905597
Spain 2026,85.2,8.917676654971894,8.868790540643165,9.484383597999335
Spain 2026,85.2,8.923613010951211,8.885892779331591,9.52721029682338
Spain 2026,85.3,9.084193493662045,9.056508628567483,9.612888377920154
Spain 2026,85.1,9.025751022013658,8.995153594844616,9.583508076483952
Spain 2026,85.3,9.059104919474342,9.027483118889002,9.589987812767852
Spain 2026,85.1,8.974550559252638,8.946931817749942,9.578512034181864
Spain 2026,85.1,8.647855791491256,8.58726803720774,9.356674403138287
Spain 2026,85.3,9.07368307956794,9.044569210388621,9.604869261662973
Spain 2026,85.5,9.206527184012227,9.188034874573566,9.682743170341215
Spain 2026,85.2,9.112512825680039,9.085262243315208,9.62275321618214
Spain 2026,85.1,8.9040105748696,8.852910260431145,9.473483858422316
Spain 2026,85.1,8.84070370609616,8.798600901719528,9.486374181704546
Spain 2026,85.2,9.136336327087403,9.111163584966867,9.63778672714143
Spain 2026,85.3,8.86084136585054,8.818459962549122,9.490652017906287
Spain 2026,85.5,8.857177361924203,8.814078008905256,9.486461153344269
Spain 2026,85.1,8.970027348702299,8.935686942525894,9.552924723040723
Spain 2026,85.1,9.026067835081307,8.997929380119276,9.593092883240498
Spain 2026,85.1,9.142014422649865,9.121858565241954,9.656697908662824
Spain 2026,85.1,9.132288292590113,9.108101574908284,9.639598803647466
Spain 2026,85.2,8.9677059825173,8.939272094898058,9.573522113795388
Spain 2026,85.1,9.182295894202309,9.161924625731643,9.66857694350318
Spain 2026,85.1,9.157420857865064,9.132471799579774,9.644706869156712
Spain 2026,85.4,9.163874956048158,9.142382664036575,9.659206077881642
Spain 2026,85.4,9.149368864552018,9.126646342347847,9.650568818050658
Spain 2026,85.2,9.117990353603833,9.093647264492384,9.634494049996409
Spain 2026,85.5,9.071632976968028,9.044658920636282,9.611290488758282
Spain 2026,85.5,9.01860657035046,8.983764287045911,9.567267898401903
Spain 2026,85.4,9.347900844951502,9.335490871961541,9.74808220732637
Spain 2026,85.3,9.037239585716861,9.008069895219586,9.593145623188875
Spain 2026,85.1,9.073518303433497,9.045367338289513,9.608278821069334
Spain 2026,85.5,9.044233810102835,9.016942532253998,9.60149112134573
Spain 2026,85.3,9.200894459148556,9.178206176419323,9.667035551613088
Spain 2026,85.2,8.783509053284355,8.73629476305913,9.448525013858502
Spain 2026,85.3,9.117040908135369,9.091340010446439,9.630188711053934
Spain 2026,85.3,8.99959934035859,8.9665810202947,9.567144869810878
Spain 2026,85.3,8.946496270759965,8.913843765284414,9.552469555388491
Spain 2026,85.3,9.027374669364166,8.990534872871926,9.561868558501835
Spain 2026,85.2,8.958934639166344,8.925530704792985,9.55344438492013
Spain 2026,85.3,9.064606694966047,9.034989899879408,9.599532494129914
Spain 2026,85.2,9.075551645805849,9.04735310170928,9.60817254599105
Spain 2026,85.2,9.119089060060402,9.097417039143508,9.64410925547148
Spain 2026,85.1,8.705182226485721,8.6577819914487,9.425469345206803
Spain 2026,85.2,9.298691645242045,9.28295040623852,9.721525823740581
Spain 2026,85.2,9.025295313598868,8.99411232374016,9.582513738594905
Spain 2026,85.2,9.226228304912725,9.203132184480644,9.673066131432757
Spain 2026,85.2,8.746669837488518,8.690928992504357,9.40488182326984
Spain 2026,85.3,9.135527092936508,9.10973643547917,9.635171475032108
Spain 2026,85.2,9.0555814835103,9.029901699266983,9.610544142467432
Spain 2026,85.2,9.083792132813288,9.059007324308297,9.622466983552913
Spain 2026,85.1,9.125857215910825,9.10169045355578,9.637697600046703
Spain 2026,85.1,9.006436754672183,8.969543723148961,9.556092556610196
Spain 2026,85.4,9.157881887541228,9.131725973708328,9.64065166843203
Spain 2026,85.4,9.002468571416086,8.968168933031391,9.564359994571268
Spain 2026,85.4,9.238551032524544,9.214944899300892,9.67577820664189
Spain 2026,85.4,8.964495310780777,8.930922275365816,9.554101521795694
Spain 2026,85.1,9.314535442787086,9.299165862431536,9.727764142039689
Spain 2026,85.2,8.798730129727028,8.756380055729194,9.472134337603018
Spain 2026,85.5,8.655398990324478,8.598620421339277,9.375853187363072
Spain 2026,85.1,8.951925569013843,8.915821764167596,9.542384403264057
Spain 2026,85.4,8.75376175218395,8.708361888291211,9.447143425835677
Spain 2026,85.1,8.921083822937081,8.882951343885319,9.52565199059464
Spain 2026,85.3,9.035438155211361,9.006880528715351,9.59456239708964
Spain 2026,85.5,8.91554399138196,8.881005783934734,9.535850640188103
Spain 2026,85.1,8.710038941258444,8.657947591707453,9.409986325275403
Spain 2026,85.1,8.901382298917596,8.859777528396608,9.506274482091657
Spain 2026,85.3,9.031428886716808,8.993672819728928,9.557319398595283
Spain 2026,85.4,8.986454727625492,8.953652254017216,9.563714569616838
Spain 2026,85.2,9.120060023082802,9.092767702967032,9.624790456312333
Spain 2026,85.3,8.920722546297293,8.879127621394916,9.512653190244576
Spain 2026,85.4,9.017683564292128,8.982420954793373,9.56622972252125
Spain 2026,85.2,8.891636032936807,8.853845623035259,9.51672293270742
Spain 2026,85.1,8.949815497707185,8.916944379031778,9.552233247770904
Spain 2026,85.5,9.101115799593426,9.078182210305146,9.634179458450076
Spain 2026,85.1,8.98885875880621,8.949154493431456,9.541617598221983
Spain 2026,85.1,8.906142333342288,8.86999322050132,9.526818511105455
Spain 2026,85.1,9.136085586045033,9.110993770471312,9.638036116677059
Spain 2026,85.2,9.139987604511395,9.118161718948652,9.650461049665124
Spain 2026,85.2,8.946588200547698,8.908770704028198,9.534064785287788
Spain 2026,85.1,8.795646089820448,8.747978416746774,9.452311659811842
Spain 2026,85.4,9.27917999213743,9.263003170047721,9.713949703269629
Spain 2026,85.1,9.185614896486436,9.167374278819278,9.67675628196605
Spain 2026,85.5,8.901234484309581,8.861651706565732,9.513852890868622
Spain 2026,85.3,9.025732222109756,8.996507425125351,9.58937268742595
Spain 2026,85.2,9.142195743699459,9.119470393459977,9.648062834104671
Spain 2026,85.2,9.153768406494581,9.12985748470103,9.64794832847615
Spain 2026,85.5,9.247945630019695,9.229981766104805,9.697970809123467
Spain 2026,85.3,9.113410434821699,9.087562260774163,9.627927123983012
Spain 2026,85.1,9.151146087977281,9.131075873552973,9.659852998157989
Spain 2026,85.2,9.170453660423792,9.145803624429742,9.650911896521626
Spain 2026,85.1,9.049039686306582,9.017143029530414,9.585764453536978
Spain 2026,85.3,9.030850710191102,9.00053581311909,9.587038356785424
Spain 2026,85.2,9.074037967514684,9.03857626714837,9.58221774224002
Spain 2026,85.1,8.888435567228383,8.848677000695409,9.509109211864004
Spain 2026,85.2,9.21829450865354,9.200258430727331,9.687866627627454
Spain 2026,85.5,8.890959475238288,8.851006785091002,9.50925654059244
Spain 2026,85.2,8.867620434008813,8.83025698101007,9.511338718703632
Spain 2026,85.1,9.164276516919072,9.139073870681884,9.646648982913534
Spain 2026,85.3,9.204936570799433,9.184740925034372,9.676483959717018
Spain 2026,85.3,9.002474698792696,8.969430954660455,9.567583967094274
Spain 2026,85.4,8.965006421119394,8.927582614375169,9.539970282894156
Spain 2026,85.3,9.108928112251055,9.087288606925819,9.641125799729306
Spain 2026,85.1,9.139442730720207,9.114366778858308,9.639091425142478
Spain 2026,85.2,8.948790662543054,8.918070480093219,9.559697319949839
Spain 2026,85.3,8.917740780079432,8.878591074702696,9.519399614481983
Spain 2026,85.5,9.065462660035164,9.034017257612115,9.593362272077952
Spain 2026,85.5,9.068687720836198,9.043249468022207,9.615388912130703
Spain 2026,85.1,8.872270030609208,8.835002981678725,9.512464375957538
Spain 2026,85.2,8.820995184397978,8.776622743894077,9.47079048411924
Spain 2026,85.5,9.010347458639815,8.980835297104015,9.582968116051724
Spain 2026,85.5,8.70029282310435,8.652789011563224,9.42360947611287
Spain 2026,85.3,9.201324642855337,9.177912697031159,9.664464280032979
Spain 2026,85.3,8.86742993595697,8.832206869735822,9.518687466937761
Spain 2026,85.5,9.263160774212839,9.246142678717543,9.705766174252313
Spain 2026,85.3,8.936150736972158,8.89872621211213,9.531823857494784
Spain 2026,85.1,9.051899161402961,9.022378235249876,9.595978554643322
Spain 2026,85.2,8.925466125667924,8.890277042940376,9.536605535125235
Spain 2026,85.5,8.825254584082964,8.779825791129122,9.467922327505004
Spain 2026,85.1,9.043741116825046,9.011761572329991,9.584954528292702
Spain 2026,85.3,8.942893159417363,8.904186420548468,9.530361400998085
Spain 2026,85.2,9.111281524412613,9.085299367357534,9.626763312331889
Spain 2026,85.3,9.133309273915495,9.110098404015108,9.643310422974707
Spain 2026,85.4,9.180106887984797,9.160163664319736,9.66951852270686
Spain 2026,85.4,8.751668098532768,8.693333815560601,9.393763600287974
Spain 2026,85.1,9.00056845705081,8.96576629783737,9.560750968574949
Spain 2026,85.2,8.84114346091442,8.798973947668735,9.48481145769667
Spain 2026,85.1,9.273194227357607,9.254914980024967,9.7052511793576
Spain 2026,85.1,8.822252268216808,8.770039449249701,9.441735840802405
Spain 2026,85.5,9.036151897967894,9.003123555251785,9.5791705375061
Spain 2026,85.4,9.0184900735335,8.992541050489123,9.597873050889739
Spain 2026,85.4,8.98831402186212,8.94981251915835,9.544296886763501
Spain 2026,85.4,9.084126067198259,9.055062302092056,9.607408931637645
Spain 2026,85.3,9.042704150836288,9.010814757668223,9.584610286724446
Spain 2026,85.2,9.013760077106516,8.985137712425871,9.587132074951045
Spain 2026,85.1,9.373293184785918,9.359331518072224,9.751461682259643
Spain 2026,85.4,9.105351715204543,9.080102640258012,9.627848913153162
Spain 2026,85.1,8.958231088365707,8.924651467419721,9.551975390695942
Spain 2026,85.3,9.084498408645612,9.053446495414704,9.60195258381718
Spain 2026,85.5,8.978785825012388,8.947838765335632,9.568356322317907
Spain 2026,85.1,9.085837926431335,9.055139931187332,9.60185951683496
Spain 2026,85.4,9.146394969156736,9.120983569974198,9.640537780322212
Spain 2026,85.1,9.170406470812281,9.145424879749322,9.649806180944292
Spain 2026,85.5,8.895686587191458,8.853380895842868,9.501896151013618
Spain 2026,85.2,8.910350180688052,8.87151303538827,9.519082110674939
Spain 2026,85.1,8.959638926781297,8.92401415772431,9.546401163955982
Spain 2026,85.2,9.123085815795793,9.093107489188217,9.616707322560728
Spain 2026,85.4,9.03328267403827,8.999025081206211,9.57411198333372
Spain 2026,85.3,9.046931310254053,9.018661996874949,9.598679029812192
Spain 2026,85.2,9.176708243790028,9.154849263025117,9.661403526695931
Spain 2026,85.2,9.092329905118104,9.063414961352748,9.610735281734271
Spain 2026,85.2,9.099698563318947,9.074225892613798,9.625397113863011
Spain 2026,85.4,8.91941170765288,8.882546399909842,9.528317161554135
Spain 2026,85.1,9.240560594245075,9.219888967359704,9.686410305844104
Spain 2026,85.1,8.67172893475577,8.61492978203837,9.380038095191999
Spain 2026,85.4,9.347276927888721,9.332456829931727,9.740326787300715
Spain 2026,85.4,9.04425069073676,9.010599044473857,9.576823018401367
Spain 2026,85.3,9.364770441693981,9.35324940824266,9.756430855922112
Spain 2026,85.3,8.781203684300095,8.734496287823989,9.450527040140672
Spain 2026,85.1,9.001841784407882,8.974959269343577,9.589412773710224
Spain 2026,85.1,8.912678684864973,8.875099568789736,9.524175676980034
Spain 2026,85.4,9.076047850012092,9.053462538806862,9.627595315066667
Spain 2026,85.1,8.882010193297347,8.842701327692685,9.509063609203485
Spain 2026,85.1,9.110987555185305,9.087384535968932,9.635247563883162
Spain 2026,85.1,9.020863230449482,8.99334422460136,9.593490829458535
Spain 2026,85.2,9.027097207067973,9.000529109395647,9.598668669094167
Spain 2026,85.1,8.976396299546918,8.942591133326745,9.557330292755568
Spain 2026,85.3,9.123238390210608,9.099842614680533,9.6394100905391
Spain 2026,85.1,8.877576764504681,8.839089821206375,9.509903038948261
Spain 2026,85.5,9.029709172837473,8.996846650685605,9.578123076350762
Spain 2026,85.1,9.215990587569788,9.199307253875363,9.691532221046199
Spain 2026,85.2,8.833524424119467,8.787897265677838,9.469073016257848
Spain 2026,85.3,9.09584738687153,9.071673104470769,9.628566706328245
Spain 2026,85.5,9.179591361426645,9.152836116806549,9.646917191353449
Spain 2026,85.1,9.065321266797469,9.034280503839504,9.59559172694024
Spain 2026,85.4,9.136262940883526,9.113757262155719,9.64684662304497
Spain 2026,85.1,8.849021681708582,8.81222250064507,9.5074814994914
Spain 2026,85.1,8.797515247006661,8.746900789596099,9.441542878577067
Spain 2026,85.2,8.96097777365568,8.92326408301399,9.53718699633636
Spain 2026,85.3,9.054551652555345,9.028137688426774,9.607735304440775
Spain 2026,85.1,9.065648602259124,9.038232594312937,9.608033058196522
Spain 2026,85.1,8.905847804357077,8.869674112267955,9.527045208567555
Spain 2026,85.2,9.12542241469984,9.10131959715478,9.638365802449481
Spain 2026,85.2,9.155610754310622,9.134774225086446,9.658516277999961
Spain 2026,85.3,9.048497637373785,9.015720780558793,9.583628601771236
Spain 2026,85.4,8.836416135182114,8.796914488553583,9.493604777182359
Spain 2026,85.1,8.936125587746242,8.89327650158705,9.51012140137119
Spain 2026,85.2,9.03600893843457,9.009865433962554,9.602888433744235
Spain 2026,85.4,9.1765674547445,9.151669409509282,9.651504765069962
Spain 2026,85.5,9.044946706369759,9.014720063878318,9.591222049917492
Spain 2026,85.4,9.046894879701659,9.019262050843357,9.600831039782832
Spain 2026,85.3,8.935733335947088,8.897104973354073,9.528645592025596
Spain 2026,85.2,8.471344912670602,8.39590790710217,9.250060066015243
Spain 2026,85.4,8.889616236566608,8.850402794363108,9.51163748145724
Spain 2026,85.2,9.155008086542063,9.13207282344713,9.651210406922067
Spain 2026,85.4,8.937950734246947,8.902652433014026,9.540223587393177
Spain 2026,85.5,9.267155556672172,9.24961575533562,9.705593120459634
Spain 2026,85.5,9.008108794907825,8.974438014891376,9.56822923343493
Spain 2026,85.5,9.256891248298112,9.240984304407458,9.707392564636901
Spain 2026,85.2,8.92628101078629,8.871874373890142,9.462905163279107
Spain 2026,85.2,8.948202980997316,8.916291174879149,9.555175829277108
Spain 2026,85.5,9.008978706663287,8.980143281137426,9.585151371219068
Spain 2026,85.3,8.76356450971614,8.718639151156793,9.4524392015444
Spain 2026,85.2,8.730720779071028,8.680086456932191,9.419604809970583
Spain 2026,85.1,9.131617007634887,9.110725242090119,9.650920020627748
Spain 2026,85.1,8.978683647246939,8.940435094340103,9.54344337327819
Spain 2026,85.5,9.207315091166514,9.189120576669104,9.683825721259865
Spain 2026,85.3,9.117297343436775,9.0938726661879,9.637789897217925
Spain 2026,85.4,8.867342510788426,8.817776581837393,9.467862460561395
Spain 2026,85.5,8.962486879324095,8.930092658034184,9.558267908628125
Spain 2026,85.1,9.024086731127491,8.99118123245795,9.57554043869538
Spain 2026,85.3,9.05381065854896,9.02564825495945,9.601630743339236
Spain 2026,85.1,8.882064445394377,8.83975032920662,9.498199502368736
Spain 2026,85.4,9.101589506417353,9.078642175478878,9.634017449763922
Spain 2026,85.4,9.215017624584908,9.198657087235965,9.692386988995809
Spain 2026,85.5,8.762345561026276,8.707907939317252,9.416402952039329
Spain 2026,85.4,9.132306687788942,9.109783378446728,9.64572681406068
Spain 2026,85.2,8.983372051809988,8.955466653863217,9.580289246123709
Spain 2026,85.2,9.031831438785424,9.004035997335407,9.595728597308021
Spain 2026,85.3,9.038127519281698,9.008328937224224,9.591166805595012
Spain 2026,85.4,8.950606123150799,8.914570176002302,9.541970929546835
Spain 2026,85.3,8.781657894476272,8.731253235278428,9.437556501148865
Spain 2026,85.1,9.101039622045269,9.07154304953478,9.611908819890882
Spain 2026,85.2,9.284802262248137,9.2709805662475,9.723135580362179
Spain 2026,85.2,8.938532839984354,8.902438195433076,9.537590960464327
Spain 2026,85.1,8.794643125803022,8.746887536209032,9.451008400340148
Spain 2026,85.1,9.172552346551829,9.14598608460169,9.645118915354015
Spain 2026,85.1,9.046007514800085,9.016278998992858,9.59392402961223
Spain 2026,85.3,8.854208819088148,8.815933687703374,9.503805016937925
Spain 2026,85.2,9.360568216696686,9.34651230731496,9.746936096160209
Spain 2026,85.1,8.90123893772553,8.860421847540804,9.50946788641391
Spain 2026,85.4,8.914229927533109,8.878389363649239,9.531192334909957
Spain 2026,85.1,8.990362438097758,8.95703946928585,9.563695533691584
Spain 2026,85.4,9.201541803458195,9.17959149872453,9.669459295148464
Spain 2026,85.1,9.0390143872243,9.003453547243772,9.5716441428807
Spain 2026,85.1,9.19521163441161,9.174779435085043,9.672404848928515
Spain 2026,85.5,9.079936521367443,9.053579774017313,9.616133995601006
Spain 2026,85.3,8.827836684906462,8.786771782273313,9.485577208007307
Spain 2026,85.5,9.17723711232571,9.154113361190152,9.657773488896828
Spain 2026,85.5,9.083124971581375,9.054233858201556,9.608647288521636
Spain 2026,85.3,8.861618376492725,8.802362058847482,9.429059891429093
Spain 2026,85.4,9.163194297291952,9.139725082238522,9.652665705081924
Spain 2026,85.5,9.171212194785628,9.149134654498553,9.659456778550345
Spain 2026,85.4,8.742398954388452,8.69726954705465,9.445249398789006
Spain 2026,85.5,8.9700843999548,8.932606270701964,9.542678979400838
Spain 2026,85.2,9.245158263034805,9.225836747494153,9.692432214706121
Spain 2026,85.5,9.176815944709382,9.156763256129839,9.667658331226104
Spain 2026,85.3,8.934624153880783,8.897343201373857,9.532448528823865
Spain 2026,85.5,9.046296181822514,9.007919436524524,9.563167196241443
Spain 2026,85.4,9.212642796631096,9.191979349401365,9.677474060521124
Spain 2026,85.4,9.075194692859501,9.049607417673759,9.617120388220606
Spain 2026,85.3,9.218080553480894,9.201830573847475,9.693762655208833
Spain 2026,85.5,9.020250347346886,8.990878163258916,9.587049394354343
Spain 2026,85.1,9.097647268219038,9.065897559179453,9.60385228352454
Spain 2026,85.1,8.723846423891931,8.66702725183944,9.39254702666625
Spain 2026,85.5,8.946330321395479,8.91299268500194,9.54964433498555
Spain 2026,85.2,9.000230408334067,8.969387151049501,9.57523643285356
Spain 2026,85.3,9.031926444492072,9.002834541108385,9.591035237741592
Spain 2026,85.5,9.219554361793861,9.202077891020819,9.690139280495494
Spain 2026,85.3,8.920736905250418,8.886682798281091,9.539148046132794
Spain 2026,85.1,9.13515566995296,9.103933185398962,9.615134991492347
Spain 2026,85.4,9.227959106543537,9.207971581968836,9.685033754233201
Spain 2026,85.1,8.994145251242072,8.96340150493468,9.574015387828792
Spain 2026,85.3,9.242545193524007,9.226030767544204,9.700579935362285
Spain 2026,85.1,8.843073406158537,8.798296816694588,9.476598677215515
Spain 2026,85.2,9.028017780033919,8.992650619628893,9.568695909942964
Spain 2026,85.1,9.026197546598643,8.992230840861833,9.571494025604363
Spain 2026,85.1,8.993070336993597,8.95976822643917,9.564200103895924
Spain 2026,85.3,8.855888738660184,8.81164596931853,9.483068657309989
Spain 2026,85.5,8.992405427242598,8.960951413014653,9.570697188156338
Spain 2026,85.1,9.062286251269834,9.038007033246204,9.617420308585725
Spain 2026,85.4,8.909298449704302,8.872461552366675,9.526424253752664
Spain 2026,85.4,9.09418956078426,9.067333327160167,9.618864208352777
Spain 2026,85.1,9.022183664703338,8.992598216967702,9.587006286521714
Spain 2026,85.3,9.149620951742019,9.125676432718766,9.646169629335201
Spain 2026,85.4,9.050842550088467,9.022751509552347,9.600024708582119
Spain 2026,85.2,8.956473425898325,8.922300949398371,9.549304969855019
Spain 2026,85.2,9.042886939259619,9.013354819433612,9.59313839119882
Spain 2026,85.1,8.808728341985923,8.761699040698886,9.458249339229159
Spain 2026,85.5,9.276518488330218,9.255784532428097,9.69699258448123
Spain 2026,85.1,9.18390684643186,9.16058501787601,9.659185637839965
Spain 2026,85.1,9.001285055834003,8.96302451576978,9.548600704342533
Spain 2026,85.5,8.921825010766081,8.887421765579818,9.53847486327942
Spain 2026,85.4,9.132063871093258,9.106682185938084,9.636046597743377
Spain 2026,85.1,8.92899548728841,8.882060078646832,9.495582205272516
Spain 2026,85.2,9.078987595294807,9.054103632544992,9.620795983173906
Spain 2026,85.3,9.101525077539032,9.073535715900693,9.617666164459914
Spain 2026,85.3,9.077763282010716,9.052772868937973,9.61979562099096
Spain 2026,85.1,8.667711140136538,8.613925166161945,9.390524481960668
Spain 2026,85.2,8.826378468470882,8.777039287543456,9.452188133687587
Spain 2026,85.1,8.986024774877862,8.951183181963543,9.55632559296099
Spain 2026,85.1,9.187970318496824,9.166919104306592,9.66819868946642
Spain 2026,85.5,8.895663092510054,8.860944114192723,9.52905632790007
Spain 2026,85.2,8.929031265002973,8.887728654193772,9.516190181322429
Spain 2026,85.1,9.152218319287398,9.124689668109847,9.634958778698815
Spain 2026,85.1,9.087424006689435,9.051813248800249,9.584570738352253
Spain 2026,85.1,9.085181997301401,9.05889931859422,9.617287884361561
Spain 2026,85.1,9.208693122597786,9.186026749314248,9.669398289792197
Spain 2026,85.2,9.18258418311322,9.156892635997067,9.6504831235983
Spain 2026,85.2,9.131252839639961,9.10458546673846,9.631541108115462
Spain 2026,85.3,9.061599388589174,9.035042711381472,9.60879557682052
Spain 2026,85.5,8.940291016180254,8.9081769385295,9.552208574640613
Spain 2026,85.3,9.132955377269505,9.108475808138934,9.639325247088124
Spain 2026,85.2,8.725530856934405,8.671668428937053,9.408098202907027
Spain 2026,85.5,8.986596914914072,8.955840797704136,9.571641076247
Spain 2026,85.1,9.191556312438276,9.169070897732857,9.664711959227825
Spain 2026,85.4,9.19437218086877,9.171633097019537,9.664860025159816
Spain 2026,85.3,9.140823321074176,9.114706438223896,9.636335178359584
Spain 2026,85.1,9.121117065485773,9.09837359408828,9.64110624174835
Spain 2026,85.5,9.024059691999275,8.99258285372088,9.580438710003316
Spain 2026,85.3,9.012078817895745,8.98341380708489,9.586589334430181
Spain 2026,85.2,8.950527131661731,8.920814841801482,9.563797311873557
Spain 2026,85.5,9.075405859769628,9.045131165199606,9.601159694701813
Spain 2026,85.3,9.127635264743484,9.096915232635007,9.61589739312814
Spain 2026,85.3,9.331304662473265,9.31656102435236,9.735052665395449
Spain 2026,85.1,9.071233923908075,9.042150523896611,9.603700268569723
Spain 2026,85.4,8.902722741838083,8.862628268992719,9.510534674674998
Spain 2026,85.4,9.258673241041215,9.239892548968855,9.698436514963992
Spain 2026,85.3,8.854268390836664,8.811404866381011,9.487118162486283
Spain 2026,85.3,8.941160023832172,8.900294709090598,9.521751085219037
Spain 2026,85.3,9.035810529155299,9.0062778908035,9.590841034186061
Spain 2026,85.4,9.195181602148212,9.172199911567358,9.664187315724352
Spain 2026,85.3,9.10060440931123,9.06915163863819,9.604707615446424
Spain 2026,85.3,8.734989316897142,8.685908343028583,9.4281203470206
Spain 2026,85.4,8.935063612162,8.892147199010173,9.51103297106177
Spain 2026,85.4,8.805080583970657,8.755487452561585,9.447519815656776
Spain 2026,85.4,9.130021622456328,9.105233650357063,9.63745984724947
Spain 2026,85.1,9.131334258541692,9.109386229497714,9.647061350530528
Spain 2026,85.3,9.042791353840087,9.014347278655624,9.597422259690521
Spain 2026,85.3,8.806599481242225,8.740998585367747,9.379944688265889
Spain 2026,85.1,8.998751887318756,8.967327975258437,9.572926358148104
Spain 2026,85.5,8.840295584945059,8.796026548658189,9.477822440883534
Spain 2026,85.1,8.862971017906707,8.820607190762386,9.491823905909985
Spain 2026,85.1,9.161353216742064,9.141437321426961,9.663348315242022
Spain 2026,85.4,9.088798555282823,9.055625960258297,9.594439935484797
Spain 2026,85.3,9.20753057658999,9.188966141547734,9.682969955739498
Spain 2026,85.4,9.252751733094472,9.233281699109638,9.694700715966189
Spain 2026,85.3,9.05628029673034,9.025384617094197,9.59305815762219
Spain 2026,85.5,9.20550322201274,9.185291352779632,9.676963375555797
Spain 2026,85.4,9.149547618794358,9.12151366222095,9.63235791612928
Spain 2026,85.2,8.963548365873947,8.921760487528482,9.523646940682182
Spain 2026,85.5,8.978216711048981,8.940070410620049,9.541658903503633
Spain 2026,85.2,8.966954030999668,8.925491441583066,9.527942427901849
Spain 2026,85.3,9.05630290708656,9.0215018368289,9.580173628887884
Spain 2026,85.4,9.070033602559654,9.038354738877809,9.594398658893546
Spain 2026,85.5,9.088752000771851,9.056428937409411,9.59773521191368
Spain 2026,85.2,9.232997479911383,9.212849213421324,9.68597530177657
Spain 2026,85.1,8.867366645589138,8.821990766706984,9.482984351096803
Spain 2026,85.1,9.138221856278621,9.11522836143657,9.6454477802387
Spain 2026,85.2,9.137181730493827,9.106320590389869,9.618768266222643
Spain 2026,85.1,9.217457943252827,9.193707530981067,9.667950957929277
Spain 2026,85.3,9.074838195622524,9.045025684063631,9.60264266379221
Spain 2026,85.1,9.0213714725252,8.989488839420579,9.578041345480079
Spain 2026,85.4,8.856564469880816,8.812976007959161,9.485055314943885
Spain 2026,85.4,8.954774433077207,8.917245819183588,9.537345528692292
Spain 2026,85.1,8.713646747365962,8.655358807946026,9.387274470201938
Spain 2026,85.1,9.096997558478643,9.065897026010855,9.604959731726971
Spain 2026,85.1,9.108712033130104,9.077302861813946,9.60671582768193
Spain 2026,85.5,9.153184407558946,9.13400818056484,9.663435011410398
Spain 2026,85.5,8.995248350385022,8.955776025217595,9.544165067362716
Spain 2026,85.5,8.900564347984362,8.862971780862864,9.520615353773426
Spain 2026,85.4,9.225239387900704,9.203843716477934,9.679014281473057
Spain 2026,85.2,9.116244535358488,9.08987620565548,9.628106273275955
Spain 2026,85.4,9.223753579170301,9.204540450807423,9.685764136184783
Spain 2026,85.2,8.980448934013625,8.94763398728113,9.561121763448417
Spain 2026,85.3,8.976099842977018,8.940294327205061,9.55084235398379
Spain 2026,85.4,8.996260309077652,8.963131226898328,9.566113251780507
Spain 2026,85.3,9.033309156091924,9.004596042091805,9.593257580677735
Spain 2026,85.4,9.186846924226487,9.165169160261868,9.66601853595759
Spain 2026,85.5,8.920584376672322,8.884376260006176,9.531919885470835
Spain 2026,85.5,9.076106403379123,9.04980675826592,9.61513402511396
Spain 2026,85.2,8.908825948271993,8.868673278301138,9.512478857922705
Spain 2026,85.4,8.861955894851471,8.8171040059187,9.482654669489317
Spain 2026,85.2,8.943026945968452,8.90639376312217,9.535583011279552
Spain 2026,85.5,9.170628997510997,9.15023096608132,9.664738439628866
Spain 2026,85.4,8.98147109898137,8.94915034763073,9.56430483189055
Spain 2026,85.1,8.758558040424813,8.70774834836609,9.427324726335058
Spain 2026,85.3,9.079222986661971,9.045739721257695,9.590381790734524
Spain 2026,85.4,9.063504994194854,9.03828967609263,9.614580125587748
Spain 2026,85.2,9.101818389227379,9.077172325028439,9.628846765167474
Spain 2026,85.1,9.058239296190482,9.02691394788825,9.591921206859057
Spain 2026,85.5,9.080678886509808,9.050833542290578,9.604404823642675
Spain 2026,85.2,9.051858441928575,9.020982366170449,9.590638599593914
Spain 2026,85.3,9.060261919416275,9.037008205176102,9.62023544852605
Spain 2026,85.3,9.1077552172235,9.081073133900022,9.623906288826305
Spain 2026,85.1,9.032510919713506,9.005857842761854,9.599838466959863
Spain 2026,85.1,8.927780897058398,8.883837327768964,9.503967692010125
Spain 2026,85.3,9.082178374362098,9.055505160293295,9.615791211849785
Spain 2026,85.2,9.200517582150168,9.175393641831834,9.658773521933787
Spain 2026,85.2,8.973290575005679,8.937097234013427,9.54890767854898
Spain 2026,85.1,8.812067767704292,8.76063348973702,9.443335979389273
Spain 2026,85.2,8.97832991541401,8.94816425402253,9.570932221197364
Spain 2026,85.1,8.910009508441394,8.872872323754024,9.524491210597358
Spain 2026,85.3,9.034580405667866,8.998364049130702,9.56605047796656
Spain 2026,85.2,8.89693465953934,8.859178022838902,9.518495820468507
Spain 2026,85.1,9.108579629994995,9.08062793135189,9.61893868272195
Spain 2026,85.2,8.935419864050175,8.901878071200402,9.545685478829851
Spain 2026,85.3,9.152471770904732,9.128800972024454,9.648265389408328
Spain 2026,85.3,8.919442750991381,8.88065966357816,9.52169226049775
Spain 2026,85.2,8.98903653630461,8.95598894043298,9.564181121785468
Spain 2026,85.3,9.317802849754301,9.302889053716699,9.730358774769085
Spain 2026,85.5,8.989969484451738,8.955536046737967,9.55797757960436
Spain 2026,85.1,9.113236555633927,9.08764444415526,9.628271267863868
Spain 2026,85.1,9.038378942309528,9.011204072479588,9.60009942760915
Spain 2026,85.5,9.065260193163448,9.035644963456619,9.598587991787117
Spain 2026,85.5,9.03380086636729,9.006990559597526,9.59962933492836
Spain 2026,85.2,9.097068422746805,9.07040605855192,9.62017251790826
Spain 2026,85.1,8.976128100379395,8.943307968270464,9.560831780972341
Spain 2026,85.2,8.95618279695665,8.921994458078968,9.549287773266501
Spain 2026,85.2,9.153804808459435,9.128456815498451,9.643570981029491
Spain 2026,85.3,8.958911553042396,8.922174215538753,9.540325916612671
Spain 2026,85.4,9.017296641450564,8.980409962158538,9.55997356965765
Spain 2026,85.2,9.093111089373128,9.0694838994649,9.629363137475151
Spain 2026,85.3,9.022632941769084,8.996432294271859,9.598269942380714
Spain 2026,85.2,8.722320976432403,8.66210483369245,9.38420438618344
Spain 2026,85.3,8.984955189081479,8.950216270238998,9.556575258772996
Spain 2026,85.1,8.925935630984132,8.895381370793126,9.553172372675899
Spain 2026,85.1,9.286857454297015,9.26696636610696,9.703992469813711
Spain 2026,85.2,8.951785185798768,8.918776729646513,9.552848536269874
Spain 2026,85.3,9.06807185792076,9.037581513952608,9.598495747576896
Spain 2026,85.2,9.111705492661772,9.090099054773946,9.641990554529759
Spain 2026,85.3,9.13386776055508,9.112233825282223,9.648809998483399
Spain 2026,85.1,8.938792170470013,8.896271104950896,9.515343613569199
Spain 2026,85.4,9.044666330611125,9.0163279911109,9.598188371823223
Spain 2026,85.4,9.261166678765024,9.245967127526274,9.711042295107584
Spain 2026,85.2,9.005794760368017,8.968129804132086,9.553798063681347
Spain 2026,85.1,8.956129947551393,8.914325099883381,9.522373436987023
Spain 2026,85.3,8.903567321232545,8.866445115230476,9.52276320067032
Spain 2026,85.1,8.959023979276136,8.926208408433387,9.555762413100098
Spain 2026,85.3,9.094907203980796,9.071184359314016,9.629861364925526
Spain 2026,85.5,9.099364578801172,9.071318368956186,9.616449190928458
Spain 2026,85.1,9.15887272410952,9.137205051800294,9.656999223936227
Spain 2026,85.4,8.968855056309813,8.931708686226989,9.542768233991072
Spain 2026,85.3,9.13104568967064,9.107253826201946,9.64125392446376
Spain 2026,85.1,8.903827944818076,8.864571740846452,9.515463977593848
Spain 2026,85.1,8.926901003159395,8.88330464929554,9.507741522501714
Spain 2026,85.5,8.880641818842305,8.84314218175158,9.513725841356788
Spain 2026,85.3,9.00395390139404,8.97433574352285,9.580845270435333
Spain 2026,85.3,9.074142686905905,9.047589119492647,9.613141748921596
Spain 2026,85.1,9.108278216666054,9.083722270633768,9.630846380159351
Spain 2026,85.2,8.939441550058893,8.904005133606065,9.540253460938173
Spain 2026,85.1,8.97500172200456,8.937086683679414,9.543134931382657
Spain 2026,85.1,8.96654571350744,8.931755787007761,9.550780788349842
Spain 2026,85.1,9.111730398968751,9.083967538561078,9.621054811697876
Spain 2026,85.1,9.04116632520962,9.01239338990738,9.595500057704546
Spain 2026,85.1,9.085352181544762,9.058954809621484,9.617248735776577
Spain 2026,85.5,9.13610862647827,9.105803408481394,9.619279078384606
Spain 2026,85.4,8.999937024319424,8.967975724450707,9.571608438958224
Spain 2026,85.1,9.281522115603881,9.263670945405694,9.709194159796047
Spain 2026,85.1,9.168375666393839,9.139643485162125,9.636403400648812
Spain 2026,85.5,8.98550379639609,8.944936903766067,9.533066033522012
Spain 2026,85.1,8.894236156961364,8.854327210421493,9.5095487490144
Spain 2026,85.2,8.890590539144721,8.841272592968814,9.47638153101404
Spain 2026,85.4,9.083310007349056,9.057870742742546,9.620159793121726
Spain 2026,85.2,9.192615481241704,9.173667702488236,9.676700150974376
Spain 2026,85.1,9.015998148715257,8.979096780607684,9.55901168270832
Spain 2026,85.1,9.179923834987296,9.15611460392852,9.656035646816377
Spain 2026,85.3,9.056134178452131,9.031379676887063,9.613533289591832
Spain 2026,85.1,8.921142222632334,8.881550717575353,9.520464618479478
Spain 2026,85.4,8.907790160993246,8.867072375635477,9.511577890318124
Spain 2026,85.4,8.939298446969278,8.906149861146195,9.54828542271276
Spain 2026,85.1,9.20413537641921,9.182827643758856,9.673062117386792
Spain 2026,85.5,9.23228091640987,9.215333739717881,9.696023223175194
Spain 2026,85.2,9.025172450089578,8.987141809814938,9.556004623894445
Spain 2026,85.2,8.862990917784025,8.82404119439718,9.50361724445579
Spain 2026,85.1,9.12224513244072,9.096484287237683,9.631568077250526
Spain 2026,85.3,8.943430748197533,8.90771581863893,9.540453204317366
Spain 2026,85.5,8.862620550843019,8.817458383344508,9.482511691599733
Spain 2026,85.5,9.12194923996139,9.094987171872123,9.627811626002995
Spain 2026,85.4,9.171442404178693,9.146430051566307,9.650246899866394
Spain 2026,85.1,8.863420418098269,8.827516297173796,9.515028158187956
Spain 2026,85.4,8.915662552223825,8.881913132921822,9.538672472160123
Spain 2026,85.5,9.059285713645286,9.030444015566442,9.601292535154942
Spain 2026,85.1,9.271745875136299,9.253869925376684,9.705696595723609
Spain 2026,85.3,8.983730298235491,8.953843960066806,9.573103664627629
Spain 2026,85.1,8.787755097830704,8.740898707286629,9.45291267194679
Spain 2026,85.4,8.992902839868096,8.963416964376663,9.577850494349589
Spain 2026,85.1,9.111033556843132,9.078239796154898,9.602706007514731
Spain 2026,85.2,9.031797424797503,9.002621437857321,9.591101302159624
Spain 2026,85.1,9.28212353117258,9.264418020764095,9.70952266426008
Spain 2026,85.2,8.939141746702607,8.905429161672547,9.546502095031325
Spain 2026,85.3,9.268286781971328,9.250840293028439,9.705944888763199
Spain 2026,85.5,8.906526815533082,8.866073089863923,9.511248809426288
Spain 2026,85.5,8.763557059633083,8.711155716581782,9.42218072712649
Spain 2026,85.3,9.101432448360244,9.073884686367403,9.61825240382366
Spain 2026,85.5,8.954037942436406,8.913402696350932,9.523789097727223
Spain 2026,85.2,8.877252075786323,8.842169331209057,9.522406981834912
Spain 2026,85.3,8.996833682226557,8.969002104114992,9.584465968648168
Spain 2026,85.2,9.008217922381428,8.9801234212367,9.587201295173548
Spain 2026,85.1,9.053923035700278,9.021734291128498,9.588274922411141
Spain 2026,85.5,9.14777199728453,9.118975209887843,9.627349544537235
Spain 2026,85.4,9.010627343004048,8.979034083871907,9.576008728025878
Spain 2026,85.4,9.126040255545178,9.100028772286112,9.631531996214468
Spain 2026,85.5,9.000360778849023,8.969609309976121,9.574722199156534
Spain 2026,85.5,8.988629959653993,8.945919344561904,9.528438951444725
Spain 2026,85.1,8.800330503227942,8.746157650281322,9.430016276101483
Spain 2026,85.4,8.99833560662656,8.968709297829578,9.57907508504761
Spain 2026,85.2,8.87917970671735,8.839278754061072,9.506170726735263
Spain 2026,85.4,8.919883061782256,8.879966287246047,9.518093200655033
Spain 2026,85.4,8.986336246227069,8.958676069626323,9.582096706011253
Spain 2026,85.4,9.17144957760735,9.153093911493738,9.671750973567319
Spain 2026,85.2,8.937812815930961,8.903294238259194,9.54291129565622
Spain 2026,85.3,9.092050598186475,9.06960517045534,9.632969786772938
Spain 2026,85.3,8.976447621816483,8.943879646471656,9.561369686391592
Spain 2026,85.1,9.134763620958864,9.111542326685246,9.64390229863573
Spain 2026,85.1,8.995852681242207,8.966105327989556,9.577987851260236
Spain 2026,85.4,8.820116491650523,8.777542798703449,9.477252908713517
Spain 2026,85.4,8.969725200980003,8.931921368386991,9.53978148514888
Spain 2026,85.2,9.311103063168549,9.293316617108642,9.718047419090906
Spain 2026,85.1,9.066785290189184,9.04205085193109,9.617309877295066
Spain 2026,85.4,9.066491088395146,9.033825175412035,9.589917523823534
Spain 2026,85.3,9.044689589028277,9.007654712948383,9.565770756125229
Spain 2026,85.2,9.028124212494586,8.99689833705135,9.582544611930345
Spain 2026,85.3,9.001678783307506,8.95832878716188,9.531210324626349
Spain 2026,85.1,9.081446859600026,9.051860381935793,9.605205892883326
Spain 2026,85.5,9.150181887559096,9.129030250562481,9.655646667736562
Spain 2026,85.2,9.1003039495272,9.075567864457243,9.628081078639235
Spain 2026,85.2,8.585536597492867,8.520919670205513,9.324834931526082
Spain 2026,85.1,9.29556100991724,9.27829497000932,9.715554066893564
Spain 2026,85.4,8.996309466027325,8.967969328666248,9.582712695121504
Spain 2026,85.4,9.13632601186553,9.112337223282978,9.642319306078981
Spain 2026,85.1,8.953846940336986,8.917063560087065,9.539524642688033
Spain 2026,85.3,8.932642001657957,8.892747739501877,9.52051407130379
Spain 2026,85.2,8.981958042495412,8.947662499219678,9.558166968375335
Spain 2026,85.3,9.026299883183821,8.997419478372441,9.590066855347807
Spain 2026,85.5,8.861942418330615,8.820914946939828,9.495904920712396
Spain 2026,85.2,8.85944791179878,8.81508069048529,9.481370371190557
Spain 2026,85.5,9.09053226409997,9.066266256647463,9.626560319867746
Spain 2026,85.1,8.983323639354662,8.951176464076292,9.565459011944737
Spain 2026,85.2,9.029739517499172,8.998246636656678,9.582904359502832
Spain 2026,85.1,9.217252677322236,9.197690625994465,9.6825706553186
Spain 2026,85.1,8.992224617290947,8.955168601936686,9.550237048909256
Spain 2026,85.4,8.941383250571759,8.908815318060256,9.550926601487458
Spain 2026,85.3,9.163894372842684,9.132032978226386,9.624206593340157
Spain 2026,85.2,9.07430968953285,9.043601339255058,9.598201327677101
Spain 2026,85.5,9.03003125289504,8.998197928962636,9.58090111017344
Spain 2026,85.3,9.019716707121953,8.989896455717584,9.584470813405815
Spain 2026,85.5,9.287669584153633,9.273004005799608,9.721391516034219
Spain 2026,85.3,9.205179993425077,9.184371318795666,9.674377115712913
Spain 2026,85.5,9.261677362790472,9.24261301152038,9.69847143279276
Spain 2026,85.1,8.925455522874826,8.88579200326182,9.519183212613424
Spain 2026,85.1,9.24852998904208,9.23106584311329,9.699337115564049
Spain 2026,85.4,9.107175108746038,9.083979482232822,9.635465146701431
Spain 2026,85.4,9.140293078100282,9.116309223137254,9.643003306879827
Spain 2026,85.2,9.114595940060854,9.08974325953984,9.631809975177335
Spain 2026,85.5,8.770520159856204,8.72442190187819,9.4486852622337
Spain 2026,85.5,9.230671461528784,9.210200498280885,9.683347961533212
Spain 2026,85.2,9.18602334031742,9.160932851584768,9.65413913459422
Spain 2026,85.2,8.99388220602381,8.95688073295786,9.551886265273549
Spain 2026,85.2,8.96340598325239,8.929670636936653,9.553719622975636
Spain 2026,85.1,8.89008952439187,8.854038035820997,9.522781969068022
Spain 2026,85.2,9.121939540525817,9.09527403077622,9.628793417196569
Spain 2026,85.4,9.136210086415776,9.108447988701565,9.628598520123537
Spain 2026,85.1,9.023753008975214,8.992522644181806,9.581658596300043
Spain 2026,85.5,9.26202660472085,9.243699745885623,9.700450564531115
Spain 2026,85.2,9.080110087464375,9.05101865925205,9.607294451075262
Spain 2026,85.1,9.126918233452312,9.10101726244286,9.632308697876095
Spain 2026,85.2,9.046939096516567,9.012850756808067,9.576827328077815
Spain 2026,85.2,8.909743241409746,8.877245983940242,9.541221490794843
Spain 2026,85.2,9.076000021385648,9.049421621910748,9.61350979033544
Spain 2026,85.5,9.067098307875712,9.040554845563367,9.61064035376051
Spain 2026,85.1,8.98436964016872,8.951319638808847,9.562947573379248
Spain 2026,85.3,8.787483398164952,8.74147543759286,9.455675002356013
Spain 2026,85.3,8.97117238532118,8.936314214176518,9.552916583999465
Spain 2026,85.1,8.965729516485753,8.93380762008965,9.560925399998425
Spain 2026,85.4,9.058541427336488,9.029614596880132,9.59996793452887
Spain 2026,85.3,8.95008401273626,8.914900902091835,9.54488805403912
Spain 2026,85.1,8.91161331007466,8.873654966825377,9.522583365358035
Spain 2026,85.4,9.044647182032799,9.013615767414029,9.589276300556106
Spain 2026,85.1,8.88472922173837,8.846892495457249,9.514924430266982
Spain 2026,85.2,9.058166654238597,9.030722914062114,9.605017007542639
Spain 2026,85.5,8.859486982270578,8.82180903955376,9.507258528585501
Spain 2026,85.4,8.949097780883184,8.912799401409812,9.538859397379746
Spain 2026,85.5,8.949136812895205,8.915823005661146,9.549973150919417
Spain 2026,85.1,9.097964083772135,9.07030397029048,9.616601356205956
Spain 2026,85.2,8.850207274647449,8.806525819248188,9.48346294814054
Spain 2026,85.3,9.135276745220901,9.113460315497093,9.648794513644813
Spain 2026,85.1,9.120498130737866,9.091656123869772,9.618940456593629
Spain 2026,85.2,8.897414997997542,8.856710795481307,9.509002464715788
Spain 2026,85.3,9.220328960350972,9.197431361978639,9.672924945867665
Spain 2026,85.2,8.73915048280504,8.688252665165994,9.422804466036407
Spain 2026,85.1,9.044852054686206,9.010842258688456,9.579128165333803
Spain 2026,85.1,8.857650791039843,8.813457542032593,9.481665696729994
Spain 2026,85.3,9.187819139968816,9.16086741401648,9.6474978084198
Spain 2026,85.4,9.068420121252673,9.038044513756239,9.598700606489896
Spain 2026,85.5,8.917524544715015,8.878072397636998,9.5196378057193
Spain 2026,85.2,9.383155388192158,9.371369334646367,9.76147949949964
Spain 2026,85.5,8.9799563236958,8.942513845610016,9.546747833368928
Spain 2026,85.1,8.988956292717505,8.9600070128556,9.578254380264195
Spain 2026,85.3,9.065639288769312,9.039043210847682,9.610537491064626
Spain 2026,85.1,8.853827426838661,8.80707103681033,9.472291432928035
Spain 2026,85.1,8.943520507051144,8.912648280146318,9.557543584622607
Spain 2026,85.1,9.117477335823258,9.094850045922364,9.640673636434263
Spain 2026,85.2,8.846562248018019,8.80796156183019,9.500554913764557
Spain 2026,85.5,8.829496604266401,8.782935427684304,9.466938463131546
Spain 2026,85.2,9.140554135605495,9.114739717332375,9.637351972268922
Spain 2026,85.4,8.958063843531452,8.922629976866016,9.54667472156495
Spain 2026,85.2,9.034615101095625,9.006157764935983,9.594102174707595
Spain 2026,85.3,8.999081470767635,8.965323709126427,9.565121299282884
Spain 2026,85.1,8.8954377549201,8.857680166710423,9.518225535395171
Spain 2026,85.3,9.096116341855073,9.06846595911596,9.617221175125891
Spain 2026,85.2,8.849009292952324,8.800322320460854,9.462689348719678
Spain 2026,85.4,9.027547269512752,8.998485018234934,9.58970840423256
Spain 2026,85.5,9.16980189073534,9.145990451104709,9.652313280692038
Spain 2026,85.3,9.032881176257472,9.004956155623653,9.59496915379524
Spain 2026,85.3,9.131712387154826,9.103880665744228,9.627644880585855
Spain 2026,85.5,8.967367177854452,8.932684206172535,9.551935509568322
Spain 2026,85.2,9.289015039859015,9.269696703144136,9.706785179233165
Spain 2026,85.4,8.82383438444611,8.780216417050449,9.474917195164819
Spain 2026,85.2,8.855886649606376,8.818204599894186,9.5062571692256
Spain 2026,85.3,9.08435728825915,9.056215883645226,9.610842226252544
Spain 2026,85.5,9.06221131796554,9.034796350411998,9.60707250804183
Spain 2026,85.1,8.94752984941396,8.91502681225463,9.553325244469214
Spain 2026,85.5,9.016894567954735,8.982774740470115,9.568299842755648
Spain 2026,85.3,9.036842667940892,9.007765612639746,9.593175106719322
Spain 2026,85.1,8.99716481349801,8.967559432084515,9.57810647214879
Spain 2026,85.5,9.21543821963276,9.198103079655834,9.68951351265116
Spain 2026,85.2,8.87185195142844,8.830983982305424,9.499834772808082
Spain 2026,85.4,9.13851078727127,9.11133883858941,9.632142668934263
Spain 2026,85.5,8.921323005896266,8.885175410138476,9.531345405146679
Spain 2026,85.4,8.865862631165312,8.8228810068344,9.490317515681067
Spain 2026,85.4,8.922987154500614,8.884932180723553,9.525730431423366
Spain 2026,85.4,8.888108787419222,8.854169577895544,9.529743255638811
Spain 2026,85.3,8.988937283360537,8.95888139761741,9.573950023012664
Spain 2026,85.1,8.940440918965798,8.910161347954336,9.558670136250926
Spain 2026,85.3,8.737342776513243,8.679052599355925,9.39125472403248
Spain 2026,85.2,8.96454642805387,8.920484623819787,9.51270773800227
Spain 2026,85.2,8.950136048367739,8.91678043271371,9.550595846125818
Spain 2026,85.5,9.126330026966071,9.099383883491605,9.62861407935215
Spain 2026,85.1,9.02550803113526,8.997495617764363,9.593293762117884
Spain 2026,85.5,9.085875064969537,9.06108843389311,9.62330188713253
Spain 2026,85.2,8.934085862533056,8.899203669297176,9.540466170965319
Spain 2026,85.5,9.304024891982476,9.28872639194892,9.724609631541302
Spain 2026,85.2,8.944630475429069,8.908408202832666,9.539195970875875
Spain 2026,85.3,8.927739837535526,8.893191240700382,9.539474908668472
Spain 2026,85.4,8.913755189459716,8.87553137704048,9.522931306418085
Spain 2026,85.2,8.958401426138265,8.921566317387983,9.540014911972193
Spain 2026,85.1,8.836129073882919,8.797764498898328,9.497794506099332
Spain 2026,85.5,8.906993290774931,8.86551874318144,9.509401425197309
Spain 2026,85.2,8.784078434810949,8.741059277196364,9.464949584707803
Spain 2026,85.2,9.196109733608559,9.170270421380362,9.655034964100738
Spain 2026,85.2,9.261803379553166,9.243096670687606,9.69942961742736
Spain 2026,85.3,9.195200909413025,9.174013593251397,9.66960582359521
Spain 2026,85.1,9.123552516769827,9.097184093733459,9.628974619246682
Spain 2026,85.2,9.002776575320958,8.97047331026258,9.570780225721778
Spain 2026,85.4,9.068954664520982,9.035718867513317,9.589161903201887
Spain 2026,85.1,8.983515149463667,8.949713166616666,9.55965303469373
Spain 2026,85.1,8.89900075497215,8.862803380064188,9.525249380137348
Spain 2026,85.2,8.961477600847585,8.924823504030115,9.543259732808991
Spain 2026,85.1,8.79597225103857,8.74906777868474,9.455386348246487
Spain 2026,85.1,9.048703040863183,9.01725224409748,9.588798376144535
Spain 2026,85.2,8.969409574288433,8.935606174693643,9.554968363556714
Spain 2026,85.3,9.209772740192724,9.19061899825953,9.681478610585243
Spain 2026,85.5,8.811541261690632,8.77034682373669,9.480169734284258
Spain 2026,85.1,8.592030131834674,8.526932359507674,9.324888589973128
Spain 2026,85.1,9.100526355196877,9.075819615164594,9.628294740221012
Spain 2026,85.1,9.028568063367112,8.996639656684268,9.580675853079674
Spain 2026,85.4,8.893255754695122,8.85376302952221,9.511338098482563
Spain 2026,85.1,9.024508938303143,8.99548176787418,9.58923611022392
Spain 2026,85.3,9.093777441482983,9.068593543000672,9.624254414600038
Spain 2026,85.5,9.114839322395492,9.089035261451576,9.628051704875517
Spain 2026,85.1,8.977620557233207,8.942802766994047,9.55379242802737
Spain 2026,85.4,9.25529264315415,9.238405930738171,9.703736782620226
Spain 2026,85.2,8.956511400425654,8.9155416500953,9.526414885546473
Spain 2026,85.3,8.888263398035104,8.848693502578403,9.508816474905476
Spain 2026,85.3,9.245491495608968,9.226163710014783,9.692703323994978
Spain 2026,85.4,8.79828824386922,8.740844947847524,9.417442623605588
Spain 2026,85.2,9.094868631340464,9.068610461243319,9.620798637045553
Spain 2026,85.5,9.141689124968726,9.11763620897066,9.642950435232448
Spain 2026,85.4,9.090043868695284,9.061522242751709,9.611534265134855
Spain 2026,85.5,8.729537127938624,8.682648909773366,9.434487589209784
Spain 2026,85.1,9.26525221592768,9.246565205526045,9.701355644369071
Spain 2026,85.3,9.00136380680027,8.971054324727085,9.57745866534209
Spain 2026,85.1,9.263049485322817,9.243270056516987,9.696332293016237
Spain 2026,85.5,9.161886213405806,9.139526953882104,9.655709512614832
Spain 2026,85.3,8.760334250243513,8.716021989055871,9.453702168457603
Spain 2026,85.1,8.97222507519609,8.938899361381536,9.557549746890482
Spain 2026,85.1,8.884946919762362,8.841840935470552,9.494650883266456
Spain 2026,85.5,8.931353999214744,8.892169266475507,9.525294044636922
Spain 2026,85.4,9.187382493816372,9.166232499481705,9.667742867639602
Spain 2026,85.3,9.222986683106452,9.206542210324717,9.694573453967417
Spain 2026,85.3,8.871455933506587,8.817698216903917,9.452329189948918
Spain 2026,85.3,9.186537781563203,9.168110170604734,9.676599419434051
Spain 2026,85.1,9.042674435492144,9.016256184084469,9.603968053049426
Spain 2026,85.2,8.950684274860501,8.919068298838953,9.556923211449384
Spain 2026,85.2,8.950525090556539,8.912801247247712,9.53557846926119
Spain 2026,85.2,8.924796185245864,8.891135382469619,9.541764676764101
Spain 2026,85.4,8.902286821398794,8.865352175721764,9.523681350804601
Spain 2026,85.3,8.957060505362389,8.92259606805909,9.549118755813835
Spain 2026,85.3,9.034827598827919,9.002433218414609,9.581073175078483
Spain 2026,85.2,8.86143190433387,8.814085310337237,9.470452946016945
Spain 2026,85.3,8.861164526840575,8.82317060716415,9.50613891667645
Spain 2026,85.1,9.161736699808587,9.136510631212689,9.645498239012158
Spain 2026,85.1,8.930991786783132,8.897974443569726,9.54587412826937
Spain 2026,85.4,8.936535896938558,8.903097051686807,9.546299224968362
Spain 2026,85.2,9.070263709347588,9.042110757545066,9.607073792563979
Spain 2026,85.4,9.119404217259477,9.094102321666805,9.631808561017541
Spain 2026,85.3,9.016572068503937,8.985336171551964,9.578560218282034
Spain 2026,85.4,9.072748090610672,9.045195223830053,9.609394409326338
Spain 2026,85.4,8.828516870107213,8.787810947336474,9.486233832047521
Spain 2026,85.1,9.167828580392898,9.146183192860466,9.659721348165402
Spain 2026,85.5,8.936804524828684,8.898665726290947,9.529953538567936
Spain 2026,85.5,9.087974953427752,9.060832549096638,9.614711649592703
Spain 2026,85.5,9.21445371812345,9.196872121803445,9.68790808182793
Spain 2026,85.3,9.346329327368855,9.332745981099503,9.743834803321278
Spain 2026,85.5,9.228419215955599,9.209757975172819,9.689031841256648
Spain 2026,85.5,8.949463478882207,8.917984440443423,9.556859440229568
Spain 2026,85.5,9.048393864166659,9.018292945682493,9.593025573012856
Spain 2026,85.1,9.160752563672894,9.141635420248607,9.6660069997893
Spain 2026,85.3,8.739335940552419,8.68661920332126,9.414968520196407
Spain 2026,85.5,9.09544907970057,9.0717584352639,9.629804553595154
Spain 2026,85.1,8.981088944889258,8.942944752938804,9.542946421102865
Spain 2026,85.4,8.79472891140724,8.747995577207101,9.455135470999075
Spain 2026,85.3,9.076223620804546,9.050817817628491,9.618143678371894
Spain 2026,85.1,9.188473997793729,9.16799699473722,9.669451622839283
Spain 2026,85.5,8.941844277205256,8.904724463806632,9.534192829145326
Spain 2026,85.1,8.793497682477014,8.749562545716584,9.464894301436447
Spain 2026,85.2,9.064873490791477,9.031700808686765,9.587735288089705
Spain 2026,85.1,9.143143526350974,9.119931037095771,9.647041404227313
Spain 2026,85.3,9.017770782345025,8.98755358657134,9.583109714525257
Spain 2026,85.1,8.980055053464923,8.948798340905102,9.567372858292325
Spain 2026,85.1,9.211268276539085,9.192182315991595,9.68223629859622
Spain 2026,85.5,8.859507645382102,8.818225240428914,9.493895374581902
Spain 2026,85.1,8.951930899633455,8.911254856388162,9.526461540079199
Spain 2026,85.4,9.025279048355824,8.99505498115248,9.584986089851837
Spain 2026,85.2,8.980204357399856,8.947315097318175,9.561449718862372
Spain 2026,85.4,8.562717869025782,8.490201836441688,9.286062226446468
Spain 2026,85.2,9.132842025256728,9.106848974971303,9.634660968863326
Spain 2026,85.2,9.339776201497557,9.323043445184675,9.73110965414708
Spain 2026,85.3,8.992944867536197,8.95882080814671,9.561729908769218
Spain 2026,85.1,8.760196096852232,8.7159595426732,9.453326868522604
Spain 2026,85.1,8.944538177912769,8.907453612433363,9.53605001105369
Spain 2026,85.4,9.001850546117641,8.967512299098834,9.564185952364248
Spain 2026,85.5,9.174093708902396,9.150729346748431,9.6563630971466
Spain 2026,85.3,9.20389835843103,9.18024838493507,9.665314085434693
Spain 2026,85.1,9.138924291890293,9.11248893974246,9.633965621100739
Spain 2026,85.1,9.11174997615145,9.08282786585754,9.617990248302837
Spain 2026,85.5,8.878122372681688,8.841551426158182,9.516463518680041
Spain 2026,85.3,8.955849675502849,8.922403942640964,9.55207545206105
Spain 2026,85.1,9.168567914677833,9.145007545273444,9.654099855672692
Spain 2026,85.4,9.045588931732107,9.011313803762059,9.578232950061981
Spain 2026,85.5,8.88323828635967,8.83976927622789,9.494983351850756
Spain 2026,85.2,9.021845044813727,8.990544967934472,9.580609180418024
Spain 2026,85.2,9.117619728905344,9.08808465133679,9.615786590365081
Spain 2026,85.2,9.102221014165142,9.07860587355049,9.632481460492759
Spain 2026,85.3,8.985690007803024,8.954977279014182,9.571002157585855
Spain 2026,85.1,9.201063874236239,9.17481854142819,9.654518246604963
Spain 2026,85.2,8.932834462103727,8.899590913221745,9.545951557798224
Spain 2026,85.2,9.249527767020949,9.22602658891065,9.679666710183637
Spain 2026,85.2,9.032144552717336,9.004188013661665,9.595640089812198
Spain 2026,85.2,9.137670988455925,9.110111642035346,9.62873493326433
Spain 2026,85.1,9.159712225975982,9.13180463305355,9.636483447586423
Spain 2026,85.3,9.235371324146506,9.214934852440251,9.68559586160362
Spain 2026,85.2,8.963583825963461,8.927920918456081,9.545666478835976
Spain 2026,85.1,9.039055824218861,9.01163065081272,9.599292974268458
Spain 2026,85.1,8.788736199646623,8.740737707292164,9.448090671562547
Spain 2026,85.5,9.174312100044158,9.153659235387453,9.665342284240344
Spain 2026,85.4,8.930004108605624,8.887396790185612,9.510050181964356
Spain 2026,85.1,9.157997223121384,9.133051767304153,9.646039688735272
Spain 2026,85.5,8.862733817519192,8.815745262582507,9.475945549301306
Spain 2026,85.5,8.811144049185454,8.763714511519478,9.455237446137254
Spain 2026,85.1,9.01898317451502,8.976380842420536,9.538143197984052
Spain 2026,85.4,8.933809379191722,8.882667469893397,9.47777264773242
Spain 2026,85.5,8.94109026497193,8.89825884096345,9.513259552278747
Spain 2026,85.5,8.879472665057545,8.841492691527009,9.51290047852461
Spain 2026,85.3,9.018263513268444,8.976053869779403,9.540833533984463
Spain 2026,85.1,9.044911384967016,9.014980912766212,9.59267239038945
Spain 2026,85.5,9.115974345960055,9.093814562910232,9.641678196117718
Spain 2026,85.1,9.061361365572132,9.035036652494961,9.610272071618017
Spain 2026,85.4,9.305660761042912,9.283762963477178,9.703394969098225
Spain 2026,85.2,8.989756295331704,8.954142895321818,9.55589410005718
Spain 2026,85.1,8.967444496731966,8.927170328989586,9.529498465026261
Spain 2026,85.1,8.985847395852405,8.955523200922054,9.57239574241462
Spain 2026,85.3,9.004730506263483,8.972938197281868,9.57373106653217
Spain 2026,85.1,9.007168920286324,8.973359063406127,9.567209388977618
Spain 2026,85.2,8.939091761150399,8.90563169563333,9.547104062062168
Spain 2026,85.2,9.171451552675112,9.14707750712721,9.65231239451359
Spain 2026,85.1,9.039276070255074,9.000859539582315,9.560901874969401
Spain 2026,85.4,9.288384723322174,9.271535171617435,9.714328749275557
Spain 2026,85.1,9.291457510990572,9.274559403911354,9.715380894242799
Spain 2026,85.2,8.761692187535228,8.713500825610833,9.439937436984383
Spain 2026,85.3,9.081839837486799,9.05697754909749,9.621612522700708
Spain 2026,85.2,9.183057334278336,9.162345695989165,9.66784772171025
Spain 2026,85.4,9.136904526499185,9.11215898942857,9.639453785008266
Spain 2026,85.4,9.267152427438639,9.24804210666334,9.69987475529466
Spain 2026,85.1,9.011780639113287,8.980362016603614,9.576529966185733
Spain 2026,85.5,9.063465268489418,9.033150634680922,9.597534265180755
Spain 2026,85.5,8.965614623770081,8.92365240129771,9.524999681173012
Spain 2026,85.3,9.092313716511875,9.067780407853764,9.625994458602756
Spain 2026,85.3,8.957486503925926,8.923471659679224,9.551108120888674
Spain 2026,85.4,8.942121097792636,8.905404704074083,9.535466665070516
Spain 2026,85.4,9.165409740647814,9.14377957327763,9.65903099749168
Spain 2026,85.2,8.959404015517432,8.92603432719699,9.55308743523654
Spain 2026,85.1,9.07269050710205,9.045519873032351,9.611075882428898
Spain 2026,85.2,8.978402979995048,8.946307964839255,9.56349391039492
Spain 2026,85.3,8.860419524063134,8.819009958217139,9.493410069043723
Spain 2026,85.5,9.233784551620811,9.215882252889532,9.693533235306651
Spain 2026,85.3,8.86038350916669,8.824128759924026,9.512648987498354
Spain 2026,85.2,9.079494662150742,9.051451581288433,9.609061605695889
Spain 2026,85.5,9.356808467013407,9.343210594736455,9.74726864706955
Spain 2026,85.4,8.832960194780846,8.785989034970246,9.464745185799993
Spain 2026,85.1,9.116481918875417,9.090247330775481,9.627546873087244
Spain 2026,85.2,9.083725636626035,9.054610134381756,9.607990369523488
Spain 2026,85.2,8.886408863405183,8.842618123732697,9.492643859165335
Spain 2026,85.5,9.189709010927379,9.16594583613941,9.659932686165718
Spain 2026,85.4,8.873572958377528,8.834720242513905,9.507810547050362
Spain 2026,85.1,8.84418200948813,8.803917308254215,9.49348531813174
Spain 2026,85.1,9.089293073651962,9.059609386854655,9.608055149172563
Spain 2026,85.1,8.969309288885878,8.92901527909794,9.531199046376413
Spain 2026,85.3,8.988031024058934,8.952853164657492,9.556426993325154
Spain 2026,85.3,8.961236290076469,8.920667398639251,9.529413451410813
Spain 2026,85.3,8.91231012406147,8.878001277588242,9.535771286389254
Spain 2026,85.1,9.169286122209035,9.147192373295365,9.658917967237748
Spain 2026,85.5,8.938428060036786,8.901267629038092,9.532833746054877
Spain 2026,85.4,8.83951220932913,8.797980408982864,9.487281707082644
Spain 2026,85.4,9.187952458174514,9.168348108862542,9.673072584026691
Spain 2026,85.3,8.767713074261872,8.712741927137156,9.415477828944079
Spain 2026,85.3,9.080574447329953,9.052143051995392,9.609263845118162
Spain 2026,85.5,8.905290259723463,8.86334359843562,9.505760233683008
Spain 2026,85.1,8.900554169924835,8.86277550460817,9.520369816925639
Spain 2026,85.3,9.124910173781608,9.09992478210311,9.634749646460373
Spain 2026,85.1,8.795474888800946,8.746674244563653,9.447113431126187
Spain 2026,85.2,9.218686395485035,9.197173820249292,9.67661849277773
Spain 2026,85.2,8.944036925257429,8.912886871045702,9.556640894120443
Spain 2026,85.1,9.141406282304947,9.120550696300839,9.654169417740233
Spain 2026,85.2,9.037724183942649,9.005462982336391,9.58197546704307
Spain 2026,85.1,9.149807803537325,9.127039920610095,9.649879223417512
Spain 2026,85.4,8.9693225432298,8.93388774121301,9.54970359975664
Spain 2026,85.1,8.847444036991812,8.80498630949891,9.486307005731886
Spain 2026,85.1,8.839224529450458,8.795677885437154,9.479839915955884
Spain 2026,85.4,9.053748204730802,9.019899205523993,9.581827681105723
Spain 2026,85.1,9.016717761305614,8.987289673222516,9.584385786580272
Spain 2026,85.3,8.936955157274483,8.902364517282967,9.542793964109016
Spain 2026,85.1,8.884170746508538,8.840885660947212,9.495908590767424
Spain 2026,85.3,9.016815127747456,8.9840797789686,9.574179141528955
Spain 2026,85.4,8.955251166704237,8.925865452248122,9.566250892251869
Spain 2026,85.1,8.980029201479992,8.946207928904464,9.558556554209485
Spain 2026,85.2,9.242025025136977,9.221122184279675,9.685984227578594
Spain 2026,85.4,9.124856666409132,9.10197156468249,9.642174656024986
Spain 2026,85.2,8.900681873385448,8.86234737117794,9.517850046144183
Spain 2026,85.2,9.142552474917721,9.119028392605665,9.64591404100836
Spain 2026,85.1,8.800955244627195,8.757613517839754,9.46917780453165
Spain 2026,85.1,9.099840055186338,9.072386909056613,9.618374844884546
Spain 2026,85.4,9.077061603079082,9.051106833391993,9.61595882116921
Spain 2026,85.3,9.01904300404556,8.988558350144016,9.582603820773052
Spain 2026,85.5,9.146425183450283,9.1231724155294,9.647434572256248
Spain 2026,85.2,9.113416527210138,9.084809819232994,9.618702770506095
Spain 2026,85.4,9.1325156492767,9.110122922590405,9.646048366747117
Spain 2026,85.4,9.193814797493468,9.171531767980838,9.666002442369235
Spain 2026,85.4,8.97260509347255,8.930187807205549,9.522379138571758
Spain 2026,85.1,9.04130996167233,9.014208897695067,9.600992891709838
Spain 2026,85.5,9.035069314008856,9.00389273115628,9.584425039684927
Spain 2026,85.3,9.006015356596915,8.97235217741654,9.567673062811622
Spain 2026,85.4,9.028647074277691,9.004060259965405,9.605706262154127
Spain 2026,85.4,9.096761447779787,9.074079599666579,9.633768479731666
Spain 2026,85.3,9.203266811419645,9.178468600822333,9.66069034656646
Spain 2026,85.4,9.23677215696291,9.217023804075033,9.688488793529668
Spain 2026,85.2,8.776428844159694,8.731555915187265,9.456214006995156
Spain 2026,85.1,9.32262602948077,9.305778333644053,9.725522761571337
Spain 2026,85.3,8.930665598833015,8.892129444343002,9.526747121912946
Spain 2026,85.1,8.866003029614735,8.815899094076105,9.463394692986782
Spain 2026,85.5,9.15166683247744,9.12433549426387,9.634026734035583
Spain 2026,85.2,9.053588092243132,9.026658833765188,9.605400049042892
Spain 2026,85.5,8.949090280098916,8.919346365193192,9.56325380331779
Spain 2026,85.1,9.056593519670006,9.030560466645591,9.609712182165941
Spain 2026,85.5,9.200027406284905,9.182494617587166,9.683812008273641
Spain 2026,85.4,8.872878264891636,8.835911312345802,9.513791445810895
Spain 2026,85.3,9.033761896043352,9.005503926633185,9.594859746186465
Spain 2026,85.4,9.005615913468164,8.973310346942288,9.571818559892971
Spain 2026,85.3,9.042575254715361,9.007027842076754,9.571072070282401
Spain 2026,85.4,8.674757038873459,8.610336733688765,9.352002629990402
Spain 2026,85.2,8.756097227315498,8.701734293695205,9.412309533952234
Spain 2026,85.5,8.859665752038806,8.813285567356994,9.4763906876986
Spain 2026,85.2,8.785276589775618,8.725285007273351,9.404179943844136
Spain 2026,85.3,8.943212076705905,8.904309278645089,9.527578196880901
Spain 2026,85.1,9.040480294779297,9.008039129195733,9.582047932302286
Spain 2026,85.1,9.071390458218913,9.045912480450056,9.6160946687754
Spain 2026,85.5,8.631305371698078,8.557243814463616,9.294513615227853
Spain 2026,85.3,9.073273550803822,9.034652385667698,9.568001252058957
Spain 2026,85.1,9.072311303777957,9.042492351322306,9.600957096151314
Spain 2026,85.4,8.824452531089957,8.772583829389418,9.445358410466927
Spain 2026,85.1,8.790011143875484,8.742843521858575,9.450014188018494
Spain 2026,85.2,9.136228551763963,9.112860358288223,9.643194509902012
Spain 2026,85.1,8.907132963025218,8.865559405415382,9.508655396027002
Spain 2026,85.4,9.239354436972578,9.220943726055959,9.693798831089733
Spain 2026,85.4,8.879446562835264,8.841586166568245,9.512309386406026
Spain 2026,85.4,8.998957559227518,8.96360506076413,9.559945754975613
Spain 2026,85.3,9.03012072997936,8.998012505600263,9.580835632251155
Spain 2026,85.4,8.931503451068664,8.89993634107115,9.551500418483272
Spain 2026,85.2,8.9627579824867,8.929242124644034,9.554660391903106
Spain 2026,85.2,8.775675372668871,8.725511658601771,9.435687592044793
Spain 2026,85.2,8.99750918669319,8.966154558002245,9.572508946998004
Spain 2026,85.2,9.240085121887237,9.219864691330471,9.687732416595365
Spain 2026,85.1,9.02514449402738,8.992473966451998,9.577315118924366
Spain 2026,85.1,8.972625751945866,8.94168760615518,9.566439415531779
Spain 2026,85.1,8.72760814475675,8.68024927855551,9.432608170658996
Spain 2026,85.1,9.060785093636618,9.031428482036382,9.59909322265584
Spain 2026,85.1,9.09623178674135,9.068403545531412,9.615441917555811
Spain 2026,85.2,9.089746735633316,9.063012865240873,9.618211632048943
Spain 2026,85.1,8.878789700910144,8.835848327812093,9.494122490938974
Spain 2026,85.4,9.091562023029958,9.066524296663035,9.623836478881726
Spain 2026,85.4,8.881980324476428,8.83703678889449,9.48947081923066
Spain 2026,85.2,9.106758267640156,9.084413532031627,9.638037318946145
Spain 2026,85.1,9.045849710070012,9.017090310406935,9.597096800124797
Spain 2026,85.3,9.149775704467164,9.124833449189575,9.642944424885133
Spain 2026,85.3,8.956951891009869,8.92621835651901,9.562034786848766
Spain 2026,85.2,8.800604178399915,8.757864799524661,9.470778021657777
Spain 2026,85.5,9.225074060291027,9.205031324047958,9.683213261592334
Spain 2026,85.2,9.104097228843422,9.07869291647076,9.626790813738907
Spain 2026,85.5,9.160484115891151,9.134816717753186,9.644180095293148
Spain 2026,85.5,8.943102187426566,8.91163805645655,9.555346826996207
Spain 2026,85.3,9.17687583537917,9.153115054300848,9.655839256285269
Spain 2026,85.1,9.058559771480951,9.033691029893905,9.614202934382067
Spain 2026,85.5,9.147414697041658,9.126062331863237,9.653994741318858
Spain 2026,85.2,8.849614641174451,8.808622923352951,9.492055688364184
Spain 2026,85.2,9.257298471880333,9.239355371211364,9.700651541418976
Spain 2026,85.1,9.028743863835201,9.00084648789107,9.594626731366338
Spain 2026,85.1,9.268526886887438,9.249166623999038,9.699595787212647
Spain 2026,85.1,9.014223339287188,8.979000456725215,9.563307562772042
Spain 2026,85.1,9.036508247924338,9.007935635257914,9.594788938517071
Spain 2026,85.4,8.990012908728868,8.962994204788842,9.585337985895942
Spain 2026,85.1,8.856320566950066,8.81210177911428,9.483217321134536
Spain 2026,85.3,8.774097410398939,8.720625559702501,9.422016590281167
Spain 2026,85.1,9.02167729623601,8.99272993544084,9.588347193609703
Spain 2026,85.3,9.041696064291928,9.016693418167263,9.608562717722192
Spain 2026,85.5,8.897775305601295,8.859229566909923,9.515626750913807
Spain 2026,85.1,9.104048515188115,9.077474519534139,9.622220610289105
Spain 2026,85.2,8.800500791908357,8.750467043965095,9.444174484449734
Spain 2026,85.4,9.176035550472072,9.15587079181421,9.667448907013764
Spain 2026,85.3,8.868550750758757,8.828027148032797,9.50044309471312
Spain 2026,85.1,8.977415607493054,8.943744304537443,9.55886813645834
Spain 2026,85.1,9.036743547275883,9.00825920452216,9.595083748259036
Spain 2026,85.1,8.724366335759747,8.674704712959047,9.422801057937928
Spain 2026,85.5,9.07533179616309,9.053345610295313,9.629346125045736
Spain 2026,85.3,8.858936526075823,8.80985970792934,9.466586785380386
Spain 2026,85.5,9.287650864116745,9.271692021853802,9.717335853039451
Spain 2026,85.2,8.96492861939588,8.929537856881675,9.54860447586613
Spain 2026,85.2,8.996673439319077,8.96145123709086,9.559055111132578
Spain 2026,85.4,9.124012967080047,9.099018442125859,9.634581038105816
Spain 2026,85.1,8.828681530470506,8.775662150441248,9.443447678420089
Spain 2026,85.4,8.909519595468058,8.866837132340597,9.505329369597646
Spain 2026,85.2,9.044448777157942,9.012279093796211,9.584199243152066
Spain 2026,85.1,9.029864819650719,9.002073633318917,9.595177189827357
Spain 2026,85.4,9.129355673815631,9.106911980359882,9.6446941342367
Spain 2026,85.3,9.086157428097986,9.061442556342108,9.623249519199522
Spain 2026,85.2,8.958080925568362,8.919569536735816,9.5358113594556
Spain 2026,85.5,8.773974168644495,8.727244383843583,9.448015523376666
Spain 2026,85.1,9.23674321149334,9.21637570856765,9.686780157741016
Spain 2026,85.1,9.195939838860925,9.173090619272564,9.665124161467624
Spain 2026,85.3,8.850737666176109,8.808148025793418,9.486023725742566
Spain 2026,85.4,9.243224448675454,9.225253425398392,9.696446691460501
Spain 2026,85.1,9.071177630750038,9.04783346559072,9.623473281811224
Spain 2026,85.3,8.817352685848078,8.768673345268745,9.45406770828706
Spain 2026,85.1,8.820215510606692,8.766042965336263,9.431797812886863
Spain 2026,85.1,9.191291296618536,9.172999466425635,9.678624817555784
Spain 2026,85.2,8.89259014024901,8.85353123338417,9.513033247857388
Spain 2026,85.3,9.103373998337949,9.074343217542006,9.61468458527002
Spain 2026,85.3,9.03529384993899,9.008582877392298,9.600733137755718
Spain 2026,85.1,9.254486531475214,9.237987192170865,9.70475761996936
Spain 2026,85.5,8.999729686296225,8.969504992089174,9.577631607390826
Spain 2026,85.5,8.960051515199542,8.919968494401488,9.530881622972519
Spain 2026,85.2,9.18015319990791,9.157171157323825,9.659665640838597
Spain 2026,85.3,8.958334188375813,8.923375868752295,9.54742718296563
Spain 2026,85.5,9.067999973144204,9.037276315734847,9.597698655777865
Spain 2026,85.2,8.832825340963268,8.789070241545744,9.476983340630103
Spain 2026,85.3,9.114500811211402,9.092414342882776,9.641252929352444
Spain 2026,85.1,8.963242536262845,8.930032347965554,9.555169255829343
Spain 2026,85.5,9.186842278211886,9.167054966302004,9.67234107833909
Spain 2026,85.1,9.393892615436881,9.379879599882273,9.757747305808275
Spain 2026,85.3,8.723092267501412,8.66266895739496,9.378318215202503
Spain 2026,85.2,9.155322088864157,9.134760350445188,9.659347935292912
Spain 2026,85.2,9.207905199049945,9.184003260089462,9.663882848442913
Spain 2026,85.2,9.0145812762241,8.983243153465384,9.57736944694618
Spain 2026,85.1,9.379980627209012,9.367583689660375,9.758308492523506
Spain 2026,85.1,9.297378126612465,9.278434504440817,9.710394975829535
Spain 2026,85.3,9.026158511019402,8.996086748343977,9.58562427193776
Spain 2026,85.4,9.016870044665787,8.987807408889829,9.586690736630333
Spain 2026,85.2,9.298956032414358,9.284198964484538,9.724789670618836
Spain 2026,85.3,8.800032689878162,8.754681047283526,9.462221627602545
Spain 2026,85.4,8.830032890124622,8.777933485095357,9.448056733621515
Spain 2026,85.2,8.814443440138565,8.770359357814323,9.469310763726787
Spain 2026,85.3,9.13905130690883,9.116055112469287,9.645964808247534
Spain 2026,85.3,8.983270833642434,8.951003715305548,9.564712655028089
Spain 2026,85.5,8.694069320780333,8.64004559928221,9.397616250394147
Spain 2026,85.2,8.8331718820894,8.789872636620533,9.478674145828577
Spain 2026,85.4,9.240753337980232,9.220353172351425,9.687720836768943
Spain 2026,85.3,9.165889193062132,9.14163156290835,9.650797368275171
Spain 2026,85.4,9.00456801358694,8.968762180302468,9.558375285813835
Spain 2026,85.2,8.900698359784917,8.858568501424413,9.50445602753888
Spain 2026,85.2,8.987609165366512,8.950702070380173,9.550231806222909
Spain 2026,85.3,9.20477202283555,9.185561059182488,9.67941607105644
Spain 2026,85.1,9.03646682639354,9.008892412141243,9.598292083454146
Spain 2026,85.2,9.216586115399473,9.195959992174744,9.678711463310371
Spain 2026,85.4,9.306897018707685,9.29335816960021,9.731104504695182
Spain 2026,85.1,8.943629715719126,8.909479394635524,9.546390127564967
Spain 2026,85.2,8.98444944796678,8.948194360161118,9.550897512000807
Spain 2026,85.4,8.90081692797123,8.863519743625659,9.521912380088077
Spain 2026,85.2,9.29491129505675,9.276321296584873,9.710460575898303
Spain 2026,85.1,8.849764400136632,8.7968154588063,9.450969215792425
Spain 2026,85.1,8.883462447808428,8.8410541065767,9.497891160240442
Spain 2026,85.4,9.129879043607637,9.101486769164442,9.624466955360306
Spain 2026,85.3,8.991642772327085,8.96184541515381,9.576147795547591
Spain 2026,85.4,9.06024058238376,9.034810883464392,9.612256328808101
Spain 2026,85.4,9.207417264214953,9.186545793395304,9.674769071011507
Spain 2026,85.4,9.185781178134249,9.15362738036552,9.627943860007628
Spain 2026,85.2,8.903090161916404,8.86259026241208,9.511648124286875
Spain 2026,85.4,9.058186123162077,9.029873144981192,9.601976036079522
Spain 2026,85.1,8.743363301476386,8.697902681473227,9.444265626699767
Spain 2026,85.1,9.004283460910273,8.973431198647766,9.576858828500631
Spain 2026,85.3,8.85856632816682,8.81416707217204,9.483338647968665
Spain 2026,85.4,9.152344893277082,9.129825729463617,9.65180482674466
Spain 2026,85.1,9.1065758791011,9.074143722307605,9.602941534378257
Spain 2026,85.4,9.336903157885123,9.316848563581154,9.719520105641363
Spain 2026,85.5,9.270194508936562,9.253114022807008,9.70773247975751
Spain 2026,85.3,9.00768608269339,8.97741362489218,9.580085942937957
Spain 2026,85.2,9.120952812199818,9.095041884238334,9.63009129685078
Spain 2026,85.1,8.549882421257664,8.483734290969224,9.308056286971848
Spain 2026,85.5,8.90542420507455,8.866078863590745,9.514707153057474
Spain 2026,85.1,9.163561472057157,9.14139507108309,9.656181808678689
Spain 2026,85.2,9.07419776467059,9.047407808754922,9.612842443424455
Spain 2026,85.3,9.034804686043058,8.99969538747531,9.57247572351987
Spain 2026,85.2,8.95809360566589,8.923295534465714,9.548003821998904
Spain 2026,85.1,8.904776109714938,8.865699934731879,9.516176107107434
Spain 2026,85.2,9.14701135749054,9.123683426891876,9.647387579767381
Spain 2026,85.5,9.0979631475665,9.07529022213119,9.634152598782162
Spain 2026,85.4,9.089880577619958,9.065161023765766,9.624720117437738
Spain 2026,85.3,9.03833427958769,9.008781277795384,9.591681063014839
Spain 2026,85.5,9.07167400772779,9.045087813796735,9.612102350152064
Spain 2026,85.1,8.770589059776606,8.728387461643353,9.464213087126286
Spain 2026,85.2,9.105880730021005,9.081745436078382,9.63158470554199
Spain 2026,85.1,8.558330785772409,8.488810788779425,9.298727070567717
Spain 2026,85.3,8.854188494472305,8.812723090981518,9.492630079703472
Spain 2026,85.5,9.070464837288107,9.044221225233919,9.613282217168745
Spain 2026,85.4,8.794983876827388,8.749047863088073,9.457757264320145
Spain 2026,85.2,9.236780102562633,9.220213973327605,9.698706403483055
Spain 2026,85.3,8.896058600549019,8.854442668676958,9.505813411590006
Spain 2026,85.5,9.18119568865807,9.160600943068367,9.667673865785481
Spain 2026,85.5,9.127820390449893,9.105166296979803,9.643484594061604
Spain 2026,85.3,9.04439634237434,9.009132179679412,9.571627236964867
Spain 2026,85.2,9.288054449811195,9.27000035120408,9.710190149582305
Spain 2026,85.5,9.053779638166597,9.022746923941785,9.591325119269161
Spain 2026,85.4,9.001415096679853,8.969923121486168,9.573469306913355
Spain 2026,85.1,9.053364315507178,9.027335468202883,9.608690900381198
Spain 2026,85.2,8.993413258976128,8.96092311031312,9.56684324677539
Spain 2026,85.3,9.04427880265741,9.011578935703108,9.583250932220244
Spain 2026,85.2,9.079089741041352,9.048911973512425,9.60301982206072
Spain 2026,85.4,9.044799101666396,9.016507932719025,9.597779368881769
Spain 2026,85.1,8.948989823232148,8.918474632083525,9.560334825311667
Spain 2026,85.3,9.051538616930507,9.020664331608403,9.591518530952094
Spain 2026,85.1,9.060594827656216,9.032673149786346,9.604806561057774
Spain 2026,85.1,8.709808625470373,8.658755941634581,9.413256156566426
Spain 2026,85.3,9.21043243736538,9.189095910120388,9.674386583999873
Spain 2026,85.5,9.32456837697808,9.311516199801515,9.738616252291084
Spain 2026,85.5,8.996276588643624,8.961408324525186,9.560394658692884
Spain 2026,85.2,9.040216560724625,9.01276705454089,9.599797877474575
Spain 2026,85.4,9.044093515319684,9.012798090269,9.58733479743966
Spain 2026,85.3,8.664531670449811,8.611063129238966,9.390961384968389
Spain 2026,85.1,8.870403327862972,8.823644544123393,9.478704792446974
Spain 2026,85.2,8.79115050981316,8.746174409803197,9.460670741164458
Spain 2026,85.5,9.129988117432653,9.103534830741149,9.631783910974626
Spain 2026,85.2,8.884668005093843,8.83631182688006,9.473687093053515
Spain 2026,85.3,9.19204759985196,9.17429667038738,9.68047983444268
Spain 2026,85.4,8.9713946148558,8.93931286940812,9.562162435438612
Spain 2026,85.1,8.95012611414057,8.90691394766454,9.516170997417685
Spain 2026,85.5,9.06206241549831,9.03609677155944,9.61182942063754
Spain 2026,85.2,9.092339139230619,9.06559372967206,9.61871425999507
Spain 2026,85.2,9.285339292411601,9.266242991996199,9.706004793848443
Spain 2026,85.4,8.905681305191495,8.87026209262132,9.529033880242757
Spain 2026,85.1,8.800725794409573,8.755755103482153,9.463329215032209
Spain 2026,85.1,9.135649091819895,9.113965402742682,9.649232667492809
Spain 2026,85.3,8.865667692494762,8.815513681438818,9.46088271083563
Spain 2026,85.4,9.111942918866845,9.087942053518667,9.633894591005287
Spain 2026,85.4,9.14357749599188,9.120579483698402,9.647687630608406
Spain 2026,85.2,8.869043267894888,8.830883395351602,9.508143609745979
Spain 2026,85.2,9.14421530124322,9.110919798535544,9.61287625681653
Spain 2026,85.3,8.910355289124741,8.875700596130862,9.534041122937236
Spain 2026,85.2,9.058673090308655,9.028499500588104,9.596492560301801
Spain 2026,85.1,9.23146149717473,9.210354286426366,9.682300336003673
Spain 2026,85.4,9.126733500749541,9.103332778566138,9.640948723137813
Spain 2026,85.3,8.843486533010585,8.805026885899185,9.499738376229926
Spain 2026,85.2,8.981297391456582,8.947299058070358,9.558632997852005
Spain 2026,85.5,8.978611494007586,8.943636559061117,9.554503945061033
Spain 2026,85.5,9.05364774721168,9.017996969608333,9.57347162207791
Spain 2026,85.2,9.185704927703734,9.163742636451405,9.664797168390217
Spain 2026,85.2,9.197462255289272,9.175340893530826,9.667933311305553
Spain 2026,85.2,8.951481404955434,8.9104835794961,9.522468660239396
Spain 2026,85.1,8.989743988706364,8.96273504371018,9.585237560969906
Spain 2026,85.2,8.924583857439872,8.888184919711675,9.530768877598826
Spain 2026,85.2,8.941365831036578,8.903941445071874,9.531937605430786
Spain 2026,85.1,9.101943120156449,9.073678598289552,9.616639842965943
Spain 2026,85.3,9.331579892564468,9.319411283818472,9.743333211075381
Spain 2026,85.4,8.932421005151586,8.896056842647305,9.534421150049571
Spain 2026,85.3,9.127462446487929,9.100978940459791,9.631297047007498
Spain 2026,85.2,9.097041651037243,9.07219509342251,9.62667249505099
Spain 2026,85.4,8.925352356927718,8.882741028469322,9.509073445479746
Spain 2026,85.1,9.17326358736689,9.14797685800497,9.64918519237523
Spain 2026,85.1,8.855955666853479,8.81501618231624,9.495342144212648
Spain 2026,85.1,8.957790820792589,8.927496990379312,9.563619136588882
Spain 2026,85.2,8.826431179800272,8.780877631332878,9.468212996152864
Spain 2026,85.4,9.218413708722833,9.194373393160433,9.66806033614077
Spain 2026,85.2,8.926876811854507,8.888594342976711,9.525451237782242
Spain 2026,85.3,8.965185469578374,8.933852478048134,9.562692195608879
Spain 2026,85.5,9.091746218712768,9.067840998308549,9.628103582698508
Spain 2026,85.1,9.121121483494786,9.090312472453014,9.613533471301448
Spain 2026,85.1,8.866919793670192,8.820502587858844,9.476951482213337
Spain 2026,85.2,9.253642702390785,9.236931895028599,9.703772174338356
Spain 2026,85.5,8.950033376233339,8.91413940889567,9.542306787651968
Spain 2026,85.2,8.862429431458263,8.813609942708933,9.467358477351071
Spain 2026,85.2,8.915918313791938,8.873572269966761,9.507939241471512
Spain 2026,85.2,8.89756255765429,8.860812209123608,9.522661106399065
Spain 2026,85.4,8.95823398293545,8.928982066476468,9.56779137008273
Spain 2026,85.4,8.972591477403295,8.936748079837994,9.550062585981463
Spain 2026,85.3,8.951976743700653,8.917176199449887,9.546556349843254
Spain 2026,85.2,9.032274622449583,9.000396831165013,9.581600941776916
Spain 2026,85.2,8.862879078105351,8.817087438022124,9.479016025322146
Spain 2026,85.5,9.042335302119962,9.012309269684282,9.591726664701431
Spain 2026,85.1,8.973502044130296,8.938094709556129,9.551137407866262
Spain 2026,85.2,8.854997189970275,8.813489485007125,9.492325112701886
Spain 2026,85.2,8.792628293816229,8.750620373484905,9.471775378332108
Spain 2026,85.2,9.085369897630608,9.059170481059972,9.618280342721746
Spain 2026,85.4,8.85070448190874,8.80701149054834,9.48283640762425
Spain 2026,85.5,8.691604750974621,8.637242603670254,9.396355925230608
Spain 2026,85.1,8.875101257334297,8.832143591613182,9.492774484632678
Spain 2026,85.5,8.831147149291725,8.781929208264817,9.457724163460476
Spain 2026,85.2,9.148674119179011,9.124096388797312,9.644492242642528
Spain 2026,85.3,9.116636523926408,9.087090265809064,9.617453567618794
Spain 2026,85.2,9.060169788430404,9.02880642862759,9.592712992850965
Spain 2026,85.3,8.825281350188444,8.77758484606899,9.460678933750096
Spain 2026,85.5,8.933255119600286,8.891811909688986,9.517762162668502
Spain 2026,85.1,9.070975068161541,9.038133016475975,9.590250827896302
Spain 2026,85.1,8.94996829136401,8.913586820736668,9.540035929211111
Spain 2026,85.1,8.98637403225406,8.956520437593266,9.574190215754914
Spain 2026,85.3,9.027994451982712,8.994257723969511,9.57464028553304
Spain 2026,85.5,8.794799566068923,8.747172266807258,9.450171215206678
Spain 2026,85.4,9.014384722921566,8.973582474785626,9.543716740310424
Spain 2026,85.1,9.238393949174567,9.217884811657477,9.68585168205283
Spain 2026,85.2,9.209737225406059,9.188403343546183,9.674335067194177
Spain 2026,85.1,8.837690975790446,8.796312374233992,9.487304087882807
Spain 2026,85.4,9.099230805794203,9.071904181546795,9.618217574099573
Spain 2026,85.4,9.07663322502211,9.047761957440118,9.60696503503343
Spain 2026,85.3,9.098844725846668,9.068986994505623,9.60941795412272
Spain 2026,85.4,8.797155155518876,8.753655621823086,9.466914124774364
Spain 2026,85.5,8.949405944941326,8.910443774344504,9.531646291793995
Spain 2026,85.2,9.212264817148812,9.190933054642036,9.674894528960156
Spain 2026,85.3,9.048617857966736,9.020861969240288,9.601284836540827
Spain 2026,85.3,9.149813015620516,9.12974548243025,9.659270226873076
Spain 2026,85.5,9.114520379536254,9.092665749643384,9.642215442076491
Spain 2026,85.1,8.96819112087808,8.937225910916766,9.564800474777892
Spain 2026,85.2,9.131734062977657,9.105002098780224,9.631560002610431
Spain 2026,85.3,8.765303798120499,8.713713697779223,9.42812795491749
Spain 2026,85.1,9.330269108129981,9.31317545021977,9.727340361262367
Spain 2026,85.2,8.819170089759094,8.772847906973624,9.463585532144652
Spain 2026,85.4,9.053379087260657,9.023857101469007,9.597156972218752
Spain 2026,85.2,8.848339515775415,8.806186037730823,9.487053374440668
Spain 2026,85.1,9.031437415960577,8.998953261794796,9.578714163161777
Spain 2026,85.3,9.032129209025834,9.001059292624529,9.585228061624942
Spain 2026,85.5,9.066102214135023,9.041224903467189,9.616615256182824
Spain 2026,85.3,8.95149932148644,8.920061615912559,9.55815236552932
Spain 2026,85.1,9.052702367982908,9.026919502655264,9.609392133695126
Spain 2026,85.2,8.850757794682771,8.806543185318352,9.480057606506477
Spain 2026,85.2,9.01460252949622,8.980097636444667,9.567808632473271
Spain 2026,85.3,9.09169449613729,9.061461684528492,9.606432841925365
Spain 2026,85.2,9.275212647664308,9.257626236508955,9.707818116220729
Spain 2026,85.3,9.078630081898458,9.046316502989386,9.594186992289348
Spain 2026,85.4,9.18695096862588,9.163148518677582,9.658921771951794
Spain 2026,85.4,9.07298950820232,9.03797204216392,9.582353235651787
Spain 2026,85.4,9.136312906096995,9.111870200271051,9.639551260145868
Spain 2026,85.2,9.144590942232693,9.121561523645768,9.648158388123605
Spain 2026,85.4,9.185995171757085,9.163418149549047,9.662600577795144
Spain 2026,85.1,8.799385315247063,8.758808055602104,9.478867745290382
Spain 2026,85.2,8.79755522532972,8.739848032476745,9.414773148901805
Spain 2026,85.2,8.94059120001574,8.909874111726257,9.557253824646981
Spain 2026,85.2,9.017291658625853,8.983528469697477,9.568801460039072
Spain 2026,85.5,8.938701418978063,8.903174571576205,9.53942821220285
Spain 2026,85.5,8.754492527717362,8.705503036112935,9.434356556461875
Spain 2026,85.2,9.039718273226452,9.007790309509714,9.584519158050126
Spain 2026,85.1,9.039418613327472,9.010215122379936,9.593329421921311
Spain 2026,85.1,9.145728686035193,9.123968191069975,9.652538285692842
Spain 2026,85.3,8.596933307116073,8.525385420868133,9.299350942631982
Spain 2026,85.4,8.792050994740267,8.75139517668093,9.476082957992674
Spain 2026,85.3,9.011731147433352,8.984013175774576,9.589762676404591
Spain 2026,85.1,9.177347164354615,9.155439188433444,9.661478178875127
Spain 2026,85.5,9.193262851146285,9.174313290857393,9.676983490675275
Spain 2026,85.5,9.14262125398457,9.116820109862086,9.638144057812873
Spain 2026,85.1,9.096912095915203,9.072261523115056,9.627363095326604
Spain 2026,85.2,8.91863797215007,8.877768255266071,9.514463508091088
Spain 2026,85.1,8.884919648407141,8.848505290574806,9.519763982479436
Spain 2026,85.4,9.048998548581455,9.016431893344183,9.584827957541087
Spain 2026,85.3,9.159315345965963,9.134359501987685,9.646022201146195
Spain 2026,85.5,8.976592102213374,8.943531775233366,9.559748145578439
Spain 2026,85.2,9.135023512797618,9.111147451410169,9.641666632675843
Spain 2026,85.1,8.999361484685474,8.972556268007201,9.58898423331896
Spain 2026,85.2,9.009417720548976,8.979920681648956,9.583054696115545
Spain 2026,85.3,8.991097674574348,8.960193194212682,9.57152561459785
Spain 2026,85.3,8.978416853186534,8.946702599064224,9.564952353725541
Spain 2026,85.5,9.385588925562583,9.3731783670627,9.760233540496388
Spain 2026,85.3,9.164528928023264,9.13940761602121,9.647636987914721
Spain 2026,85.4,8.973676975916092,8.935582323708449,9.54155619564865
Spain 2026,85.5,8.927452910749569,8.891066886318088,9.533105711710167
Spain 2026,85.3,9.069330076307077,9.043810861282315,9.615528146616382
Spain 2026,85.4,8.859071974091188,8.81751612596863,9.493576697232323
Spain 2026,85.5,8.952426133118218,8.915050959620448,9.535767738848843
Spain 2026,85.1,9.145164167187346,9.117859982543127,9.633393270412158
Spain 2026,85.3,9.197525275608745,9.170175395735228,9.64962652381233
Spain 2026,85.5,9.253813185735906,9.232398259119638,9.688470211757016
Spain 2026,85.1,8.887989777291537,8.851275599532833,9.519428224936599
Spain 2026,85.3,8.911256149481142,8.875529067079462,9.53026319830646
Spain 2026,85.3,8.772144571146077,8.718862564254996,9.423079437098753
Spain 2026,85.5,9.397548548795488,9.384881483336189,9.763291465365198
Spain 2026,85.3,9.201690057343084,9.184503593696052,9.685465180186446
Spain 2026,85.1,8.83231262462364,8.787413653456133,9.471554297152815
Spain 2026,85.5,9.08967888992259,9.063950552786595,9.621246013412179
Spain 2026,85.3,9.055255210162777,9.02736832978843,9.603091654550637
Spain 2026,85.4,8.816986257861789,8.774353755338584,9.476607716343047
Spain 2026,85.1,9.354691243038637,9.340095477538094,9.743256826981169
Spain 2026,85.3,8.993045690822115,8.958466619329503,9.560425276855755
Spain 2026,85.4,9.065842053532444,9.03843149963799,9.607813594611727
Spain 2026,85.4,8.759178179343728,8.709218936479083,9.430730310363764
Spain 2026,85.2,8.662038979789322,8.6044409051603,9.373925355021704
Spain 2026,85.4,9.00340915875084,8.969447547074603,9.565699470986326
Spain 2026,85.2,9.1024341718196,9.075854215148095,9.622688622709228
Spain 2026,85.3,9.08363732462092,9.062349691396964,9.634292777640551
Spain 2026,85.5,8.860364768319517,8.822926051786277,9.508827764961051
Spain 2026,85.2,8.880058755329019,8.839265678225786,9.502413966646412
Spain 2026,85.1,8.836882989640056,8.795291338783992,9.486107810897533
Spain 2026,85.5,8.85593685057329,8.807885338054666,9.469761634176972
Spain 2026,85.3,8.824464883409755,8.782661924076365,9.481367355664128
Spain 2026,85.1,8.69913907884512,8.644543547206233,9.39703176889324
Spain 2026,85.5,8.959994606875918,8.929224218639552,9.563088429188648
Spain 2026,85.5,8.779205304309748,8.72853944943515,9.432844847570857
Spain 2026,85.2,8.677497008289873,8.613221445657413,9.354249627924148
Spain 2026,85.2,8.88498968811233,8.833401402927588,9.465399486185621
Spain 2026,85.1,8.725141789783692,8.673542841854363,9.415795763556288
Spain 2026,85.1,8.961146935610651,8.922495284795955,9.536508086729437
Spain 2026,85.2,8.98392701665186,8.95311102188149,9.570649999432328
Spain 2026,85.1,9.216498676069607,9.196545705224075,9.68105948087673
Spain 2026,85.2,9.2458143049341,9.227767588390739,9.696898736206828
Spain 2026,85.3,9.122464805129418,9.098166518768576,9.635789037060153
Spain 2026,85.3,9.245319994689128,9.230190961993973,9.70613125954747
Spain 2026,85.1,9.130900821369416,9.105035027845036,9.634095573321984
Spain 2026,85.5,9.140681363777976,9.116545442678255,9.642839642483878
Spain 2026,85.5,8.839081093678532,8.79240347398374,9.469596876095988
Spain 2026,85.3,9.047740785613428,9.018146613704538,9.594726289798546
Spain 2026,85.1,8.924729548047862,8.88575016443488,9.523238006702217
Spain 2026,85.1,9.092024802165572,9.065952076883812,9.620965608828222
Spain 2026,85.2,9.132609777771393,9.111102818280955,9.64907864508086
Spain 2026,85.3,9.147340167924547,9.126882223272666,9.65742618083455
Spain 2026,85.4,9.169584219707227,9.14556006763339,9.652517371658638
Spain 2026,85.2,8.944813104824782,8.9068765167683,9.533206844611279
Spain 2026,85.1,8.795768520849874,8.744102689491234,9.434509490818236
Spain 2026,85.3,9.19847434096315,9.179535021023433,9.67832044031969
Spain 2026,85.1,9.018307917513882,8.986604844250852,9.576858585216424
Spain 2026,85.1,8.966193451016203,8.92715163145555,9.53536148467959
Spain 2026,85.4,9.07859082244737,9.049165131006196,9.605750872891415
Spain 2026,85.3,9.092872279528624,9.065495675481635,9.617172937643124
Spain 2026,85.2,8.927519018544746,8.894504066222703,9.544340978591375
Spain 2026,85.3,8.959673868217026,8.925101441871773,9.548916533989392
Spain 2026,85.4,8.972703585287322,8.93184830777773,9.532312772340331
Spain 2026,85.4,9.022087001331606,8.99240334660332,9.586357255134834
Spain 2026,85.4,9.012651183295148,8.971633702823,9.540370373705231
Spain 2026,85.2,9.032330893966982,9.00588633542109,9.600512002194133
Spain 2026,85.2,9.337666472950051,9.326498179272487,9.748604596280968
Real Madrid 2026-27,86.2,9.123079212362914,9.092541974507078,9.614764284052502
Real Madrid 2026-27,86.5,8.993264931690048,8.958983191574312,9.561236900500772
Real Madrid 2026-27,86.5,8.942512977602401,8.90594427870172,9.537089778730149
Real Madrid 2026-27,86.2,8.915518694540548,8.88044433533899,9.534211975437266
Real Madrid 2026-27,86.5,9.210225772997958,9.189436461086832,9.675870809183643
Real Madrid 2026-27,86.6,8.947632098043226,8.907304578790571,9.523423286325423
Real Madrid 2026-27,86.4,9.291386830082773,9.274803483913242,9.716278147969685
Real Madrid 2026-27,86.3,9.249837096478519,9.23476384286479,9.707769279703642
Real Madrid 2026-27,86.3,9.097511545987576,9.069079947607172,9.613388431466902
Real Madrid 2026-27,86.2,9.056112678868828,9.024773685115179,9.59003246759554
Real Madrid 2026-27,86.3,9.394300315384829,9.381792773826081,9.762741933085175
Real Madrid 2026-27,86.5,9.066859047525892,9.038215310104464,9.604486915529478
Real Madrid 2026-27,86.2,9.16085989237178,9.139346792919529,9.658088284838522
Real Madrid 2026-27,86.2,9.329722117398132,9.316590924597406,9.73987682441657
Real Madrid 2026-27,86.5,9.064635693903169,9.037200370079471,9.607536848102328
Real Madrid 2026-27,86.3,9.066389053013372,9.035927667177937,9.59650720965104
Real Madrid 2026-27,86.4,9.220321487525096,9.199177166543176,9.678323051115898
Real Madrid 2026-27,86.4,9.046994817721076,9.013143313739768,9.579939618023122
Real Madrid 2026-27,86.2,9.053899506389168,9.026159114677338,9.603136088533997
Real Madrid 2026-27,86.4,9.10950035944637,9.082272725561825,9.62307655133922
Real Madrid 2026-27,86.6,9.026147443152976,8.995250214971161,9.582841884270628
Real Madrid 2026-27,86.2,9.16198197623347,9.138867849954286,9.653019724571646
Real Madrid 2026-27,86.6,9.218394363953115,9.199439355739132,9.684454878362166
Real Madrid 2026-27,86.5,9.089968151723339,9.063768568379466,9.619589752132109
Real Madrid 2026-27,86.2,8.813048765792274,8.760201890814097,9.436337505494238
Real Madrid 2026-27,86.4,9.172341956097211,9.150954834691392,9.662328675421945
Real Madrid 2026-27,86.3,9.037774813086543,9.009929160689866,9.596827963855588
Real Madrid 2026-27,86.3,9.015336668344887,8.976662141709093,9.552476656457033
Real Madrid 2026-27,86.2,9.329142094200677,9.313872132902882,9.732530799983602
Real Madrid 2026-27,86.3,9.241531216265583,9.224827061659436,9.699814771169558
Real Madrid 2026-27,86.3,9.045053976702542,9.01665852245656,9.598293828864469
Real Madrid 2026-27,86.2,9.384755217559968,9.372539594353972,9.760558546010603
Real Madrid 2026-27,86.5,9.010252391229024,8.982100657020771,9.587670613623022
Real Madrid 2026-27,86.4,9.198030974969239,9.178255761943856,9.676020161963727
Real Madrid 2026-27,86.5,9.207471021640973,9.184585065625408,9.668689349617825
Real Madrid 2026-27,86.2,8.892263901535694,8.848977423387405,9.496418189713413
Real Madrid 2026-27,86.6,8.99331620490016,8.964152178970156,9.57897583697996
Real Madrid 2026-27,86.5,9.24209496726457,9.22356192364891,9.69412146611791
Real Madrid 2026-27,86.6,9.06180279429263,9.033502213433918,9.603362780439381
Real Madrid 2026-27,86.2,9.077535858143342,9.052805536170673,9.620564057552013
Real Madrid 2026-27,86.3,9.288646244078258,9.272751756656398,9.717909752617786
Real Madrid 2026-27,86.2,9.449965078062096,9.43862873858976,9.78452967086417
Real Madrid 2026-27,86.4,9.230692354157995,9.211727367853054,9.688476032807925
Real Madrid 2026-27,86.3,9.084677250874643,9.053020031568233,9.598227438445333
Real Madrid 2026-27,86.6,9.350918873967766,9.336712934014662,9.743593726847735
Real Madrid 2026-27,86.3,9.118199020094595,9.090965010892985,9.624548510642803
Real Madrid 2026-27,86.2,9.267616551905148,9.25226198858486,9.712558453969933
Real Madrid 2026-27,86.3,9.011459533018018,8.975855272144273,9.562782046353071
Real Madrid 2026-27,86.2,9.062203766176747,9.03287335555161,9.599270875959785
Real Madrid 2026-27,86.2,8.853108743488104,8.8066960836229,9.471934435784036
Real Madrid 2026-27,86.2,9.117117394086447,9.089904293557357,9.625270810405723
Real Madrid 2026-27,86.3,9.167464393348698,9.145264046725828,9.657937142350493
Real Madrid 2026-27,86.4,9.04842936735629,9.017352211958535,9.588049520112152
Real Madrid 2026-27,86.3,9.044062431378578,9.015615679838287,9.5964750417433
Real Madrid 2026-27,86.4,9.233694812673804,9.212042463985718,9.681429419608806
Real Madrid 2026-27,86.3,9.113760772584788,9.08415757529423,9.615684712836808
Real Madrid 2026-27,86.5,9.24419095122428,9.224664063278535,9.691043399088512
Real Madrid 2026-27,86.5,9.220700997607251,9.201540644966325,9.684919547673172
Real Madrid 2026-27,86.6,9.08253934550155,9.052134778062854,9.602975851721663
Real Madrid 2026-27,86.2,9.183552976897287,9.165257962206567,9.676037597050657
Real Madrid 2026-27,86.4,9.240044969428961,9.217275290451335,9.679550251250204
Real Madrid 2026-27,86.6,9.173247840756192,9.154987556272705,9.672852578196173
Real Madrid 2026-27,86.4,9.199971312417299,9.18098912208822,9.678843190704363
Real Madrid 2026-27,86.4,9.072512371227836,9.047288946212772,9.617594844869028
Real Madrid 2026-27,86.3,9.251570850163645,9.235264154055765,9.704278590520918
Real Madrid 2026-27,86.2,9.081568467259473,9.04715091451947,9.587444844618947
Real Madrid 2026-27,86.3,9.141816209250711,9.117553050258788,9.642828127691272
Real Madrid 2026-27,86.2,9.193628042952021,9.173521712794543,9.673431082302518
Real Madrid 2026-27,86.2,9.047736989049346,9.02034286078932,9.601965292976933
Real Madrid 2026-27,86.6,9.141689200887395,9.11471936443975,9.632488014467265
Real Madrid 2026-27,86.2,9.14252240189302,9.11867907736335,9.644388808783448
Real Madrid 2026-27,86.4,9.199499664232526,9.177109329477148,9.667762404345037
Real Madrid 2026-27,86.3,9.12498896160482,9.101127760329714,9.63900692578198
Real Madrid 2026-27,86.5,9.12727489859243,9.104499365248184,9.643143830959055
Real Madrid 2026-27,86.3,9.00794199341344,8.97075706778599,9.554846108201376
Real Madrid 2026-27,86.6,9.125869933045724,9.10023411520418,9.633351804852069
Real Madrid 2026-27,86.6,9.4361320501197,9.426081081217218,9.784363209903962
Real Madrid 2026-27,86.3,9.1143139239209,9.084370927429033,9.614746584306745
Real Madrid 2026-27,86.4,9.162425397588452,9.14113147269316,9.659293301209008
Real Madrid 2026-27,86.3,9.053176851071141,9.0137530860758,9.55872333605629
Real Madrid 2026-27,86.5,9.230736922370703,9.203312890686624,9.65888842994508
Real Madrid 2026-27,86.3,9.069669136366121,9.041625640919218,9.607235617304895
Real Madrid 2026-27,86.6,9.263813080120745,9.24679301275254,9.705878103099614
Real Madrid 2026-27,86.2,9.337105340694652,9.321862481009761,9.735182878929109
Real Madrid 2026-27,86.2,9.229292916429513,9.206948856440174,9.67630093729417
Real Madrid 2026-27,86.2,9.324470939353564,9.30723129159465,9.724297743755745
Real Madrid 2026-27,86.4,9.187456940587314,9.160754577876974,9.64895285760526
Real Madrid 2026-27,86.3,9.087666036858032,9.059827547199703,9.612692926488132
Real Madrid 2026-27,86.2,9.345401796207213,9.332279394898885,9.745168581973205
Real Madrid 2026-27,86.3,9.068767697403777,9.039238752770007,9.601631141836497
Real Madrid 2026-27,86.3,9.229459950345667,9.210296290753169,9.688244178570644
Real Madrid 2026-27,86.3,9.098981763360761,9.068720679884416,9.608570782174157
Real Madrid 2026-27,86.4,9.04361362759392,9.016718427854148,9.60270738482052
Real Madrid 2026-27,86.5,9.052217050745938,9.017967682334028,9.579415771717574
Real Madrid 2026-27,86.5,9.07943598714679,9.054175743495431,9.61954662674293
Real Madrid 2026-27,86.3,8.992586252433533,8.953972006828788,9.545461106286812
Real Madrid 2026-27,86.5,9.25375306126808,9.238501828036657,9.70836554150446
Real Madrid 2026-27,86.4,9.183893538722263,9.162242984885717,9.665331386364901
Real Madrid 2026-27,86.4,9.231508343733225,9.210701922478812,9.68299604633468
Real Madrid 2026-27,86.6,9.024404469836426,8.986997456641694,9.559217588569558
Real Madrid 2026-27,86.5,9.213990131963874,9.191324193726006,9.671679233192236
Real Madrid 2026-27,86.3,9.233444535750193,9.21509906343122,9.691953284077101
Real Madrid 2026-27,86.2,8.967143303195686,8.935917809829114,9.563234484455732
Real Madrid 2026-27,86.3,8.907227162499208,8.87100561694027,9.527101574838186
Real Madrid 2026-27,86.2,9.074877731582212,9.049944153075886,9.619221357281265
Real Madrid 2026-27,86.2,9.23563938643997,9.216912482897078,9.691412002593076
Real Madrid 2026-27,86.4,9.397908107551624,9.387753371634236,9.771510834183237
Real Madrid 2026-27,86.6,9.281663134869083,9.26348615846687,9.708086646114904
Real Madrid 2026-27,86.4,9.18459905246523,9.159459782371309,9.652477430708116
Real Madrid 2026-27,86.2,9.015878671802787,8.97814273402423,9.555003056109246
Real Madrid 2026-27,86.3,9.061280422250187,9.03318861245694,9.604059281779376
Real Madrid 2026-27,86.2,9.041431813648337,9.017720287903598,9.61279954556007
Real Madrid 2026-27,86.3,9.3098659719553,9.293688610727777,9.723747833201307
Real Madrid 2026-27,86.4,9.133097743064052,9.109365837641661,9.641419610220929
Real Madrid 2026-27,86.6,9.071681919958898,9.042735210641158,9.604782049887126
Real Madrid 2026-27,86.6,9.308102069703692,9.292560440300026,9.725176816679875
Real Madrid 2026-27,86.4,9.147406679576592,9.120864580177594,9.636836032592173
Real Madrid 2026-27,86.4,8.927955563328249,8.889537991978496,9.526260390886751
Real Madrid 2026-27,86.3,9.319643239885924,9.30384760462296,9.728075734501653
Real Madrid 2026-27,86.5,9.27168912174614,9.254714032451535,9.708910864486608
Real Madrid 2026-27,86.2,9.084664674294821,9.056645086476017,9.612021648607916
Real Madrid 2026-27,86.2,9.013612306055622,8.979831969728187,9.567690178645728
Real Madrid 2026-27,86.6,9.009402889562892,8.974559965832466,9.564629449393536
Real Madrid 2026-27,86.4,9.137324218934914,9.10695462206641,9.62045905232531
Real Madrid 2026-27,86.6,8.998248075599983,8.968791665659824,9.579142598669184
Real Madrid 2026-27,86.4,9.310543619221107,9.290321811280613,9.710415082758052
Real Madrid 2026-27,86.4,8.813652600239543,8.76320532648825,9.447818816452374
Real Madrid 2026-27,86.4,8.911262623475539,8.873048601732227,9.520198088931974
Real Madrid 2026-27,86.6,8.962219434592914,8.925383384510578,9.541919659795786
Real Madrid 2026-27,86.2,8.985506617524136,8.955202365355625,9.57246653686806
Real Madrid 2026-27,86.2,9.218725420472358,9.19704172438457,9.676330980310388
Real Madrid 2026-27,86.2,9.278270681695837,9.261983600871345,9.713252185179542
Real Madrid 2026-27,86.4,9.082080774329444,9.056874625758185,9.620504714568412
Real Madrid 2026-27,86.4,9.174027475093137,9.14905436585716,9.650758850462209
Real Madrid 2026-27,86.4,9.085283426989708,9.061606836562978,9.626870722072686
Real Madrid 2026-27,86.5,9.09756573066347,9.062623278773124,9.590008305724266
Real Madrid 2026-27,86.4,9.214839939833526,9.197316528486327,9.68862847070686
Real Madrid 2026-27,86.3,9.200490154287522,9.182548776040317,9.68270387699923
Real Madrid 2026-27,86.4,9.121825913002642,9.09801652939516,9.637555874346953
Real Madrid 2026-27,86.3,9.183772009922395,9.163035616792728,9.667932776321278
Real Madrid 2026-27,86.3,9.019547575878573,8.990730750330336,9.588498693817344
Real Madrid 2026-27,86.3,9.00668061834278,8.977142416439616,9.581788540431088
Real Madrid 2026-27,86.5,9.206289052644527,9.18625899073912,9.67773295001588
Real Madrid 2026-27,86.4,9.122809744873766,9.089189425710071,9.602354256796868
Real Madrid 2026-27,86.4,9.228310517173684,9.208090116514182,9.684119945588444
Real Madrid 2026-27,86.2,8.950724000797413,8.918651742949402,9.555585549844745
Real Madrid 2026-27,86.5,9.174357960618538,9.152676117351634,9.662141789390382
Real Madrid 2026-27,86.5,9.118361790051786,9.095175342229512,9.638962432856577
Real Madrid 2026-27,86.2,9.117718772364663,9.087673632101946,9.614877364044386
Real Madrid 2026-27,86.6,9.105214574388611,9.081118300147327,9.631381425409069
Real Madrid 2026-27,86.2,9.195521086757147,9.174821198407205,9.671834488003515
Real Madrid 2026-27,86.4,9.109130554364329,9.077853056602102,9.607992678853739
Real Madrid 2026-27,86.3,9.174713592309443,9.14707202277858,9.64125721335687
Real Madrid 2026-27,86.6,9.16317845315932,9.138912226514254,9.649420386390599
Real Madrid 2026-27,86.4,8.997810859536015,8.97005515506547,9.585199184337748
Real Madrid 2026-27,86.3,8.938451464328375,8.895865434956589,9.514573819663267
Real Madrid 2026-27,86.2,9.339457231582262,9.324986370148093,9.738635642523901
Real Madrid 2026-27,86.4,9.301368940189175,9.283090353203685,9.71419007215558
Real Madrid 2026-27,86.4,8.929831605739146,8.889108201552544,9.518273429994991
Real Madrid 2026-27,86.3,9.102350231876867,9.073976027349882,9.61705160507983
Real Madrid 2026-27,86.2,8.900661639862292,8.865326358559686,9.52799883230461
Real Madrid 2026-27,86.2,9.408416178207947,9.396178094373544,9.768351696122844
Real Madrid 2026-27,86.3,9.263979078592637,9.246845356839417,9.705708766038475
Real Madrid 2026-27,86.2,9.0314030382335,8.995342388876637,9.56556403877298
Real Madrid 2026-27,86.4,9.31334282421876,9.295296135805366,9.718114061824757
Real Madrid 2026-27,86.3,9.068445887195729,9.035938702084676,9.591104120064434
Real Madrid 2026-27,86.4,9.038428979913027,9.00799934825388,9.587564273124816
Real Madrid 2026-27,86.4,9.094977965635593,9.071900749458367,9.631810113960068
Real Madrid 2026-27,86.2,8.7095621107486,8.659618977568758,9.417241611153573
Real Madrid 2026-27,86.5,9.050972037063705,9.020353500203326,9.59160015016285
Real Madrid 2026-27,86.2,8.939726874596104,8.90593606889192,9.545803948511757
Real Madrid 2026-27,86.3,9.208641251072166,9.186466333052325,9.671190703726353
Real Madrid 2026-27,86.5,8.959399166650172,8.922100430612907,9.539446928672744
Real Madrid 2026-27,86.2,8.945199369652588,8.908302325808199,9.536995536893016
Real Madrid 2026-27,86.2,9.09767642205887,9.073457166504635,9.628670998189957
Real Madrid 2026-27,86.6,9.196750041004515,9.173488617425535,9.663674621145681
Real Madrid 2026-27,86.5,9.147615037286199,9.122746411024208,9.642847430240876
Real Madrid 2026-27,86.2,9.017517701314903,8.985292557492482,9.575540793813161
Real Madrid 2026-27,86.5,9.295971356493013,9.278682858587604,9.71528458422106
Real Madrid 2026-27,86.4,9.25714439951424,9.237642643544161,9.695743782248252
Real Madrid 2026-27,86.4,9.185813004587365,9.163345082817912,9.663311424247976
Real Madrid 2026-27,86.3,9.127796917590716,9.101953948046765,9.633564574930903
Real Madrid 2026-27,86.5,9.1061529184405,9.081763107625857,9.630897775112393
Real Madrid 2026-27,86.3,9.038050516461244,9.008500003354722,9.591413359111263
Real Madrid 2026-27,86.3,9.116050759583864,9.091426299014262,9.633385930898307
Real Madrid 2026-27,86.2,9.317625947221174,9.303029486250768,9.731173415468222
Real Madrid 2026-27,86.3,9.067366882480021,9.040239768341195,9.609184866776925
Real Madrid 2026-27,86.2,9.009440843643663,8.975935037395695,9.56943931866242
Real Madrid 2026-27,86.2,9.314820897998707,9.299767118001586,9.729104367048283
Real Madrid 2026-27,86.3,9.045247628716618,9.015544552362064,9.593798290921388
Real Madrid 2026-27,86.2,9.318499937919933,9.303566664942624,9.730635687148151
Real Madrid 2026-27,86.4,8.818048371247688,8.765457988206101,9.440744777404506
Real Madrid 2026-27,86.3,8.913645016488498,8.864941283335918,9.485635303923607
Real Madrid 2026-27,86.6,9.239916970756818,9.220073152867618,9.689300810422619
Real Madrid 2026-27,86.3,8.881421303420185,8.837432764505053,9.491887847053967
Real Madrid 2026-27,86.5,8.895135448446242,8.847020239847444,9.481243283132184
Real Madrid 2026-27,86.2,9.438468944987699,9.425371179929897,9.775128065243262
Real Madrid 2026-27,86.3,8.983789684798277,8.94708456371979,9.550229119633503
Real Madrid 2026-27,86.3,9.08754928505508,9.062230276203476,9.621922446426982
Real Madrid 2026-27,86.4,9.149320481848463,9.12682424709055,9.65085686560472
Real Madrid 2026-27,86.2,9.153809753800289,9.134089806336744,9.661753066033313
Real Madrid 2026-27,86.4,9.116117864106958,9.091629298652881,9.633657213708462
Real Madrid 2026-27,86.3,9.053975299383822,9.020420257485384,9.583502406647751
Real Madrid 2026-27,86.4,9.10024013527333,9.076513325256492,9.631437601619165
Real Madrid 2026-27,86.4,9.16379173455454,9.135054945241036,9.633418808438169
Real Madrid 2026-27,86.3,9.000774575812422,8.971531487457964,9.581125185918008
Real Madrid 2026-27,86.4,9.26528934378967,9.248052209645467,9.70573066242898
Real Madrid 2026-27,86.6,9.322613687154996,9.30689741597311,9.729272100408693
Real Madrid 2026-27,86.3,9.158915746882512,9.132744403871666,9.642313383879875
Real Madrid 2026-27,86.6,9.075580114866469,9.046421225069729,9.605382214965488
Real Madrid 2026-27,86.4,9.354545274739777,9.342031651737466,9.749684042813943
Real Madrid 2026-27,86.4,9.050265679380605,9.02318403336459,9.603939499523769
Real Madrid 2026-27,86.6,9.213264857861796,9.191788592811802,9.674904438263894
Real Madrid 2026-27,86.3,9.250294864279637,9.229788738498351,9.690028897479744
Real Madrid 2026-27,86.5,9.194945505211978,9.175028509451348,9.674068920338641
Real Madrid 2026-27,86.5,9.211578941074565,9.189606685111258,9.673090247349878
Real Madrid 2026-27,86.4,9.316522440503608,9.303139441816647,9.7349495173174
Real Madrid 2026-27,86.2,9.053386201110229,9.02104811953353,9.587385689453306
Real Madrid 2026-27,86.5,9.011145944347641,8.977182175182628,9.567615770552127
Real Madrid 2026-27,86.3,9.103031600457285,9.072441538054436,9.608684413095244
Real Madrid 2026-27,86.4,8.944344760136882,8.905042752639892,9.528538494691942
Real Madrid 2026-27,86.3,9.145510737796137,9.120553007361481,9.641926998595006
Real Madrid 2026-27,86.6,9.245846313690196,9.231072509838288,9.707447522520107
Real Madrid 2026-27,86.4,8.976847720681508,8.94391583417637,9.560795867993576
Real Madrid 2026-27,86.3,9.250152097959994,9.231450755608519,9.696284257266472
Real Madrid 2026-27,86.3,8.922484725909458,8.88580476911719,9.52930971764778
Real Madrid 2026-27,86.4,9.125472096226812,9.099528943950794,9.632526679431315
Real Madrid 2026-27,86.4,9.116091502669851,9.09298177441155,9.638669546529638
Real Madrid 2026-27,86.4,8.94630045481542,8.90913788997937,9.536553887675641
Real Madrid 2026-27,86.5,8.991237190512614,8.957188027632291,9.560160401979598
Real Madrid 2026-27,86.4,9.1290859653382,9.10559472808097,9.641292599122878
Real Madrid 2026-27,86.3,8.949661895168573,8.917159332410243,9.553729053291812
Real Madrid 2026-27,86.3,9.064073968467039,9.036811010565065,9.607539405411568
Real Madrid 2026-27,86.2,9.159094048853087,9.13413468327722,9.646593074606253
Real Madrid 2026-27,86.3,9.329752224514813,9.315591522788324,9.736664249804667
Real Madrid 2026-27,86.3,9.062464531580785,9.032263941981647,9.597076360564584
Real Madrid 2026-27,86.2,9.36885503861037,9.355864780308078,9.75299660535092
Real Madrid 2026-27,86.2,9.079028907536541,9.046493147211809,9.594207829053305
Real Madrid 2026-27,86.5,9.19074214200132,9.172514845810365,9.678558651860374
Real Madrid 2026-27,86.3,9.126333184960574,9.103605237927919,9.642934319970367
Real Madrid 2026-27,86.6,9.145660854712723,9.1197732595759,9.639100709090776
Real Madrid 2026-27,86.2,9.082545597321287,9.05565949591291,9.615008382093697
Real Madrid 2026-27,86.2,9.206589336204875,9.17827554725995,9.649401986820225
Real Madrid 2026-27,86.3,9.026303332108949,8.990124429616628,9.564757291001794
Real Madrid 2026-27,86.2,9.191722799959198,9.171492084161487,9.672422685849213
Real Madrid 2026-27,86.5,9.300708848161355,9.284417954388967,9.720446177833924
Real Madrid 2026-27,86.3,9.17948106167496,9.159152064892854,9.66809573219291
Real Madrid 2026-27,86.2,9.130660075994408,9.101601239221,9.622937944406457
Real Madrid 2026-27,86.3,9.213880351520189,9.192021398788631,9.674092124973319
Real Madrid 2026-27,86.6,9.34677060047841,9.333682166498997,9.745500999551044
Real Madrid 2026-27,86.4,9.145675831793595,9.12238726684123,9.647180311301186
Real Madrid 2026-27,86.2,8.904869172382337,8.867776738303206,9.523805990628576
Real Madrid 2026-27,86.2,9.141047655805707,9.116523081356792,9.641259177389584
Real Madrid 2026-27,86.4,9.141997061888327,9.116395755619592,9.638159137248048
Real Madrid 2026-27,86.3,9.189756353812239,9.164796244943158,9.65549701697629
Real Madrid 2026-27,86.6,8.893386781898318,8.848985640882617,9.49131800382767
Real Madrid 2026-27,86.5,8.890315439488617,8.850315087724006,9.508771387533155
Real Madrid 2026-27,86.2,9.363557696279534,9.348958421737034,9.746380825914768
Real Madrid 2026-27,86.5,9.2969314766982,9.278057067017123,9.710093321788966
Real Madrid 2026-27,86.3,9.115966653841864,9.086625153116959,9.617362595514034
Real Madrid 2026-27,86.5,9.211976950986962,9.19194079093916,9.679731212798231
Real Madrid 2026-27,86.4,9.32401103632305,9.308172621352274,9.729331503536228
Real Madrid 2026-27,86.5,9.093217051649592,9.069036324598773,9.626973348982101
Real Madrid 2026-27,86.4,9.140221536610923,9.11364007888856,9.634450464769515
Real Madrid 2026-27,86.6,8.853393120039089,8.804713227664685,9.464603604355641
Real Madrid 2026-27,86.6,9.055347709987087,9.024174365998688,9.591417342248263
Real Madrid 2026-27,86.3,9.159167175351113,9.135080694320996,9.649164666616457
Real Madrid 2026-27,86.2,9.243305507291787,9.220864492209902,9.681680975303614
Real Madrid 2026-27,86.3,9.112726904897091,9.077972117560156,9.59669180947013
Real Madrid 2026-27,86.3,9.313300754665956,9.300485922303176,9.73543323892021
Real Madrid 2026-27,86.3,9.236272338125895,9.21745607251706,9.691524625527641
Real Madrid 2026-27,86.2,9.16687751861159,9.144323349678704,9.65680617543383
Real Madrid 2026-27,86.4,9.09734812940822,9.069567538942716,9.615248345599818
Real Madrid 2026-27,86.2,8.895218134720531,8.852105840199675,9.499784529499319
Real Madrid 2026-27,86.3,8.95249902433896,8.91624208384924,9.541617816971712
Real Madrid 2026-27,86.3,9.08839537150868,9.058057648314762,9.605294548673726
Real Madrid 2026-27,86.5,9.149752238167155,9.124775241401297,9.642765476648819
Real Madrid 2026-27,86.6,9.1564952076886,9.131131752205075,9.643851633595478
Real Madrid 2026-27,86.5,9.11962717359792,9.095835074735184,9.63676859943514
Real Madrid 2026-27,86.6,9.247247529632027,9.229200727024855,9.697114819581035
Real Madrid 2026-27,86.6,8.743974991529903,8.693603712717723,9.425473881649783
Real Madrid 2026-27,86.3,8.95294866444261,8.919428178649746,9.550785826842919
Real Madrid 2026-27,86.2,9.063047621969096,9.030247031274993,9.585772641556224
Real Madrid 2026-27,86.4,9.165779450213902,9.137871540843822,9.638272938077755
Real Madrid 2026-27,86.6,8.929316002000855,8.891218594423247,9.527701410793009
Real Madrid 2026-27,86.4,8.948604847411783,8.916501277370894,9.555038842915701
Real Madrid 2026-27,86.2,9.3165193739407,9.297987929591313,9.717914961151257
Real Madrid 2026-27,86.3,9.037028726956502,9.004683494181904,9.581944417233055
Real Madrid 2026-27,86.4,9.212581774400103,9.19251245799771,9.67913946409796
Real Madrid 2026-27,86.4,9.198367490395075,9.180783543395775,9.683130786932674
Real Madrid 2026-27,86.6,9.097684369151978,9.070000069724756,9.617652727323355
Real Madrid 2026-27,86.5,9.16371792712123,9.139571154346347,9.650561476818115
Real Madrid 2026-27,86.2,9.024153502099086,8.989782602241176,9.570477540990558
Real Madrid 2026-27,86.3,9.179518965647127,9.156138593380762,9.657900620090027
Real Madrid 2026-27,86.3,9.066524314139446,9.032248650550574,9.584466580715036
Real Madrid 2026-27,86.3,9.09548010159609,9.068593170679545,9.617825665563737
Real Madrid 2026-27,86.4,8.873768215227653,8.824286514408398,9.4700576988901
Real Madrid 2026-27,86.4,9.185881391126046,9.167497424316842,9.676574502800483
Real Madrid 2026-27,86.2,9.135740813965093,9.113850647651704,9.648760558956536
Real Madrid 2026-27,86.2,8.771325584605519,8.719633436131884,9.429360400898329
Real Madrid 2026-27,86.2,9.123501123232263,9.091891287717832,9.612316500321613
Real Madrid 2026-27,86.4,9.163934757260963,9.140612416040044,9.653067980397514
Real Madrid 2026-27,86.6,9.442476507679258,9.431500809284582,9.783276210727923
Real Madrid 2026-27,86.2,9.32834026229531,9.314604369438275,9.737491962550271
Real Madrid 2026-27,86.5,8.806138588311667,8.758855918378842,9.456697168248535
Real Madrid 2026-27,86.5,8.969421609855623,8.938348894488856,9.564851521508185
Real Madrid 2026-27,86.4,9.147183553756063,9.120945501819376,9.637854859851897
Real Madrid 2026-27,86.4,9.072593301091448,9.042946300487577,9.602657136471011
Real Madrid 2026-27,86.4,9.099166885264525,9.075510143241283,9.63117653835176
Real Madrid 2026-27,86.2,9.130133933495356,9.100324428649978,9.620570001638256
Real Madrid 2026-27,86.2,9.106467567715658,9.080827213858006,9.627172302953666
Real Madrid 2026-27,86.2,9.31188927773821,9.2949820035609,9.722266068461446
Real Madrid 2026-27,86.5,9.24062972017062,9.21909451382734,9.683693515146663
Real Madrid 2026-27,86.4,9.149050687171572,9.11889656446807,9.625089716464991
Real Madrid 2026-27,86.6,9.087019373270747,9.059218937607302,9.612702830120831
Real Madrid 2026-27,86.6,9.135869794013177,9.110897594662594,9.638531096305714
Real Madrid 2026-27,86.4,9.240680554377104,9.221000998182276,9.689932973666108
Real Madrid 2026-27,86.2,9.218016924277014,9.196634399723774,9.67685658922353
Real Madrid 2026-27,86.3,8.974126977461378,8.939999268803524,9.555936066242749
Real Madrid 2026-27,86.2,9.03372196353095,9.003883345596803,9.58949481145482
Real Madrid 2026-27,86.2,9.142073267620084,9.11972038828083,9.649407081014793
Real Madrid 2026-27,86.5,8.913373445525485,8.875899716670117,9.52523928760964
Real Madrid 2026-27,86.3,9.00356188723263,8.96995207667176,9.565458008291719
Real Madrid 2026-27,86.2,9.145286357340016,9.116825761158946,9.628487674022402
Real Madrid 2026-27,86.2,8.956895439674756,8.925510687682896,9.559945643079844
Real Madrid 2026-27,86.5,8.922442845010233,8.886496372353662,9.533186678994781
Real Madrid 2026-27,86.2,8.95489753579431,8.918456368047972,9.54046292422076
Real Madrid 2026-27,86.4,9.220023667891493,9.202670531679498,9.690855775910274
Real Madrid 2026-27,86.3,9.345755201221131,9.329080477950745,9.733539716027307
Real Madrid 2026-27,86.5,9.050799920167083,9.022769067149465,9.600706741340307
Real Madrid 2026-27,86.3,8.963256140334861,8.923387537357376,9.531201894758702
Real Madrid 2026-27,86.3,9.036339171207812,9.004454841386563,9.582483472327128
Real Madrid 2026-27,86.2,8.917009817213593,8.878845470943718,9.523526191872492
Real Madrid 2026-27,86.5,9.133034785591693,9.106062365501497,9.631299682345757
Real Madrid 2026-27,86.4,9.03644059485256,9.00477335104391,9.583203151166353
Real Madrid 2026-27,86.3,9.098936537399851,9.072044159023829,9.620284040421112
Real Madrid 2026-27,86.2,9.1869500838577,9.162604879895706,9.657008169305751
Real Madrid 2026-27,86.5,9.282815586422062,9.264267891415043,9.707011851240527
Real Madrid 2026-27,86.4,9.304461420877052,9.287636810811184,9.719855112671889
Real Madrid 2026-27,86.3,9.197164854330206,9.172507673567702,9.659210867475418
Real Madrid 2026-27,86.3,8.878654625633514,8.839319151028063,9.507859397000294
Real Madrid 2026-27,86.5,9.069116316921232,9.037460949811265,9.593928325254728
Real Madrid 2026-27,86.3,8.95903793606682,8.918147924279557,9.526531731933298
Real Madrid 2026-27,86.5,9.140869219470462,9.115459586044055,9.638034205711564
Real Madrid 2026-27,86.2,8.921172079957302,8.881994424115176,9.5207946959306
Real Madrid 2026-27,86.2,9.206147881524437,9.185456117479728,9.675370514635475
Real Madrid 2026-27,86.3,9.061095627471378,9.032522347092169,9.601991457867578
Real Madrid 2026-27,86.3,9.129225373239702,9.104748616315542,9.637789103450181
Real Madrid 2026-27,86.4,9.184122151024425,9.156058683893267,9.643773603040579
Real Madrid 2026-27,86.3,9.189160386722646,9.168345765428711,9.669568243393574
Real Madrid 2026-27,86.6,9.244156122908532,9.221701720643512,9.68093902561398
Real Madrid 2026-27,86.4,9.083368199162587,9.05331650626719,9.603408365593783
Real Madrid 2026-27,86.6,9.195591722477083,9.176177752117342,9.676234272570348
Real Madrid 2026-27,86.5,9.144532592485064,9.118216554864144,9.637130632041812
Real Madrid 2026-27,86.4,9.020343147675378,8.989809164379631,9.582963628081794
Real Madrid 2026-27,86.5,9.014903263945882,8.983871861284076,9.579356258574464
Real Madrid 2026-27,86.2,9.205670892803465,9.184434236064572,9.673242242244262
Real Madrid 2026-27,86.2,9.178697103692679,9.1570260041802,9.663530326646814
Real Madrid 2026-27,86.5,8.901464240587709,8.86519339055885,9.52543940394091
Real Madrid 2026-27,86.2,9.199528304555278,9.18081908352367,9.679665663295111
Real Madrid 2026-27,86.2,9.1730100907121,9.148146014483348,9.651039131202944
Real Madrid 2026-27,86.2,9.175567792430812,9.149623200948897,9.646522595910561
Real Madrid 2026-27,86.3,9.151132264553555,9.130736935030722,9.658689491884868
Real Madrid 2026-27,86.2,9.180226351647022,9.159889767960363,9.668140456966249
Real Madrid 2026-27,86.2,9.08683766733427,9.058382107411918,9.610815579058915
Real Madrid 2026-27,86.2,9.080860187783868,9.047148245705248,9.590912685638399
Real Madrid 2026-27,86.5,9.182179505372174,9.155031216556498,9.644669776259637
Real Madrid 2026-27,86.4,9.275134192749094,9.256307196627048,9.703730095384246
Real Madrid 2026-27,86.5,9.381356735871169,9.36958746282704,9.760904423556376
Real Madrid 2026-27,86.5,9.220709351903864,9.200698045379474,9.682111127566731
Real Madrid 2026-27,86.4,9.101274989658153,9.074249257884752,9.620729911240584
Real Madrid 2026-27,86.2,9.069663840406237,9.035235309298116,9.583146088992923
Real Madrid 2026-27,86.2,9.242247019831504,9.218606802992188,9.677334656531233
Real Madrid 2026-27,86.4,9.172411993436825,9.148736775227837,9.654643894139397
Real Madrid 2026-27,86.6,8.958211713595594,8.920698659568135,9.538958947001467
Real Madrid 2026-27,86.5,9.183131419052161,9.161059496744926,9.663452685842667
Real Madrid 2026-27,86.5,9.329077792307707,9.310622289396283,9.722609934689258
Real Madrid 2026-27,86.3,9.223092648809013,9.203258155809728,9.683720218845908
Real Madrid 2026-27,86.2,9.03066544989239,9.002931617471692,9.595751421373004
Real Madrid 2026-27,86.3,9.33227917245221,9.318425103989611,9.738413338161529
Real Madrid 2026-27,86.4,9.088349629332043,9.06168084763946,9.616963945969632
Real Madrid 2026-27,86.5,9.220644859271662,9.200297908362145,9.681002388789144
Real Madrid 2026-27,86.4,9.291361195200732,9.275030312146047,9.717200328702557
Real Madrid 2026-27,86.2,9.303759820727317,9.287380164426128,9.72073593346707
Real Madrid 2026-27,86.2,9.00187804659248,8.972582820862181,9.581235363001504
Real Madrid 2026-27,86.2,9.119677135610113,9.090851168876096,9.62009556092503
Real Madrid 2026-27,86.2,9.005365424592256,8.973701576079351,9.57424498719724
Real Madrid 2026-27,86.2,8.926217044050112,8.886294336953661,9.520449815633901
Real Madrid 2026-27,86.4,9.091412610832803,9.06211426305904,9.609674773755792
Real Madrid 2026-27,86.3,9.032363860044367,8.99959448618937,9.578953108696997
Real Madrid 2026-27,86.5,9.183474620834119,9.160913363786603,9.661795772265588
Real Madrid 2026-27,86.2,9.086565825161708,9.05853895871007,9.612313315492338
Real Madrid 2026-27,86.4,9.157838994580327,9.137973737871343,9.662657761997073
Real Madrid 2026-27,86.4,9.369997240837094,9.355480109830445,9.748680268531885
Real Madrid 2026-27,86.6,9.203184716123314,9.180194087480476,9.666692812321777
Real Madrid 2026-27,86.3,9.092297544569497,9.064781884539425,9.61559611338329
Real Madrid 2026-27,86.4,9.245143556843875,9.227652650080639,9.698488044270979
Real Madrid 2026-27,86.3,8.999523199576538,8.95928463146163,9.540845096289988
Real Madrid 2026-27,86.4,9.027952432839202,8.997467007802515,9.584798142675453
Real Madrid 2026-27,86.3,9.119575600755418,9.096919246719313,9.640952591295404
Real Madrid 2026-27,86.3,9.03927736634373,9.007664149351374,9.585352311700852
Real Madrid 2026-27,86.4,9.305129942688293,9.28675152268614,9.71403528573559
Real Madrid 2026-27,86.4,8.940255812308575,8.89902887443843,9.520206351587268
Real Madrid 2026-27,86.2,9.212849850495497,9.188853987917447,9.666157366775947
Real Madrid 2026-27,86.2,9.019275360494422,8.989351752282857,9.584723090589296
Real Madrid 2026-27,86.4,9.161689552965843,9.13598583538937,9.644685311043858
Real Madrid 2026-27,86.2,9.248557044228168,9.2290220579938,9.69314692888978
Real Madrid 2026-27,86.3,9.16746494340082,9.14618641402617,9.661099810172468
Real Madrid 2026-27,86.5,9.3381262167139,9.324046608523076,9.739473245353839
Real Madrid 2026-27,86.2,9.098140582249904,9.069747446531391,9.61545072490168
Real Madrid 2026-27,86.2,9.078095607603066,9.054817745654812,9.625811374192821
Real Madrid 2026-27,86.2,9.077924322610546,9.05260062506481,9.618784400802143
Real Madrid 2026-27,86.5,9.21940289985915,9.200636947285615,9.685883210994813
Real Madrid 2026-27,86.4,9.054458745554154,9.022037732895132,9.586129867824962
Real Madrid 2026-27,86.2,9.194132769335987,9.169287204553306,9.658003385645413
Real Madrid 2026-27,86.6,9.32579439864262,9.312510061984963,9.737947606563559
Real Madrid 2026-27,86.2,9.26383921735378,9.239961551662537,9.682515884529131
Real Madrid 2026-27,86.4,9.14376806118349,9.121782931909593,9.651009809220618
Real Madrid 2026-27,86.6,9.064575373627678,9.031434431793354,9.588053566460168
Real Madrid 2026-27,86.3,9.229449058465756,9.209644256060674,9.685731721545082
Real Madrid 2026-27,86.5,8.884203532280582,8.83683171752519,9.480498976023796
Real Madrid 2026-27,86.3,8.93974533293196,8.898363551150664,9.519213703152069
Real Madrid 2026-27,86.2,9.035780602262141,9.006350254675112,9.590988026758371
Real Madrid 2026-27,86.3,9.161154525140333,9.137934282517042,9.652679456624751
Real Madrid 2026-27,86.3,9.107137970964736,9.07882782922593,9.61784920880231
Real Madrid 2026-27,86.4,8.917127686569268,8.883180338426603,9.53847390577094
Real Madrid 2026-27,86.2,9.268099088533885,9.249428135817725,9.70238362230772
Real Madrid 2026-27,86.4,9.24292056528515,9.22328217168458,9.690597034937241
Real Madrid 2026-27,86.3,9.367189572475768,9.35425265189433,9.752675312953428
Real Madrid 2026-27,86.5,8.99804715025615,8.96101503273021,9.553686861253055
Real Madrid 2026-27,86.2,9.230875964493269,9.208457833639475,9.677847134439382
Real Madrid 2026-27,86.3,9.154056488820956,9.130906537990052,9.650332968055606
Real Madrid 2026-27,86.4,9.123997588294863,9.092766065814432,9.612070668853876
Real Madrid 2026-27,86.2,8.954438903650864,8.920662280084757,9.550828979365768
Real Madrid 2026-27,86.2,8.994102304968825,8.963433268334715,9.574174362014936
Real Madrid 2026-27,86.2,9.216100624445321,9.19886647828836,9.690011424845478
Real Madrid 2026-27,86.3,9.110379801998853,9.081390538688439,9.616679365832482
Real Madrid 2026-27,86.2,9.270331677440723,9.253215060565054,9.708010433541007
Real Madrid 2026-27,86.4,9.240016700985402,9.219483537854419,9.686234180377776
Real Madrid 2026-27,86.2,9.104507788964955,9.081551384135516,9.635360622848346
Real Madrid 2026-27,86.6,8.945498956146169,8.911202529168245,9.545967516871801
Real Madrid 2026-27,86.6,9.173311688063993,9.145517659646206,9.640899225170603
Real Madrid 2026-27,86.5,9.085503565525933,9.054995841433088,9.603026612819015
Real Madrid 2026-27,86.2,8.894725673106848,8.859426032415913,9.526884951459829
Real Madrid 2026-27,86.2,8.99224097341519,8.95530004678973,9.548980356986362
Real Madrid 2026-27,86.5,9.092274290367207,9.061923918841421,9.606440836552498
Real Madrid 2026-27,86.4,9.33698255041024,9.321890269730996,9.735829333718252
Real Madrid 2026-27,86.4,8.988142835150782,8.953908670143559,9.558821157603397
Real Madrid 2026-27,86.2,9.260045261952946,9.23775181026642,9.687513591605299
Real Madrid 2026-27,86.4,9.14089449414001,9.113084407980546,9.62875587515873
Real Madrid 2026-27,86.2,9.001464449616275,8.96702794896407,9.563716320559465
Real Madrid 2026-27,86.3,9.309029187994932,9.29160024565015,9.719210353544863
Real Madrid 2026-27,86.3,9.050068047153061,9.02087762052949,9.596846048935697
Real Madrid 2026-27,86.3,9.094868768049286,9.069665106297737,9.624222181768403
Real Madrid 2026-27,86.4,9.295516665577967,9.279177695095965,9.718155006905283
Real Madrid 2026-27,86.2,8.788308977659177,8.732597541521454,9.420742721997543
Real Madrid 2026-27,86.5,9.167043133717021,9.136923640405612,9.630255855300492
Real Madrid 2026-27,86.2,9.165206211233688,9.143381174809267,9.658488721203833
Real Madrid 2026-27,86.5,9.064756651374339,9.032510087851872,9.591189632240908
Real Madrid 2026-27,86.3,8.998166863936701,8.962742513998824,9.559271533129344
Real Madrid 2026-27,86.3,9.09587882573533,9.071355561898992,9.62753251556595
Real Madrid 2026-27,86.4,9.343705577912154,9.328732645242752,9.73827690521828
Real Madrid 2026-27,86.3,9.27909628032651,9.26344288341589,9.715228798208633
Real Madrid 2026-27,86.4,9.240449916086416,9.222871200720157,9.696683422378081
Real Madrid 2026-27,86.6,9.011502813394515,8.98088112869469,9.57952128136274
Real Madrid 2026-27,86.2,9.307413881232169,9.292148095580735,9.725963434001864
Real Madrid 2026-27,86.2,9.30435708914259,9.287794442103527,9.72045175194002
Real Madrid 2026-27,86.3,9.199264693096836,9.181166350350079,9.68152867665588
Real Madrid 2026-27,86.2,9.262392746184053,9.239733592354085,9.686790131879693
Real Madrid 2026-27,86.2,9.051736908511845,9.018846554306405,9.582929447036236
Real Madrid 2026-27,86.3,9.100602981470233,9.074442810955102,9.622875302094402
Real Madrid 2026-27,86.2,9.24222447657874,9.225167436205094,9.698696261410591
Real Madrid 2026-27,86.6,9.057370850215216,9.025711298749478,9.589493976213603
Real Madrid 2026-27,86.2,9.177659154343214,9.153081368448241,9.653069095815631
Real Madrid 2026-27,86.5,9.0471767585861,9.020932528619916,9.605824992727907
Real Madrid 2026-27,86.5,8.984096897387754,8.956576652224816,9.581689806578552
Real Madrid 2026-27,86.2,9.201183984548617,9.180581958698635,9.674206295150455
Real Madrid 2026-27,86.3,9.202917060460472,9.17907335071063,9.663352768116352
Real Madrid 2026-27,86.2,9.098801830559779,9.070469121654797,9.615594815891521
Real Madrid 2026-27,86.5,9.247348118218056,9.22622619822145,9.68703904819449
Real Madrid 2026-27,86.4,8.938460109422943,8.905434512022556,9.548232372509247
Real Madrid 2026-27,86.5,9.07297428601414,9.042423272953164,9.599822761985736
Real Madrid 2026-27,86.3,8.997969900005907,8.95967226351248,9.547756096501208
Real Madrid 2026-27,86.2,9.167730349350435,9.14418070266313,9.65376241473398
Real Madrid 2026-27,86.5,9.079801041345505,9.054237656979508,9.61837412631419
Real Madrid 2026-27,86.3,9.19023588863632,9.16571443947166,9.657744353534865
Real Madrid 2026-27,86.5,9.317266665506473,9.302351571019269,9.73005952149458
Real Madrid 2026-27,86.4,9.015062631743703,8.9823764468902,9.573515495685319
Real Madrid 2026-27,86.2,9.18960137950226,9.166896617912075,9.66360463980076
Real Madrid 2026-27,86.2,8.929223269700737,8.892270388612125,9.531204928681873
Real Madrid 2026-27,86.4,9.34026157317216,9.326094470511483,9.739943104858508
Real Madrid 2026-27,86.4,9.09912907686621,9.073630005570276,9.624396904419635
Real Madrid 2026-27,86.2,9.315108886220795,9.297828411621623,9.721921474476481
Real Madrid 2026-27,86.5,9.078017692458163,9.051963228710264,9.616295713745117
Real Madrid 2026-27,86.5,8.899893804401055,8.86169307957468,9.518233613251475
Real Madrid 2026-27,86.4,9.22012328095952,9.201852046577406,9.687824280206119
Real Madrid 2026-27,86.6,9.013397181272659,8.983935616439094,9.584514725988686
Real Madrid 2026-27,86.3,9.146359626753878,9.115477874115443,9.622003087040401
Real Madrid 2026-27,86.5,9.10067797931601,9.072803285575679,9.617457419151624
Real Madrid 2026-27,86.2,9.108091576250239,9.083439179979877,9.630641562497711
Real Madrid 2026-27,86.5,9.0933884483758,9.06495198732462,9.613787967240835
Real Madrid 2026-27,86.6,9.088210658861048,9.056665660561654,9.601433556412628
Real Madrid 2026-27,86.2,9.339772312970208,9.32807246295711,9.747683297465027
Real Madrid 2026-27,86.2,9.12586016781419,9.099611552910186,9.630880288670056
Real Madrid 2026-27,86.4,9.25460165440835,9.236456522220502,9.699151174426866
Real Madrid 2026-27,86.5,9.221481048527501,9.200613061139139,9.679765725140687
Real Madrid 2026-27,86.5,9.092393805058283,9.062122561021242,9.605678489635002
Real Madrid 2026-27,86.3,9.087808199970354,9.061223173479133,9.617860933557667
Real Madrid 2026-27,86.4,9.054134439556776,9.027258665676817,9.60565183328257
Real Madrid 2026-27,86.2,9.215393531684722,9.199779358113966,9.695063527386253
Real Madrid 2026-27,86.3,9.21750707950075,9.196768453945538,9.678469310506381
Real Madrid 2026-27,86.4,9.216482921397207,9.193134922789486,9.67013382932216
Real Madrid 2026-27,86.3,9.003268230531386,8.964962580347656,9.549288839424413
Real Madrid 2026-27,86.6,9.210322342662803,9.19104215568748,9.680884305389645
Real Madrid 2026-27,86.6,9.081206738916691,9.054222092613225,9.614594568203245
Real Madrid 2026-27,86.4,9.139000504871206,9.116325033708573,9.647040705515455
Real Madrid 2026-27,86.4,9.107234165414827,9.083794808712582,9.634239559975772
Real Madrid 2026-27,86.2,9.118730944843561,9.095271131222475,9.637622316138016
Real Madrid 2026-27,86.5,9.09844585574408,9.070383430966078,9.616236831758245
Real Madrid 2026-27,86.6,9.130345595829443,9.10103049168176,9.622500249958195
Real Madrid 2026-27,86.2,9.110277053145216,9.081530982791826,9.617489248167072
Real Madrid 2026-27,86.5,9.324938841944544,9.311699498949325,9.738050705915928
Real Madrid 2026-27,86.5,9.141505998066892,9.119446749347315,9.650240232895403
Real Madrid 2026-27,86.4,9.067293604111715,9.036629786583795,9.596748549751297
Real Madrid 2026-27,86.3,9.181264969316047,9.157267158433807,9.655946959345151
Real Madrid 2026-27,86.5,9.055857886247585,9.02034734107905,9.576903787494853
Real Madrid 2026-27,86.6,9.177859279653934,9.152496178227066,9.651103563334406
Real Madrid 2026-27,86.5,9.086218786290235,9.0634600027488,9.630158265617258
Real Madrid 2026-27,86.4,9.123868140035874,9.10204773486339,9.645330055484244
Real Madrid 2026-27,86.3,8.979410742014625,8.949458853883556,9.571929472059793
Real Madrid 2026-27,86.3,9.252485028849058,9.233123895266818,9.694937981263982
Real Madrid 2026-27,86.5,9.053850688291181,9.02491014119523,9.59819167287247
Real Madrid 2026-27,86.3,9.11832107083148,9.0923219437972,9.62958103498654
Real Madrid 2026-27,86.2,8.88289177656512,8.844798166319785,9.5133310931645
Real Madrid 2026-27,86.3,9.088582976073795,9.06554613958282,9.630078180389507
Real Madrid 2026-27,86.3,9.21648519128728,9.191778247707566,9.664352051008262
Real Madrid 2026-27,86.3,9.058294506740939,9.02850781258378,9.597567886188493
Real Madrid 2026-27,86.6,9.12668499099585,9.09102808353662,9.59528126477479
Real Madrid 2026-27,86.3,9.28858101961134,9.270965234172493,9.712083032932721
Real Madrid 2026-27,86.2,9.202419583342277,9.18004455019724,9.66841663625119
Real Madrid 2026-27,86.2,9.095398170728862,9.062042387112589,9.59547587398356
Real Madrid 2026-27,86.5,9.042498917644181,9.011561075158378,9.588098717011679
Real Madrid 2026-27,86.5,9.26979823671726,9.25374358165636,9.711213117523478
Real Madrid 2026-27,86.5,9.315700424302968,9.299400109498679,9.724869436594128
Real Madrid 2026-27,86.4,9.159344481457158,9.13671586905394,9.654022177048438
Real Madrid 2026-27,86.3,8.928599236345804,8.894221589295647,9.539815435852411
Real Madrid 2026-27,86.3,9.153915618068687,9.129552760251254,9.646298719418398
Real Madrid 2026-27,86.2,9.08027454790528,9.056222656935113,9.623981610820795
Real Madrid 2026-27,86.4,9.266010490980982,9.249838597008317,9.709480130232354
Real Madrid 2026-27,86.2,9.158553495066847,9.133042564509097,9.643976031711166
Real Madrid 2026-27,86.3,8.861194486974716,8.816126082755847,9.47998178549609
Real Madrid 2026-27,86.3,9.122448432466406,9.095573904658528,9.627094023599456
Real Madrid 2026-27,86.3,8.97426739077252,8.940602376467073,9.557269330560661
Real Madrid 2026-27,86.5,9.131283370616607,9.107163199318272,9.639668621459517
Real Madrid 2026-27,86.5,9.057535105054507,9.02262929426403,9.579725428484139
Real Madrid 2026-27,86.2,9.180755543841094,9.161040113193168,9.670369376357895
Real Madrid 2026-27,86.3,9.204704620262667,9.180847462247643,9.663832379798386
Real Madrid 2026-27,86.4,9.200618502121579,9.181106182639345,9.67756364388962
Real Madrid 2026-27,86.3,8.93911396937114,8.902836795377139,9.53618351315065
Real Madrid 2026-27,86.2,9.079239569468204,9.049952084779271,9.60559436881075
Real Madrid 2026-27,86.2,9.19214820909717,9.16616033343291,9.652520931738737
Real Madrid 2026-27,86.3,9.075076719296547,9.044912814542183,9.59998546262603
Real Madrid 2026-27,86.2,9.186270785192432,9.163693997434049,9.662575337160686
Real Madrid 2026-27,86.6,8.990761994415712,8.956576033053404,9.560337357554076
Real Madrid 2026-27,86.2,9.130289793999303,9.105514133840675,9.637649095362656
Real Madrid 2026-27,86.4,9.212938040927225,9.194832022136733,9.686073480782762
Real Madrid 2026-27,86.4,8.838297344480077,8.79112843467026,9.466027780066016
Real Madrid 2026-27,86.5,9.088202687365253,9.060667916993543,9.613786893696915
Real Madrid 2026-27,86.5,9.319269399537678,9.305194767388572,9.733471101942612
Real Madrid 2026-27,86.4,9.050626843091896,9.021287257886742,9.596155302962202
Real Madrid 2026-27,86.3,9.320070716783896,9.303936026164543,9.727121520328648
Real Madrid 2026-27,86.2,8.987781698547257,8.960681161464601,9.58432277388184
Real Madrid 2026-27,86.6,9.112232283392604,9.086444336062748,9.628146473351126
Real Madrid 2026-27,86.5,9.306211882726446,9.289706600878125,9.721480662795395
Real Madrid 2026-27,86.5,9.12746369144819,9.100799787594843,9.630073413358692
Real Madrid 2026-27,86.3,9.107789643024699,9.08059221142462,9.62128308007513
Real Madrid 2026-27,86.6,9.161913722973496,9.14054312236721,9.659109808359414
Real Madrid 2026-27,86.5,9.18278880085532,9.160044059332556,9.66082532642535
Real Madrid 2026-27,86.2,9.171146596902496,9.149950771748118,9.662375593595304
Real Madrid 2026-27,86.5,9.090793783276,9.063868322408869,9.61681843647726
Real Madrid 2026-27,86.6,9.202468611912712,9.181919805176658,9.674719208260479
Real Madrid 2026-27,86.5,9.316633359015418,9.302919788175776,9.733746958713473
Real Madrid 2026-27,86.3,9.228898029878323,9.208123422191251,9.682549874523819
Real Madrid 2026-27,86.2,8.915613647271849,8.876970365960776,9.521839893647744
Real Madrid 2026-27,86.2,9.200386197469202,9.171043808249957,9.64409277126544
Real Madrid 2026-27,86.3,8.676772388565464,8.618070298896487,9.373861406034813
Real Madrid 2026-27,86.2,9.003406305619952,8.96569855450613,9.552050040885291
Real Madrid 2026-27,86.3,8.980525609779335,8.94561798437225,9.554142875020602
Real Madrid 2026-27,86.2,9.058308462505577,9.02323610379265,9.579218161173594
Real Madrid 2026-27,86.2,9.106056442431042,9.082014177894393,9.632296951510897
Real Madrid 2026-27,86.2,9.31067354054816,9.294154465699467,9.722621981830386
Real Madrid 2026-27,86.5,8.994272860817365,8.956178341094393,9.548778395593558
Real Madrid 2026-27,86.5,9.234100235499497,9.216508918829835,9.694547353219127
Real Madrid 2026-27,86.4,9.035977204802885,9.003902412384456,9.581412619637886
Real Madrid 2026-27,86.4,9.026827736157083,8.987364427164694,9.55183742149169
Real Madrid 2026-27,86.4,9.23892822659016,9.217757361675629,9.68473892892691
Real Madrid 2026-27,86.2,9.334227959788853,9.3196810822832,9.736424514991871
Real Madrid 2026-27,86.6,9.227818580776566,9.209999018213752,9.691582207830926
Real Madrid 2026-27,86.3,8.980645951661447,8.937922417484357,9.527842238274046
Real Madrid 2026-27,86.4,9.408888058332789,9.396836500848718,9.76919140059238
Real Madrid 2026-27,86.3,9.277253003612675,9.261427897149273,9.71414555051884
Real Madrid 2026-27,86.3,9.130016740691527,9.103372415319685,9.629868924885663
Real Madrid 2026-27,86.2,8.974628216270851,8.939759377114475,9.553268821010084
Real Madrid 2026-27,86.5,9.300863704308615,9.28516623494883,9.722139263571261
Real Madrid 2026-27,86.4,8.968400472310588,8.930835592189233,9.540847436321464
Real Madrid 2026-27,86.2,9.279222207321538,9.261337109690942,9.708242738626202
Real Madrid 2026-27,86.5,9.350710924520234,9.334868819724264,9.737880370619996
Real Madrid 2026-27,86.5,9.165134479214721,9.140689688377083,9.649645596798251
Real Madrid 2026-27,86.6,9.087966395334501,9.064306078572352,9.62774525119784
Real Madrid 2026-27,86.3,9.185061402825845,9.16172704206588,9.660120843450313
Real Madrid 2026-27,86.3,9.150816888110041,9.127533793300687,9.649116521489399
Real Madrid 2026-27,86.4,8.813542381480659,8.76288135595213,9.44744141734001
Real Madrid 2026-27,86.3,9.093940760256155,9.067898075762619,9.62182259565358
Real Madrid 2026-27,86.3,8.963558274344464,8.927767511902067,9.546570956749218
Real Madrid 2026-27,86.5,9.29316770387157,9.27449447293601,9.709851728746512
Real Madrid 2026-27,86.4,9.15804138287491,9.137708105271084,9.661057345279456
Real Madrid 2026-27,86.6,9.166095183191043,9.147129517322975,9.668291750158781
Real Madrid 2026-27,86.2,9.118107943587724,9.094391696598674,9.637028809748433
Real Madrid 2026-27,86.2,9.042752106444311,9.007382769557362,9.57313917703005
Real Madrid 2026-27,86.5,8.998362680324748,8.963480938694804,9.558756172038773
Real Madrid 2026-27,86.4,8.966497226641538,8.937750820535065,9.571981738573998
Real Madrid 2026-27,86.5,9.190921206477176,9.17011954046756,9.669847161537438
Real Madrid 2026-27,86.2,9.271990868982005,9.254946440044625,9.708422957358502
Real Madrid 2026-27,86.3,9.197018067118023,9.17811393509166,9.678466810578906
Real Madrid 2026-27,86.3,9.252794977220063,9.234291396504517,9.697139646745557
Real Madrid 2026-27,86.4,9.181025081905268,9.157680236835953,9.658891148377343
Real Madrid 2026-27,86.5,9.271598257749108,9.25039376257843,9.694822573213242
Real Madrid 2026-27,86.2,9.227653700028846,9.206659875314813,9.681619250668808
Real Madrid 2026-27,86.3,9.274016528662795,9.255261517190052,9.703434690112982
Real Madrid 2026-27,86.4,9.085166618827056,9.059019453934518,9.61812791292084
Real Madrid 2026-27,86.3,9.021188540529371,8.989980983291067,9.580870324425948
Real Madrid 2026-27,86.2,8.813715702967276,8.762533730531063,9.44466105643727
Real Madrid 2026-27,86.6,9.13617352726651,9.109750670760597,9.633662754609546
Real Madrid 2026-27,86.5,9.161095796726594,9.140344439492544,9.660617622403873
Real Madrid 2026-27,86.5,9.103474220607659,9.078151424583934,9.626772605535233
Real Madrid 2026-27,86.5,9.163908943692668,9.141617823800342,9.656302510806949
Real Madrid 2026-27,86.4,8.947814444902313,8.916517010695642,9.557232399919188
Real Madrid 2026-27,86.2,9.262325052483261,9.24685790444985,9.710452146273475
Real Madrid 2026-27,86.6,9.283478592703647,9.264533753166257,9.706257932264457
Real Madrid 2026-27,86.4,9.236801093626259,9.217106971547004,9.688806607262597
Real Madrid 2026-27,86.4,9.355800381848413,9.343170853876241,9.750071640535499
Real Madrid 2026-27,86.3,8.977267546175394,8.943886154688732,9.559005726959283
Real Madrid 2026-27,86.4,8.974842189377943,8.943101405566685,9.564475586079817
Real Madrid 2026-27,86.4,9.071238982048524,9.044121292697188,9.61075398802528
Real Madrid 2026-27,86.6,9.077109318861075,9.050138241624392,9.612796778627704
Real Madrid 2026-27,86.2,9.213473959463185,9.19108833597613,9.67207518646266
Real Madrid 2026-27,86.6,8.924759140611842,8.88480369555989,9.520239745014266
Real Madrid 2026-27,86.2,8.933903200050473,8.897558034921987,9.53518633133709
Real Madrid 2026-27,86.2,9.192163381515376,9.172438018273459,9.673743138332089
Real Madrid 2026-27,86.6,9.011467524013893,8.979339570622372,9.574515806676967
Real Madrid 2026-27,86.5,9.123788696214515,9.097874026432683,9.631523792970633
Real Madrid 2026-27,86.2,8.921840488822358,8.887359741099784,9.538197804014374
Real Madrid 2026-27,86.3,9.324710434598073,9.30852657023792,9.72849892983386
Real Madrid 2026-27,86.3,9.106182265199289,9.082187394784377,9.632255224197872
Real Madrid 2026-27,86.2,9.36071907200006,9.34554159410617,9.743394965832008
Real Madrid 2026-27,86.4,8.996179638573814,8.966701838485978,9.578854613852531
Real Madrid 2026-27,86.4,9.112267739193774,9.08746114803818,9.631116094208444
Real Madrid 2026-27,86.3,8.991208105215529,8.955112261436373,9.55446298010074
Real Madrid 2026-27,86.6,9.129153609732356,9.10659473359905,9.644657847358552
Real Madrid 2026-27,86.2,9.120675813839483,9.09721847136973,9.638800776395504
Real Madrid 2026-27,86.2,8.995086662090616,8.959527309354712,9.556098027832356
Real Madrid 2026-27,86.3,9.11686658908967,9.092630594953091,9.634515883302527
Real Madrid 2026-27,86.5,9.166744686964911,9.146643788390206,9.664487275679898
Real Madrid 2026-27,86.5,9.326306337000844,9.311858765159633,9.734737286220064
Real Madrid 2026-27,86.3,9.133099399384482,9.106825954471288,9.633434294273266
Real Madrid 2026-27,86.4,8.906569679359999,8.865868622990426,9.511460676131927
Real Madrid 2026-27,86.2,9.030074025666112,8.998180226668326,9.580491331533862
Real Madrid 2026-27,86.4,9.337325667001064,9.321628274732063,9.734177595392481
Real Madrid 2026-27,86.4,9.136977473330875,9.114059334786305,9.645717529864946
Real Madrid 2026-27,86.2,9.021264745574442,8.990428509951398,9.5820699663174
Real Madrid 2026-27,86.5,9.219959564447237,9.202583828769967,9.690602249520436
Real Madrid 2026-27,86.6,9.001853325068469,8.973021495322213,9.582847752246053
Real Madrid 2026-27,86.2,9.30819245109887,9.295023720754617,9.732714818379456
Real Madrid 2026-27,86.3,9.200333188512095,9.177381481352368,9.665292349057061
Real Madrid 2026-27,86.5,9.25554221026535,9.232172406405144,9.681495556594509
Real Madrid 2026-27,86.5,8.961254886569561,8.92785226574614,9.554142454263586
Real Madrid 2026-27,86.2,9.2676881980344,9.249584823345923,9.703634836197438
Real Madrid 2026-27,86.4,8.973164809344386,8.936658173736308,9.545887940834882
Real Madrid 2026-27,86.3,8.931753489856508,8.896497298273736,9.537295182552645
Real Madrid 2026-27,86.2,9.179921398281842,9.154668321856148,9.65156408915464
Real Madrid 2026-27,86.5,9.119759188055824,9.092918485548031,9.625974564869445
Real Madrid 2026-27,86.6,9.019395155356275,8.981645004346813,9.557723049380884
Real Madrid 2026-27,86.5,9.114335279044877,9.091119751105932,9.637428948907878
Real Madrid 2026-27,86.5,9.061007128963467,9.033188500952372,9.605045697203746
Real Madrid 2026-27,86.2,9.122667457137332,9.098611543217931,9.637439861723198
Real Madrid 2026-27,86.4,9.061684487734794,9.032580604323785,9.600711249581138
Real Madrid 2026-27,86.6,9.226784876280023,9.2067551260072,9.683785730037629
Real Madrid 2026-27,86.3,9.012319799550895,8.980270874418764,9.574916916317473
Real Madrid 2026-27,86.3,9.046410457603615,9.016500287021968,9.592236515467672
Real Madrid 2026-27,86.6,8.994211819485384,8.962314340133998,9.569655190033
Real Madrid 2026-27,86.6,9.203579607612582,9.179586669582065,9.66321971512495
Real Madrid 2026-27,86.5,9.13621832034502,9.105622866108215,9.619409681110056
Real Madrid 2026-27,86.4,9.05062474072676,9.019026973528634,9.58720824215099
Real Madrid 2026-27,86.4,9.208429952791935,9.18818278799585,9.677516036514831
Real Madrid 2026-27,86.6,9.01342061545458,8.97099170865938,9.535139055250623
Real Madrid 2026-27,86.2,9.17229463391348,9.148237992021361,9.653046650999537
Real Madrid 2026-27,86.3,9.320906946865746,9.307119920725688,9.735132408164642
Real Madrid 2026-27,86.3,9.144811428271257,9.119225137882808,9.639332930039213
Real Madrid 2026-27,86.2,9.13133485271063,9.110032357901535,9.649276631773816
Real Madrid 2026-27,86.2,9.025134052917291,8.99380729886056,9.580947395921262
Real Madrid 2026-27,86.3,9.073197753451375,9.043699268332224,9.603335935072204
Real Madrid 2026-27,86.4,9.101209571167573,9.078122365337396,9.633390642990497
Real Madrid 2026-27,86.6,9.386194197163109,9.373706690713739,9.760275413861986
Real Madrid 2026-27,86.6,8.927332243364123,8.886643631348791,9.517812468610087
Real Madrid 2026-27,86.6,9.198151435109716,9.175785804193362,9.667477308547097
Real Madrid 2026-27,86.5,9.140891726065147,9.115491361277378,9.63847776478492
Real Madrid 2026-27,86.2,9.134565334474956,9.107554229266055,9.630232506979825
Real Madrid 2026-27,86.4,8.991651589152532,8.953348984939494,9.546790809950158
Real Madrid 2026-27,86.2,8.993402161654071,8.962975208857264,9.574872043359196
Real Madrid 2026-27,86.5,9.361232166333336,9.349683558138702,9.755224354744271
Real Madrid 2026-27,86.6,8.961362510630638,8.925170134049093,9.544703772140997
Real Madrid 2026-27,86.2,9.132954110211175,9.107811841063484,9.637112349590906
Real Madrid 2026-27,86.6,8.904966646361403,8.861723198779918,9.502680614748305
Real Madrid 2026-27,86.2,9.068500694559685,9.040348317318168,9.605927594342386
Real Madrid 2026-27,86.2,9.103815718556582,9.080644157888171,9.634098589207595
Real Madrid 2026-27,86.2,9.060206663854009,9.032084097258116,9.60346355671014
Real Madrid 2026-27,86.3,8.958998382762022,8.918324409267637,9.526416740686587
Real Madrid 2026-27,86.3,9.30999616488563,9.296442116703226,9.732298850576882
Real Madrid 2026-27,86.2,9.022626993431352,8.98617769541254,9.563244067215107
Real Madrid 2026-27,86.5,9.017096153020226,8.987104197731151,9.583639086342542
Real Madrid 2026-27,86.2,8.875266551675052,8.83046744296837,9.484758004629946
Real Madrid 2026-27,86.3,9.366632518480166,9.352132698851925,9.747172562356175
Real Madrid 2026-27,86.3,9.156302936554908,9.130096783392347,9.64033461993894
Real Madrid 2026-27,86.5,9.135332792728358,9.114045707172385,9.650649634988458
Real Madrid 2026-27,86.3,9.16847349707037,9.138810419513094,9.6319728309966
Real Madrid 2026-27,86.3,9.097214966250597,9.06804036407035,9.610420016020953
Real Madrid 2026-27,86.2,9.114969737767018,9.09252816142547,9.64004430318022
Real Madrid 2026-27,86.4,9.35894865636037,9.346981382348783,9.753050853798834
Real Madrid 2026-27,86.3,8.955826404486661,8.921645442803259,9.549798159319874
Real Madrid 2026-27,86.5,9.104121801481716,9.077004476216,9.62143192055024
Real Madrid 2026-27,86.5,9.18184622577996,9.160267838069153,9.664200527285606
Real Madrid 2026-27,86.2,9.014316805217353,8.978144992653387,9.561349425782513
Real Madrid 2026-27,86.3,9.290130411944595,9.269670909472636,9.703383977106215
Real Madrid 2026-27,86.5,9.364963983103287,9.350943122517565,9.74856320152705
Real Madrid 2026-27,86.2,9.171633495737,9.148771934095741,9.656692302761725
Real Madrid 2026-27,86.5,9.16295142673442,9.141828889876916,9.659972031688293
Real Madrid 2026-27,86.6,9.15088171130902,9.128504508736196,9.651748146524508
Real Madrid 2026-27,86.3,8.99192443251801,8.959926999755673,9.56907463972792
Real Madrid 2026-27,86.3,8.980169334573272,8.946094190760626,9.557592202773739
Real Madrid 2026-27,86.5,8.980517763782274,8.948850543396926,9.566338976261239
Real Madrid 2026-27,86.2,9.148716747397955,9.123877561622828,9.642600684811022
Real Madrid 2026-27,86.2,9.153649169543039,9.13122593312829,9.652122953080475
Real Madrid 2026-27,86.5,9.19385791511877,9.176680326973111,9.682949584929126
Real Madrid 2026-27,86.6,8.988455394279637,8.949693578696515,9.544492754290092
Real Madrid 2026-27,86.3,9.16234347056642,9.136048478058997,9.641252292776588
Real Madrid 2026-27,86.2,8.932494316212157,8.8940421143176,9.527479653283546
Real Madrid 2026-27,86.2,9.205509800699414,9.185553086297878,9.677590194251575
Real Madrid 2026-27,86.2,9.302825415000031,9.285344523944856,9.71672298882533
Real Madrid 2026-27,86.2,9.116267144010347,9.087119059321614,9.618011161518186
Real Madrid 2026-27,86.6,9.309623095842863,9.29402608299332,9.725280020431079
Real Madrid 2026-27,86.2,9.03774594438404,9.006178833669905,9.583406950403917
Real Madrid 2026-27,86.5,9.058976146066914,9.027510407732223,9.591034767185477
Real Madrid 2026-27,86.2,9.048640855308244,9.02331757064702,9.609609894490612
Real Madrid 2026-27,86.3,9.067680174244936,9.041214055516937,9.611573709164894
Real Madrid 2026-27,86.5,9.262996599777885,9.243918009554495,9.698967693809653
Real Madrid 2026-27,86.6,9.122632663004282,9.096479334886222,9.630384616122566
Real Madrid 2026-27,86.6,9.176256426469461,9.153629365737183,9.658959780129054
Real Madrid 2026-27,86.3,8.843115769178558,8.79372539167746,9.460416384941638
Real Madrid 2026-27,86.2,8.956157331458206,8.923862342597838,9.556215268295746
Real Madrid 2026-27,86.2,9.092312048045557,9.062656018251227,9.608934248475748
Real Madrid 2026-27,86.2,9.044912239277435,9.013265425719899,9.585718292756278
Real Madrid 2026-27,86.6,9.008894218225894,8.975572645608118,9.569199582081175
Real Madrid 2026-27,86.2,9.094707836005117,9.07131418797126,9.63059319300216
Real Madrid 2026-27,86.4,9.20924110871317,9.18590592763216,9.667575190095599
Real Madrid 2026-27,86.2,8.83052386538922,8.777518985790461,9.443240785699567
Real Madrid 2026-27,86.3,9.249074419731793,9.232667294783708,9.703287651085374
Real Madrid 2026-27,86.3,9.219549727220265,9.193941039106267,9.663592916958986
Real Madrid 2026-27,86.3,9.068459211529117,9.036983906422718,9.595443258606714
Real Madrid 2026-27,86.4,9.052727632821409,9.02241166575635,9.592981864208642
Real Madrid 2026-27,86.5,9.050816341325707,9.014131807282265,9.571199695359244
Real Madrid 2026-27,86.6,9.371377662840839,9.35967630701886,9.757943440279321
Real Madrid 2026-27,86.2,9.109758508978143,9.084394408937106,9.628486453095991
Real Madrid 2026-27,86.6,9.190830634100065,9.17221652303612,9.677164269474545
Real Madrid 2026-27,86.2,9.146577503332585,9.118194322514377,9.630548155004863
Real Madrid 2026-27,86.3,9.109121940047821,9.079243362584121,9.613611612583197
Real Madrid 2026-27,86.3,9.081227805614441,9.049952399585838,9.598318646742555
Real Madrid 2026-27,86.2,9.276065367978974,9.25679423612266,9.702760047746057
Real Madrid 2026-27,86.4,9.214669119616739,9.191234832375844,9.667912855395643
Real Madrid 2026-27,86.5,9.28866419612816,9.272601781755615,9.717381673326361
Real Madrid 2026-27,86.3,9.165900056827805,9.137058829678569,9.633240508597654
Real Madrid 2026-27,86.5,9.208363587620582,9.186254664259167,9.671610852965047
Real Madrid 2026-27,86.4,9.269664542755661,9.253313412475757,9.709953710060311
Real Madrid 2026-27,86.2,9.04637273912148,9.019875429261063,9.60487573276979
Real Madrid 2026-27,86.2,9.285269937050346,9.269936412266254,9.718436079857911
Real Madrid 2026-27,86.2,8.970020836193976,8.935145614916491,9.552172316103928
Real Madrid 2026-27,86.3,9.175591576309326,9.145370921370361,9.633660765342608
Real Madrid 2026-27,86.2,9.002023200186159,8.967873287491724,9.564747951341793
Real Madrid 2026-27,86.3,9.141994132309364,9.117223322477363,9.640178690199807
Real Madrid 2026-27,86.2,9.341483537545997,9.327231244463261,9.740153897096047
Real Madrid 2026-27,86.2,9.177164677530975,9.155054782962223,9.661130128778876
Real Madrid 2026-27,86.4,9.088281344530998,9.064207614450446,9.626042473862661
Real Madrid 2026-27,86.3,8.918176114831711,8.8758196474958,9.508211599139479
Real Madrid 2026-27,86.2,9.023767572428657,8.986039603803974,9.55661398204772
Real Madrid 2026-27,86.3,9.357573459497537,9.346568788125223,9.755621862916769
Real Madrid 2026-27,86.3,8.946050041007176,8.910214514407038,9.539531979487863
Real Madrid 2026-27,86.2,9.247579564258842,9.226602983516482,9.687575785440124
Real Madrid 2026-27,86.2,8.859210009773696,8.8142698468713,9.481733442887446
Real Madrid 2026-27,86.2,9.175722503707702,9.153080822856943,9.659334605848075
Real Madrid 2026-27,86.2,9.19051988420813,9.165246474118545,9.655212542380417
Real Madrid 2026-27,86.2,9.106207965870846,9.07888356816544,9.621144126530965
Real Madrid 2026-27,86.5,9.199703405669169,9.175780322018927,9.66254826483328
Real Madrid 2026-27,86.2,9.233015863572039,9.210256906509382,9.676410647179235
Real Madrid 2026-27,86.3,8.890650390302707,8.848554188362977,9.499690846114634
Real Madrid 2026-27,86.5,8.88517471599602,8.850967360988559,9.5276602156695
Real Madrid 2026-27,86.3,9.390511753408052,9.377772031672805,9.760720834899745
Real Madrid 2026-27,86.6,9.049230781633216,9.02054662024691,9.598526281394244
Real Madrid 2026-27,86.3,9.166961232603319,9.147275911691,9.666090152344754
Real Madrid 2026-27,86.2,9.189012373009446,9.164665654755279,9.65776047039434
Real Madrid 2026-27,86.4,9.152383614631972,9.123271087231615,9.62794902969884
Real Madrid 2026-27,86.4,9.01710871539117,8.98594170842986,9.579535634674004
Real Madrid 2026-27,86.3,9.154474585113341,9.124465027659948,9.62586668097405
Real Madrid 2026-27,86.6,9.06822314860544,9.038654778435523,9.601269668349833
Real Madrid 2026-27,86.3,9.273921698578574,9.25633038825232,9.707633831381127
Real Madrid 2026-27,86.2,8.974831255839181,8.944231749361526,9.567587084538443
Real Madrid 2026-27,86.6,9.102920446309632,9.079749217493498,9.634137389014006
Real Madrid 2026-27,86.5,9.055179015018599,9.019634309820917,9.576395046112953
Real Madrid 2026-27,86.6,9.020627959830543,8.989389680078757,9.580466414728564
Real Madrid 2026-27,86.3,9.28119168723561,9.265648218524499,9.716373399067598
Real Madrid 2026-27,86.3,9.115219882650052,9.088386029630781,9.625007781949758
Real Madrid 2026-27,86.2,9.288001257819392,9.272347219254474,9.718323415026381
Real Madrid 2026-27,86.5,9.104142000176124,9.083122758809065,9.641610226256386
Real Madrid 2026-27,86.3,9.1930332496578,9.167588172204638,9.655202768304616
Real Madrid 2026-27,86.2,8.888711546766867,8.853095550426021,9.52340590762027
Real Madrid 2026-27,86.3,8.938639055763016,8.901599371187123,9.532780479849125
Real Madrid 2026-27,86.3,9.190636824963278,9.171797398518049,9.676408161936731
Real Madrid 2026-27,86.3,9.135602480089993,9.108705021279098,9.632187676167135
Real Madrid 2026-27,86.5,9.218634980261722,9.19789960726354,9.679494659840614
Real Madrid 2026-27,86.4,9.040623616499037,9.006594767156455,9.57751952795209
Real Madrid 2026-27,86.3,9.138234892544798,9.112534666723093,9.636212012180469
Real Madrid 2026-27,86.6,9.048975766126562,9.021065416295688,9.600769190597063
Real Madrid 2026-27,86.4,9.129596394104896,9.107394672968015,9.645315992122136
Real Madrid 2026-27,86.5,9.05323206226395,9.020193137069606,9.584501222289443
Real Madrid 2026-27,86.6,9.150061919700157,9.12379504528872,9.638133921162249
Real Madrid 2026-27,86.2,8.947722032082092,8.90740199134752,9.523283194785495
Real Madrid 2026-27,86.3,9.09798531096296,9.072305396179326,9.623691191506875
Real Madrid 2026-27,86.6,8.942834867971118,8.900279478069642,9.516553025952156
Real Madrid 2026-27,86.3,8.969613425556467,8.937917843920678,9.562567811145575
Real Madrid 2026-27,86.4,9.095201208679235,9.06591008113313,9.610027938813374
Real Madrid 2026-27,86.6,9.084923515766613,9.057578104066192,9.613694823749876
Real Madrid 2026-27,86.3,8.980993280653003,8.942233852968716,9.539823044480471
Real Madrid 2026-27,86.4,9.227095431481027,9.209254452949992,9.691603283502547
Real Madrid 2026-27,86.3,9.057670259223489,9.027487603263081,9.5953786505338
Real Madrid 2026-27,86.6,8.898558823864327,8.861151175836312,9.52012390669244
Real Madrid 2026-27,86.4,8.89758026376122,8.857605947511985,9.510354767419283
Real Madrid 2026-27,86.4,8.977563585231644,8.94623216634529,9.56636355354816
Real Madrid 2026-27,86.5,9.048851414787274,9.01869019874031,9.59213677342785
Real Madrid 2026-27,86.3,9.063971145236906,9.031870998361425,9.591486017164208
Real Madrid 2026-27,86.5,9.004608655693803,8.97838199218096,9.59256218559818
Real Madrid 2026-27,86.3,9.124600454484357,9.100788939985222,9.638582726655084
Real Madrid 2026-27,86.6,9.241134644094442,9.222977320535886,9.694990436664986
Real Madrid 2026-27,86.5,9.027650222274213,8.995435661266168,9.579373925497773
Real Madrid 2026-27,86.4,9.256464959801727,9.238265445923176,9.69980826438759
Real Madrid 2026-27,86.3,9.32833318752403,9.314977425486761,9.738482020627988
Real Madrid 2026-27,86.2,9.361949169376615,9.349299995224076,9.751922147361604
Real Madrid 2026-27,86.6,9.190695107642481,9.166955683629167,9.659451661113062
Real Madrid 2026-27,86.6,9.282621425898393,9.26899532407785,9.722995944435459
Real Madrid 2026-27,86.3,9.171544772301383,9.144756087980554,9.642154053702521
Real Madrid 2026-27,86.4,9.036619105009521,9.006986166109446,9.591132096015993
Real Madrid 2026-27,86.3,9.014160238036412,8.977320666158722,9.559538625868257
Real Madrid 2026-27,86.4,9.07938892607008,9.044641696366893,9.587454178176115
Real Madrid 2026-27,86.6,9.322154003364837,9.30456576408908,9.722638825000194
Real Madrid 2026-27,86.5,9.085345629291906,9.054584709109864,9.60325221917076
Real Madrid 2026-27,86.2,9.13100999795467,9.107495413309639,9.641618852989325
Real Madrid 2026-27,86.5,9.016008334628854,8.986441580562085,9.584713760483288
Real Madrid 2026-27,86.3,8.918259364301711,8.878557338902404,9.518535843106443
Real Madrid 2026-27,86.2,8.843530085949014,8.804521777168175,9.49791746998173
Real Madrid 2026-27,86.4,9.350934734506051,9.336624429347111,9.743371627861942
Real Madrid 2026-27,86.3,9.223125204727667,9.20599784088156,9.692653847856034
Real Madrid 2026-27,86.2,9.420832738577307,9.40815388059203,9.7707388995415
Real Madrid 2026-27,86.4,9.34684992062966,9.333347538470381,9.744212242520984
Real Madrid 2026-27,86.4,9.16728296971965,9.147724329288774,9.666424822385167
Real Madrid 2026-27,86.2,8.966801942494435,8.934468367531549,9.559763066985479
Real Madrid 2026-27,86.3,9.076661408622241,9.044574857131185,9.59528379928296
Real Madrid 2026-27,86.3,9.061996370074812,9.034812336775579,9.60687275189287
Real Madrid 2026-27,86.4,9.201130743308877,9.180023792243068,9.672647097126
Real Madrid 2026-27,86.3,9.041524345205836,9.007860448028694,9.579070223575087
Real Madrid 2026-27,86.5,9.00487238017943,8.96993538892112,9.562846676156818
Real Madrid 2026-27,86.5,9.106827030492408,9.075987090833635,9.60984713809056
Real Madrid 2026-27,86.4,9.179135615189013,9.156144439771325,9.658680703097346
Real Madrid 2026-27,86.5,9.106132531010001,9.082133350110674,9.631947231084224
Real Madrid 2026-27,86.2,9.005339830728381,8.968908845916507,9.55825775719657
Real Madrid 2026-27,86.6,9.016125272990683,8.985156889599146,9.580058999555492
Real Madrid 2026-27,86.2,9.137805621895513,9.111196555084396,9.633998997900504
Real Madrid 2026-27,86.3,8.851436419554616,8.803045505711793,9.466771041794736
Real Madrid 2026-27,86.5,9.258722499944742,9.241412142646464,9.70333569893821
Real Madrid 2026-27,86.3,8.998701103169417,8.960015443062595,9.547427498558246
Real Madrid 2026-27,86.2,9.11925207465885,9.090848269831852,9.62094831310029
Real Madrid 2026-27,86.4,9.01213979777437,8.980502386365409,9.574612679644579
Real Madrid 2026-27,86.5,9.146758256271113,9.125598146752873,9.654791704075379
Real Madrid 2026-27,86.5,9.054658588288182,9.029441552228143,9.611905359324012
Real Madrid 2026-27,86.6,9.193959144825978,9.169835325408798,9.66013567680822
Real Madrid 2026-27,86.6,9.017782041735238,8.987778916883073,9.584052846649103
Real Madrid 2026-27,86.2,9.423394650075263,9.411991294079588,9.775657446734833
Real Madrid 2026-27,86.4,9.083517817734716,9.053621127352603,9.605033873160448
Real Madrid 2026-27,86.2,9.053245239885172,9.025334458985636,9.60219372807623
Real Madrid 2026-27,86.2,9.012365192709114,8.97713814291702,9.564564116080323
Real Madrid 2026-27,86.2,9.313962265190813,9.297901724795171,9.724902684858604
Real Madrid 2026-27,86.3,9.256291042278823,9.23816623579809,9.700273071103375
Real Madrid 2026-27,86.6,9.18243964926813,9.157045254975339,9.651759280596142
Real Madrid 2026-27,86.4,9.175189728984357,9.153103791352358,9.661049865514247
Real Madrid 2026-27,86.2,9.325102796564678,9.310389676010983,9.733518678012265
Real Madrid 2026-27,86.4,9.254973575405096,9.237820121793693,9.702737420845807
Real Madrid 2026-27,86.2,9.007390526884805,8.970437337009447,9.55647011962651
Real Madrid 2026-27,86.4,9.035905654796881,9.01113815150173,9.60747978126088
Real Madrid 2026-27,86.3,9.283135490152475,9.26569757128242,9.710943663161121
Real Madrid 2026-27,86.4,9.006141775203922,8.967951224864937,9.549148871362215
Real Madrid 2026-27,86.4,9.17911988654244,9.153884796490164,9.651487856202776
Real Madrid 2026-27,86.4,9.341404923220871,9.328220603739801,9.743402071169765
Real Madrid 2026-27,86.2,9.190187412923583,9.167984064760908,9.665204743037672
Real Madrid 2026-27,86.3,8.959136708811254,8.920604304764035,9.535668952657582
Real Madrid 2026-27,86.3,9.158584372384755,9.13219672358447,9.641250850991428
Real Madrid 2026-27,86.4,9.34861497330183,9.33386840002238,9.741019230348716
Real Madrid 2026-27,86.6,9.016646106743796,8.984497534356276,9.57605166261979
Real Madrid 2026-27,86.6,9.217254503955925,9.198136178470804,9.683717009099766
Real Madrid 2026-27,86.5,9.177336044151275,9.156857541877262,9.666913498136001
Real Madrid 2026-27,86.2,9.132439220973676,9.107373896547543,9.637295921572171
Real Madrid 2026-27,86.5,8.958840153423184,8.928979868068206,9.565924944186671
Real Madrid 2026-27,86.3,8.844779211099706,8.801985728271692,9.484053419559599
Real Madrid 2026-27,86.2,8.915292747534224,8.880647481645763,9.535124633886
Real Madrid 2026-27,86.3,9.039161473104937,9.009454488234761,9.59120166599837
Real Madrid 2026-27,86.2,9.19488996770012,9.171602295926178,9.66215774204374
Real Madrid 2026-27,86.2,8.989996775738257,8.960584791323036,9.577035251193621
Real Madrid 2026-27,86.6,9.157149319979002,9.137059791322367,9.661626147962565
Real Madrid 2026-27,86.6,9.149048445607653,9.123365121832535,9.640154660648417
Real Madrid 2026-27,86.3,9.134348990491814,9.107061652163,9.629971616571636
Real Madrid 2026-27,86.4,9.018455602592539,8.989182153986032,9.586444330930451
Real Madrid 2026-27,86.2,8.67818574713443,8.622032974688423,9.385225368433597
Real Madrid 2026-27,86.2,9.069513496132677,9.037984618151905,9.594830703677301
Real Madrid 2026-27,86.6,9.032452162715527,9.002360912664017,9.587998706758382
Real Madrid 2026-27,86.2,9.108484926793858,9.080453949165683,9.619528694921915
Real Madrid 2026-27,86.2,9.028354961647283,8.996948049456751,9.581967307808629
Real Madrid 2026-27,86.3,9.111777011731824,9.078098220237106,9.600371561435672
Real Madrid 2026-27,86.2,9.28705741883973,9.2675758528788,9.705405185476591
Real Madrid 2026-27,86.5,9.333239340510602,9.318875898668527,9.7369975570125
Real Madrid 2026-27,86.3,9.403725383428565,9.39407457557808,9.775015615151178
Real Madrid 2026-27,86.4,9.05555089433247,9.028091207607082,9.60472658714618
Real Madrid 2026-27,86.3,9.375446098778601,9.361603363459244,9.752361885050236
Real Madrid 2026-27,86.2,9.196343461860755,9.178320277954388,9.68075321857102
Real Madrid 2026-27,86.3,8.953328002306176,8.922330279690668,9.560057980575309
Real Madrid 2026-27,86.6,9.199053562775376,9.179190104809452,9.675921375577406
Real Madrid 2026-27,86.3,9.123345319252078,9.095995463369787,9.626231380347264
Real Madrid 2026-27,86.3,9.188160624876808,9.162751286799544,9.654452224541485
Real Madrid 2026-27,86.6,9.070976832207418,9.042674282125668,9.605935670746955
Real Madrid 2026-27,86.5,9.284916598523766,9.267553540304057,9.711757632333292
Real Madrid 2026-27,86.2,9.267955621657022,9.24987062694489,9.703993944769156
Real Madrid 2026-27,86.2,9.107307179886105,9.077631006790675,9.614165433839508
Real Madrid 2026-27,86.2,9.152209301730423,9.13078498800126,9.655678751908919
Real Madrid 2026-27,86.3,9.036405398115706,9.004386870924002,9.581613310238659
Real Madrid 2026-27,86.6,9.203427839878195,9.181188002142324,9.669667150998059
Real Madrid 2026-27,86.5,9.21762424317791,9.196834790323699,9.678617268775804
Real Madrid 2026-27,86.3,8.982927232450278,8.94808976145828,9.555130262941354
Real Madrid 2026-27,86.6,9.18214679164642,9.158539003558541,9.657893954947754
Real Madrid 2026-27,86.5,9.009928657627302,8.978397566592669,9.576352656363214
Real Madrid 2026-27,86.5,9.191104446869298,9.164456997831305,9.650343208478048
Real Madrid 2026-27,86.3,9.070968802478115,9.043190419526407,9.607178021421399
Real Madrid 2026-27,86.6,9.171283744974371,9.149410190896434,9.660527626366989
Real Madrid 2026-27,86.4,9.262434521609164,9.245933308226295,9.707287852426735
Real Madrid 2026-27,86.2,9.012866306041442,8.981195305014122,9.576538522199483
Real Madrid 2026-27,86.3,9.355500068392447,9.340156810325723,9.741242753033188
Real Madrid 2026-27,86.2,9.103927185456081,9.075070705904038,9.615635385511144
Real Madrid 2026-27,86.2,9.214572360338845,9.193696158367302,9.676706458916604
Real Madrid 2026-27,86.4,9.254032429870989,9.2336867697128,9.691784998186124
Real Madrid 2026-27,86.3,9.296921933555689,9.284052759428857,9.730089808888346
Real Madrid 2026-27,86.4,9.144515045203484,9.117972464092283,9.635941078905073
Real Madrid 2026-27,86.6,9.054134546869946,9.024210854065734,9.595735675081688
Real Madrid 2026-27,86.2,8.851918488181498,8.808411932126567,9.483710032141175
Real Madrid 2026-27,86.5,9.068584066699508,9.035969029242093,9.591255680563933
Real Madrid 2026-27,86.2,9.205730914236991,9.185649487998141,9.677556246179256
Real Madrid 2026-27,86.6,9.11488218312619,9.083559887828711,9.60995096044927
Real Madrid 2026-27,86.5,9.24584716736482,9.230194073720202,9.704737439715528
Real Madrid 2026-27,86.3,9.1362901361656,9.11239340130437,9.642469359231088
Real Madrid 2026-27,86.4,8.995615211498189,8.964240176477418,9.572388468552049
Real Madrid 2026-27,86.4,9.370935100254167,9.357868908968337,9.753472243254986
Real Madrid 2026-27,86.6,9.205253353538016,9.18563687003559,9.678487794553984
Real Madrid 2026-27,86.4,9.13394168396525,9.105040423585978,9.624803729616822
Real Madrid 2026-27,86.2,9.318991093385847,9.303322582973447,9.728320379450983
Real Madrid 2026-27,86.3,9.300793733952924,9.281805704888155,9.711519460567942
Real Madrid 2026-27,86.2,9.180488663354026,9.15580104411237,9.653756087886169
Real Madrid 2026-27,86.5,9.220708189839325,9.200698733539983,9.682035082945085
Real Madrid 2026-27,86.2,9.001776033049936,8.967942148619207,9.565528321995584
Real Madrid 2026-27,86.3,9.218398327387373,9.201140842303676,9.690571594091221
Real Madrid 2026-27,86.2,9.340071469893891,9.326085233570268,9.740689172623178
Real Madrid 2026-27,86.2,9.030769138896853,9.002684623127546,9.594384054932068
Real Madrid 2026-27,86.2,9.264569662498799,9.249577604033266,9.712846545691754
Real Madrid 2026-27,86.4,8.933665239531454,8.899353908945793,9.542144010765359
Real Madrid 2026-27,86.3,9.104882430322473,9.079620769251527,9.627970907841213
Real Madrid 2026-27,86.3,9.187404307300277,9.162841895236367,9.656501617866148
Real Madrid 2026-27,86.2,9.1597665241743,9.130402366575384,9.631492649121164
Real Madrid 2026-27,86.4,8.93394540111682,8.889849017409967,9.508172024175094
Real Madrid 2026-27,86.3,9.29964360103543,9.286571120417426,9.730392472415142
Real Madrid 2026-27,86.4,9.062043097779712,9.031778279750167,9.597191748071898
Real Madrid 2026-27,86.2,8.959170912383616,8.92218457752921,9.540333386361246
Real Madrid 2026-27,86.2,9.286557828974022,9.271433425985796,9.719376242231746
Real Madrid 2026-27,86.4,9.13252457196802,9.104198452326182,9.626563041081546
Real Madrid 2026-27,86.5,9.178602938887925,9.157904296794758,9.666217717198707
Real Madrid 2026-27,86.5,9.185179167590313,9.160055100716706,9.654138842738
Real Madrid 2026-27,86.3,9.013649418600922,8.97983253000397,9.569608073984869
Real Madrid 2026-27,86.6,9.10407633814093,9.07743410892007,9.62236971370209
Real Madrid 2026-27,86.6,9.040731268344262,9.011764300776088,9.595015878992776
Real Madrid 2026-27,86.6,9.007987115176043,8.969538942629875,9.551194720382988
Real Madrid 2026-27,86.4,8.994779242833461,8.959343961422617,9.556568503030487
Real Madrid 2026-27,86.6,9.086460692094997,9.051572064184775,9.587042863484474
Real Madrid 2026-27,86.6,9.200113676783674,9.179104942769216,9.672565728375718
Real Madrid 2026-27,86.4,9.015315573785141,8.98450820224187,9.580567568433798
Real Madrid 2026-27,86.6,9.093446094494507,9.0710046200764,9.633435096220946
Real Madrid 2026-27,86.2,9.156986641833111,9.133410698870218,9.649947707621891
Real Madrid 2026-27,86.3,9.171646285473322,9.145694257462463,9.646887019390656
Real Madrid 2026-27,86.5,9.011466835927225,8.983203738011467,9.58773842498754
Real Madrid 2026-27,86.6,9.082399456827531,9.057396587758406,9.62134091123941
Real Madrid 2026-27,86.2,8.86301849580002,8.818516791765898,9.485100213902413
Real Madrid 2026-27,86.2,9.042912198024332,9.010466802448205,9.583036053101106
Real Madrid 2026-27,86.5,8.966395346789724,8.932664138670901,9.554695925420551
Real Madrid 2026-27,86.4,9.264858303537409,9.247951340717552,9.706728604981244
Real Madrid 2026-27,86.4,9.297631274725157,9.28128123079223,9.718827866623347
Real Madrid 2026-27,86.3,9.150719751742285,9.128607626757747,9.652628412364376
Real Madrid 2026-27,86.2,9.15146812714993,9.130712633307844,9.657617579554342
Real Madrid 2026-27,86.3,9.273384792962716,9.254181990759276,9.701782135339569
Real Madrid 2026-27,86.2,8.90012198301218,8.856318859176666,9.496593895589665
Real Madrid 2026-27,86.3,9.138937321376714,9.11981528836931,9.659090689366925
Real Madrid 2026-27,86.4,9.130025311777203,9.101745344309153,9.625712247993365
Real Madrid 2026-27,86.3,9.021819779184392,8.982618357656198,9.550070112962537
Real Madrid 2026-27,86.4,9.088026746599496,9.061716127872677,9.618514002515411
Real Madrid 2026-27,86.2,8.989796722676898,8.95174575750414,9.547390535046723
Real Madrid 2026-27,86.2,8.929800094033139,8.898275896791832,9.550957603885921
Real Madrid 2026-27,86.5,9.138988549991144,9.112981684341646,9.636433728803983
Real Madrid 2026-27,86.3,9.245165549973283,9.227928882020162,9.699244906298413
Real Madrid 2026-27,86.6,9.320230185828315,9.301825584669496,9.719135554465831
Real Madrid 2026-27,86.2,8.993678389470407,8.955941147949995,9.548378865822478
Real Madrid 2026-27,86.2,9.170145619839543,9.148010264495294,9.659197137458811
Real Madrid 2026-27,86.2,8.968063328487037,8.93554135097043,9.559588743401745
Real Madrid 2026-27,86.3,9.137325961293087,9.112660160064998,9.639975676520798
Real Madrid 2026-27,86.2,9.360675490689644,9.347027966556494,9.748223647990253
Real Madrid 2026-27,86.2,9.098874381450774,9.074043478108036,9.626615331316458
Real Madrid 2026-27,86.2,9.065006580424864,9.040588001027723,9.617869697385714
Real Madrid 2026-27,86.5,9.108362456915057,9.085831850834733,9.638013988075567
Real Madrid 2026-27,86.4,9.173632666117458,9.145459256189515,9.639922667152751
Real Madrid 2026-27,86.5,9.175691886720296,9.154063173646342,9.662590532831132
Real Madrid 2026-27,86.2,8.980537188558804,8.943639871644395,9.548581366240997
Real Madrid 2026-27,86.4,9.341656343409227,9.326099493476054,9.735949818872129
Real Madrid 2026-27,86.3,9.089326492952205,9.061942340043352,9.615843788423826
Real Madrid 2026-27,86.3,9.191727056532962,9.168196584588046,9.66096125597826
Real Madrid 2026-27,86.2,9.068199374490506,9.041322119145692,9.609996224122916
Real Madrid 2026-27,86.2,8.97389673305636,8.942985463706801,9.567039040564243
Real Madrid 2026-27,86.4,8.824230727677653,8.774971659692373,9.455192576854756
Real Madrid 2026-27,86.3,8.98706799481203,8.95259376572985,9.558070805052814
Real Madrid 2026-27,86.2,9.165050361858288,9.139020549185782,9.644256185060385
Real Madrid 2026-27,86.4,9.214218843969253,9.197383025324598,9.690624500892724
Real Madrid 2026-27,86.6,9.41833569443313,9.406684649340933,9.773486487607515
Real Madrid 2026-27,86.5,9.234512905182328,9.215466859055589,9.689725236801948
Real Madrid 2026-27,86.4,9.00034922501325,8.964365361354222,9.556330804192328
Real Madrid 2026-27,86.3,9.09813806689344,9.068465253205767,9.610319850200472
Real Madrid 2026-27,86.4,9.136037360729443,9.111510346951482,9.640386175138733
Real Madrid 2026-27,86.2,9.225287612771767,9.209845482555918,9.698721163240018
Real Madrid 2026-27,86.4,9.09015429308009,9.062383693252773,9.61471037546829
Real Madrid 2026-27,86.2,9.04213421420083,9.013435210784962,9.595938894744586
Real Madrid 2026-27,86.2,9.252496469716023,9.23550062756634,9.702433056193454
Real Madrid 2026-27,86.3,9.182404643751445,9.159045604115162,9.659271906567252
Real Madrid 2026-27,86.2,9.105374876847101,9.080114965393333,9.627441483387734
Real Madrid 2026-27,86.6,9.282403389650343,9.268327297520521,9.72143420290591
Real Madrid 2026-27,86.2,9.257274043984335,9.240390772034118,9.704369985335093
Real Madrid 2026-27,86.6,9.048285095035755,9.017239583406083,9.589895870594237
Real Madrid 2026-27,86.3,9.148321021711684,9.126768485245133,9.65354787241062
Real Madrid 2026-27,86.5,8.948743853399959,8.915412486209512,9.550280771445456
Real Madrid 2026-27,86.4,9.138477645260101,9.11709266900762,9.651355709333645
Real Madrid 2026-27,86.6,8.876679983205907,8.83165898499434,9.485011766944806
Real Madrid 2026-27,86.3,8.900716875986278,8.855056021829816,9.4879214225939
Real Madrid 2026-27,86.3,9.249157686985036,9.228121706401138,9.688276840775096
Real Madrid 2026-27,86.3,9.142450233542066,9.115331286909798,9.632713534929685
Real Madrid 2026-27,86.2,9.058568100323802,9.023769088268168,9.578304643570869
Real Madrid 2026-27,86.2,9.074730419822242,9.04207234613665,9.592848782863229
Real Madrid 2026-27,86.2,9.170433204582606,9.146449961709408,9.652942129128215
Real Madrid 2026-27,86.4,9.099525732936453,9.07434907248579,9.62599924650461
Real Madrid 2026-27,86.3,9.12072698780598,9.09550569230898,9.631942384442494
Real Madrid 2026-27,86.4,8.838939979023491,8.795801036012373,9.481036688278838
Real Madrid 2026-27,86.3,8.982277293280799,8.944566874139866,9.544070341421364
Real Madrid 2026-27,86.2,9.10522819924504,9.07986327514848,9.627406586379777
Real Madrid 2026-27,86.6,9.160455272021,9.139989375710059,9.661179659403828
Real Madrid 2026-27,86.3,8.944074137775555,8.903285253392834,9.521168052162034
Real Madrid 2026-27,86.4,9.121722779968621,9.096423909425766,9.632786732112152
Real Madrid 2026-27,86.5,9.003926422951976,8.969339308301507,9.562108526562271
Real Madrid 2026-27,86.2,8.735938359683525,8.683560810557799,9.416961969995212
Real Madrid 2026-27,86.6,9.368023130372334,9.355639759659327,9.754682214235839
Real Madrid 2026-27,86.2,9.18026572962641,9.156076158112661,9.655185755586139
Real Madrid 2026-27,86.4,9.164459493076885,9.144327676679113,9.663942667199576
Real Madrid 2026-27,86.2,9.101948778605712,9.071420602224505,9.60863848955617
Real Madrid 2026-27,86.3,9.23964229047861,9.218722063326641,9.68564637373092
Real Madrid 2026-27,86.3,9.070801839352006,9.034265596443454,9.576705835531902
Real Madrid 2026-27,86.4,9.245114572161711,9.226534242757435,9.695209040962807
Real Madrid 2026-27,86.5,9.245744145472445,9.224754327402918,9.686480905342203
Real Madrid 2026-27,86.5,9.048604964860443,9.02094583430363,9.601137489538534
Real Madrid 2026-27,86.3,8.985221561510578,8.950090736064633,9.555609301390401
Real Madrid 2026-27,86.2,9.218992140442232,9.20224761906453,9.692507177581883
Real Madrid 2026-27,86.2,9.346625433108095,9.332099848170067,9.740909819836343
Real Madrid 2026-27,86.3,8.885629196026203,8.837758191868662,9.479453202962112
Real Madrid 2026-27,86.5,9.08897044703405,9.0626278529773,9.617894524024468
Real Madrid 2026-27,86.4,9.057631052853578,9.030794195382795,9.606875440868563
Real Madrid 2026-27,86.2,8.861712683564445,8.814472263704108,9.472724505979052
Real Madrid 2026-27,86.3,9.085195748920992,9.055779750307895,9.607488931486944
Real Madrid 2026-27,86.3,9.155277173401299,9.133979502363047,9.65706821471083
Real Madrid 2026-27,86.2,9.284183153532535,9.265554525671222,9.70688885437744
Real Madrid 2026-27,86.4,9.073352792803442,9.047494678933505,9.615860394409184
Real Madrid 2026-27,86.2,9.057582674003427,9.028603990513103,9.599714995720774
Real Madrid 2026-27,86.6,9.254701595925866,9.237742284140197,9.703058485801304
Real Madrid 2026-27,86.3,9.132289502188659,9.106124463717723,9.632454133531992
Real Madrid 2026-27,86.4,9.172386424789812,9.147459970733241,9.650706555815656
Real Madrid 2026-27,86.6,9.240989535289355,9.219798218847,9.684037246362733
Real Madrid 2026-27,86.4,8.779145332739656,8.729373993236484,9.438797355533204
Real Madrid 2026-27,86.4,8.88713188447253,8.844840712226015,9.499466164453288
Real Madrid 2026-27,86.3,9.468222021909096,9.460037939301047,9.800407073184715
Real Madrid 2026-27,86.2,9.043469074540955,9.008115853521023,9.573079748360904
Real Madrid 2026-27,86.5,9.240626590852408,9.224094406311362,9.700044090885573
Real Madrid 2026-27,86.4,9.102745232814463,9.070908109243744,9.604593018931768
Real Madrid 2026-27,86.3,9.14400162646548,9.119680208157973,9.643314720497253
Real Madrid 2026-27,86.5,9.164673984531378,9.142066424481852,9.655992530834121
Real Madrid 2026-27,86.4,9.128641139629464,9.10626867021348,9.645081508626339
Real Madrid 2026-27,86.4,9.142312644211561,9.115702566900111,9.63501401309168
Real Madrid 2026-27,86.5,9.015477358711735,8.979915529879609,9.564005896240603
Real Madrid 2026-27,86.3,9.046017008891264,9.017677245863872,9.598449117708022
Real Madrid 2026-27,86.3,8.877817224952093,8.83130510248603,9.481043328964244
Real Madrid 2026-27,86.4,9.07372345641595,9.04305493379384,9.598398583376486
Real Madrid 2026-27,86.4,9.138106723886048,9.111800978812095,9.6349607035653
Real Madrid 2026-27,86.5,9.250743572891336,9.227947524970716,9.682729024720524
Real Madrid 2026-27,86.6,9.133190995964675,9.106361077849257,9.631481633992337
Real Madrid 2026-27,86.6,9.217252317259591,9.197898355039449,9.68350045305575
Real Madrid 2026-27,86.3,9.287482991025314,9.272298248226015,9.71961370947199
Real Madrid 2026-27,86.5,9.208206164306285,9.188758604085205,9.680118693437905
Real Madrid 2026-27,86.2,9.1110399900396,9.086582063518202,9.63246324185054
Real Madrid 2026-27,86.3,9.101119822866746,9.071485666095482,9.611860668794552
Real Madrid 2026-27,86.3,8.917328733954033,8.878407147835691,9.521117832608185
Real Madrid 2026-27,86.3,9.166289985890844,9.142673851058023,9.652862474758859
Real Madrid 2026-27,86.6,9.148076915110039,9.122939651778726,9.641686326754417
Real Madrid 2026-27,86.2,9.049011857039236,9.01998237883057,9.596184684160036
Real Madrid 2026-27,86.2,9.1656064288781,9.141885958524604,9.6525271073442
Real Madrid 2026-27,86.5,9.192523689655056,9.167665187251293,9.65603140709997
Real Madrid 2026-27,86.2,8.867421921614213,8.818191688408376,9.467929104395862
Real Madrid 2026-27,86.4,8.946072331640492,8.91260085180395,9.549572357854435
Real Madrid 2026-27,86.4,9.153516195817447,9.130813069898402,9.651434989414861
Real Madrid 2026-27,86.2,9.243671290373912,9.223072579574366,9.687169465956995
Real Madrid 2026-27,86.4,8.916404335087158,8.871973801483414,9.502423764647055
Real Madrid 2026-27,86.4,9.213865718916212,9.190858530942016,9.67065338194014
Real Madrid 2026-27,86.5,9.012359902476085,8.977299244733759,9.563290487970342
Real Madrid 2026-27,86.5,8.965187983258547,8.928322588922429,9.543474921999874
Real Madrid 2026-27,86.3,9.075805747853629,9.038644002813754,9.577494517832688
Real Madrid 2026-27,86.4,9.149172880961437,9.124071806461245,9.642465559369905
Real Madrid 2026-27,86.4,8.987367524501504,8.959976593299004,9.583096817306593
Real Madrid 2026-27,86.6,9.120675295435227,9.099955621637163,9.647768628090315
Real Madrid 2026-27,86.2,9.145383116400517,9.121103500126225,9.643229224698963
Real Madrid 2026-27,86.2,9.272115991682387,9.253214424466695,9.702956441288986
Real Madrid 2026-27,86.2,9.086027861847532,9.058441941628105,9.613989319602165
Real Madrid 2026-27,86.5,9.182881394392865,9.163596237985766,9.67258583944459
Real Madrid 2026-27,86.5,9.120741327595608,9.095878885555976,9.633959711144458
Real Madrid 2026-27,86.3,9.055842273625942,9.029282966646367,9.607155887075244
Real Madrid 2026-27,86.6,9.085483402691356,9.052810251464864,9.594448316817097
Real Madrid 2026-27,86.2,9.064880382955435,9.038060131104812,9.60923501631475
Real Madrid 2026-27,86.2,8.860441110625251,8.817363544882813,9.487840312665828
Real Madrid 2026-27,86.2,8.97122842456195,8.935900477835364,9.54947034580476
Real Madrid 2026-27,86.6,8.779669106983663,8.721482737013341,9.406483898949915
Real Madrid 2026-27,86.3,8.908319266641566,8.87122376043509,9.523970736615174
Real Madrid 2026-27,86.6,9.121546679876092,9.093785713070394,9.624822934487153
Real Madrid 2026-27,86.4,9.178900668428124,9.159382031270178,9.669981080600099
Real Madrid 2026-27,86.3,9.043539023256335,9.009237096287745,9.57790707574418
Real Madrid 2026-27,86.4,9.083781967903116,9.05804394164872,9.61883410069213
Real Madrid 2026-27,86.2,9.093204193313193,9.064988211742868,9.614035205764226
Real Madrid 2026-27,86.6,9.13915979762637,9.113840263479524,9.638177925952284
Real Madrid 2026-27,86.4,9.224919066675081,9.203981644670002,9.68036974958601
Real Madrid 2026-27,86.3,9.240051652068988,9.220198760908623,9.689327214729069
Real Madrid 2026-27,86.6,9.163245330364049,9.139766940426428,9.652163444821882
Real Madrid 2026-27,86.2,9.002066205505736,8.965831776622089,9.555929350174884
Real Madrid 2026-27,86.3,9.108240184075267,9.079083137528757,9.615443936786752
Real Madrid 2026-27,86.2,9.001299637835803,8.967291231295349,9.564232019202684
Real Madrid 2026-27,86.4,9.163497284223093,9.139583938138887,9.650830424618155
Real Madrid 2026-27,86.4,8.921945731496272,8.880952324129067,9.515946180511026
Real Madrid 2026-27,86.5,9.138568181914238,9.116059875403813,9.647857607536821
Real Madrid 2026-27,86.2,9.044338673195874,9.016087217825024,9.598201017914844
Real Madrid 2026-27,86.6,9.107715153984687,9.083630652891745,9.632546087315063
Real Madrid 2026-27,86.4,9.113396458437975,9.088212548448707,9.630758823564031
Real Madrid 2026-27,86.2,9.161750988624869,9.141201732430119,9.661715192824223
Real Madrid 2026-27,86.5,9.258339701022681,9.241534878776275,9.704973972468814
Real Madrid 2026-27,86.6,9.359606331673238,9.345008960417964,9.744979911862433
Real Madrid 2026-27,86.5,9.283881662549966,9.26719086443235,9.713641481161378
Real Madrid 2026-27,86.3,9.031664135745329,9.000635498644405,9.58465744731646
Real Madrid 2026-27,86.4,9.119493311744051,9.093223497223036,9.627865858837907
Real Madrid 2026-27,86.6,8.936915883023342,8.903190353108744,9.545267266343977
Real Madrid 2026-27,86.2,8.885560931235227,8.847515328653472,9.51409212064127
Real Madrid 2026-27,86.3,9.213235214956082,9.190978619447797,9.672742002921861
Real Madrid 2026-27,86.5,9.050937441082592,9.026232716313103,9.612478442609861
Real Madrid 2026-27,86.6,9.344983619269382,9.32964937356029,9.737651965364481
Real Madrid 2026-27,86.4,9.003771947992727,8.972557438324147,9.574639009004876
Real Madrid 2026-27,86.6,9.127349931239003,9.101926644567092,9.633650022532228
Real Madrid 2026-27,86.4,9.201935128796995,9.184137930903027,9.683540727721434
Real Madrid 2026-27,86.2,9.032720498567759,9.00344372186871,9.591288332939403
Real Madrid 2026-27,86.3,9.162293898964462,9.140814316630731,9.658827393923517
Real Madrid 2026-27,86.2,9.003327005391478,8.972415907524944,9.575592745172443
Real Madrid 2026-27,86.5,9.093843434504416,9.064613919046442,9.60980526387907
Real Madrid 2026-27,86.3,9.039991225168794,9.005852612096275,9.576322821780277
Real Madrid 2026-27,86.2,9.21698135980973,9.195811511818892,9.677616186110171
Real Madrid 2026-27,86.5,9.095379806721288,9.062477938729154,9.598947158046663
Real Madrid 2026-27,86.5,9.143645229698095,9.11871239477367,9.641301941899911
Real Madrid 2026-27,86.3,9.060128535940024,9.029377992942024,9.593448193554613
Real Madrid 2026-27,86.6,9.124610452961706,9.097225330859075,9.627045473076707
Real Madrid 2026-27,86.6,9.077171574805739,9.042565941365034,9.586178878271296
Real Madrid 2026-27,86.5,9.36253110735059,9.349803380974,9.751650711241467
Real Madrid 2026-27,86.6,9.093498872921728,9.064836753995174,9.611459357862
Real Madrid 2026-27,86.3,9.076717923901999,9.051304613743648,9.618326514970532
Real Madrid 2026-27,86.5,9.041719598528433,9.005342714238413,9.568662515254317
Real Madrid 2026-27,86.6,9.103110550916423,9.073790768309863,9.613579487784957
Real Madrid 2026-27,86.6,9.223409149054428,9.200310055763294,9.672583985717683
Real Madrid 2026-27,86.4,9.018260320762057,8.981956461729709,9.562281746378318
Real Madrid 2026-27,86.2,8.856767923606665,8.818226595807149,9.503240814532562
Real Madrid 2026-27,86.2,9.275697727262655,9.255601101534886,9.6994284017782
Real Madrid 2026-27,86.3,8.945840488797343,8.90709996602724,9.530667713710773
Real Madrid 2026-27,86.4,9.293526927005729,9.278004857865735,9.72014218597048
Real Madrid 2026-27,86.5,9.111277606049704,9.084838821513888,9.625662420953566
Real Madrid 2026-27,86.3,9.03134692180415,9.003357438253737,9.5946619742794
Real Madrid 2026-27,86.2,9.011701713691496,8.981298136885282,9.580116681768395
Real Madrid 2026-27,86.4,9.126894547197871,9.096854896432955,9.618243889479437
Real Madrid 2026-27,86.4,9.286463911610364,9.268032679671048,9.709088815486616
Real Madrid 2026-27,86.5,8.94678430843279,8.914525786351051,9.553762759903421
Real Madrid 2026-27,86.2,9.16188767153606,9.1347436522161,9.63949158726808
Real Madrid 2026-27,86.2,9.259144303833523,9.238775225718515,9.692567583483646
Real Madrid 2026-27,86.2,9.056989501283327,9.018506055020541,9.564927589314827
Real Madrid 2026-27,86.4,9.22797911395323,9.209487744837944,9.68980676503308
Real Madrid 2026-27,86.3,8.905566820964832,8.859818582420862,9.49380279575703
Real Madrid 2026-27,86.2,9.276180691167811,9.259984054276913,9.712820536055968
Real Madrid 2026-27,86.3,9.12916337237703,9.108283560333724,9.649975241115905
Real Madrid 2026-27,86.2,9.081276581380225,9.056219387184473,9.620291304394557
Real Madrid 2026-27,86.5,9.261355702244511,9.242561186389203,9.6997214691596
Real Madrid 2026-27,86.4,8.849803458682464,8.796533695468582,9.448943145587585
Real Madrid 2026-27,86.2,9.042568225977568,9.010121676491208,9.581787344854051
Real Madrid 2026-27,86.5,8.99387277216055,8.957550243519142,9.553933531376286
Real Madrid 2026-27,86.4,9.37958534748121,9.36728395017642,9.758661499322166
Real Madrid 2026-27,86.2,9.24761135100461,9.232102780801707,9.705771979298344
Real Madrid 2026-27,86.4,9.14771082618625,9.124827159472307,9.648693062248718
Real Madrid 2026-27,86.2,9.114927239887699,9.086100475955309,9.618450075773282
Real Madrid 2026-27,86.3,8.952747751924534,8.913720941459601,9.528990197012245
Real Madrid 2026-27,86.5,8.98121788504565,8.944281072071815,9.548458422200998
Real Madrid 2026-27,86.6,9.060868606670269,9.03451126780984,9.609907376685019
Real Madrid 2026-27,86.6,9.280527368083558,9.26305044172225,9.709955357059956
Real Madrid 2026-27,86.3,9.442433428758303,9.430415051190398,9.779957514212157
Real Madrid 2026-27,86.4,9.34500666742095,9.329974899541968,9.739181315068974
Real Madrid 2026-27,86.5,9.015733076272754,8.98518693710966,9.581445053350606
Real Madrid 2026-27,86.2,9.22057046747904,9.201081520998184,9.684015921949786
Real Madrid 2026-27,86.4,9.057633337747252,9.028816183262233,9.599452523334822
Real Madrid 2026-27,86.3,9.169954643362539,9.145662794415761,9.652015877300526
Real Madrid 2026-27,86.2,9.291810436933375,9.274963213560826,9.715648331547559
Real Madrid 2026-27,86.3,9.291205925807244,9.274537606478367,9.715763546394607
Real Madrid 2026-27,86.3,9.232631439200517,9.20996873876728,9.676701710746446
Real Madrid 2026-27,86.3,9.203027842149611,9.175142249769364,9.648894981899648
Real Madrid 2026-27,86.6,9.160222549884171,9.135183682441824,9.645401539287626
Real Madrid 2026-27,86.6,9.096670249683537,9.071659021312751,9.626025626660923
Real Madrid 2026-27,86.4,9.253131479325152,9.234136122592524,9.696081406297754
Real Madrid 2026-27,86.2,8.842816254496348,8.802176689136749,9.49110212418158
Real Madrid 2026-27,86.2,9.160354485685726,9.134183332702545,9.642296669924102
Real Madrid 2026-27,86.2,9.201131845125776,9.179803472813319,9.67172491235592
Real Madrid 2026-27,86.5,9.223212960643766,9.201523740444198,9.676493353721089
Real Madrid 2026-27,86.6,9.100033148200923,9.069812854738604,9.609750832621767
Real Madrid 2026-27,86.5,9.15644979002524,9.132469603026466,9.648542277766685
Real Madrid 2026-27,86.2,9.247265203337104,9.228816341771584,9.695829861373827
Real Madrid 2026-27,86.3,9.058709095645835,9.029918384735053,9.60097877560546
Real Madrid 2026-27,86.2,9.229272823537118,9.209341392665053,9.685713787947929
Real Madrid 2026-27,86.4,8.949790268526467,8.91286246016167,9.537931249494466
Real Madrid 2026-27,86.2,8.961264503117386,8.924019988282106,9.538640490484166
Real Madrid 2026-27,86.4,9.24809581437964,9.226284695873836,9.685517811801144
Real Madrid 2026-27,86.4,9.159879045227497,9.140098506938445,9.663447269919416
Real Madrid 2026-27,86.6,9.21370986693795,9.191741468417453,9.67264940540655
Real Madrid 2026-27,86.3,9.084827671807624,9.056820607338642,9.611037823178421
Real Madrid 2026-27,86.2,9.07469122993987,9.044273766864704,9.600308453164663
Real Madrid 2026-27,86.6,9.28109299768948,9.266741659869732,9.720184976555478
Real Madrid 2026-27,86.2,9.017040105168372,8.986363880017267,9.58138903170618
Real Madrid 2026-27,86.6,8.993106432235425,8.964608867830773,9.581138819158587
Real Madrid 2026-27,86.5,9.23832430698923,9.218844609018051,9.690103872573566
Real Madrid 2026-27,86.2,9.103994518217796,9.08179328095773,9.63739039660833
Real Madrid 2026-27,86.5,9.322562593980772,9.30559640563417,9.724742097629731
Real Madrid 2026-27,86.2,9.071960030401794,9.043490667379805,9.606332716584408
Real Madrid 2026-27,86.3,8.964668413877972,8.929795176369774,9.549633712128099
Real Madrid 2026-27,86.5,8.962414414453137,8.930372093140909,9.559154538559564
Real Madrid 2026-27,86.4,9.28861142986415,9.27102327905769,9.712450605688487
Real Madrid 2026-27,86.2,9.40265690632142,9.39066107356656,9.767229033467554
Real Madrid 2026-27,86.6,9.056198070751865,9.019956729820336,9.573793537804045
Real Madrid 2026-27,86.5,9.026165812041162,8.993889324991102,9.57842179801467
Real Madrid 2026-27,86.5,8.954765825217988,8.920388395674198,9.54889017758606
Real Madrid 2026-27,86.3,9.114797053156524,9.089365915719043,9.62978594430617
Real Madrid 2026-27,86.5,8.93473025289968,8.897810639631347,9.534035310102551
Real Madrid 2026-27,86.4,9.314976743990007,9.29847139833183,9.72443446149319
Real Madrid 2026-27,86.5,9.09667580118607,9.068842236687317,9.616415874009967
Real Madrid 2026-27,86.4,9.198245797675657,9.17540900231612,9.66552257993245
Real Madrid 2026-27,86.4,9.18599464281744,9.160997480264086,9.655011244360715
Real Madrid 2026-27,86.5,9.121748598359341,9.096351434003783,9.632433471499759
Real Madrid 2026-27,86.6,9.139652458659981,9.113771839347102,9.636894959392382
Real Madrid 2026-27,86.4,9.04408247521548,9.010242983817612,9.577529734685568
Real Madrid 2026-27,86.6,9.023861878333076,8.992794647949406,9.582029115330336
Real Madrid 2026-27,86.3,9.30517375649377,9.288965821621087,9.721781268745445
Real Madrid 2026-27,86.6,8.928405950853062,8.882078988561922,9.494239752342533
Real Madrid 2026-27,86.3,9.024719150902477,8.992263724452098,9.57779064470638
Real Madrid 2026-27,86.2,9.248018435088028,9.229577616577414,9.695974458050074
Real Madrid 2026-27,86.6,9.174614396394979,9.151584227477668,9.657340163252865
Real Madrid 2026-27,86.4,8.898486779712636,8.861280532802866,9.520880459342605
Real Madrid 2026-27,86.6,8.981041674868884,8.937903547869583,9.526195843471557
Real Madrid 2026-27,86.2,9.250977145068706,9.229736560646993,9.6878255542154
Real Madrid 2026-27,86.3,8.989310257073196,8.95665220410325,9.565941018225969
Real Madrid 2026-27,86.3,9.080484505884293,9.057456272596335,9.627190441061314
Real Madrid 2026-27,86.5,9.21820285582557,9.19556344172783,9.672703836551007
Real Madrid 2026-27,86.3,9.162130437783807,9.134756720262216,9.63777238733492
Real Madrid 2026-27,86.5,8.988194615932933,8.95135923304789,9.549774654929807
Real Madrid 2026-27,86.5,9.201398641829506,9.18269970792693,9.680498304724642
Real Madrid 2026-27,86.2,9.023149049796702,8.990739391304297,9.576259714698372
Real Madrid 2026-27,86.2,8.956663755316988,8.926487610264537,9.564101133064227
Real Madrid 2026-27,86.5,9.00270057806191,8.96292154192746,9.541494942103112
Real Madrid 2026-27,86.6,9.182220127232078,9.156043153918642,9.648008149557839
Real Madrid 2026-27,86.2,9.07540698510653,9.047747740086946,9.609142116993329
Real Madrid 2026-27,86.3,8.952008463469719,8.912155052650878,9.529021677763064
Real Madrid 2026-27,86.4,9.097162900694,9.068448583699437,9.613516123515492
Real Madrid 2026-27,86.6,9.031178883808481,9.003180486063002,9.594474832564899
Real Madrid 2026-27,86.6,8.889140555053126,8.848996267750003,9.507069634114853
Real Madrid 2026-27,86.4,9.099482239826763,9.070056002938818,9.611634262358587
Real Madrid 2026-27,86.4,9.195622900620242,9.16747885570355,9.645665218775939
Real Madrid 2026-27,86.3,9.220144365441246,9.201300901565748,9.68538123781165
Real Madrid 2026-27,86.6,9.094290074310678,9.071473091208876,9.632393808153907
Real Madrid 2026-27,86.5,9.07207745596583,9.045075802874766,9.611366695770355
Real Madrid 2026-27,86.4,8.949914846380473,8.912306797192086,9.534099898681461
Real Madrid 2026-27,86.6,8.839150628816947,8.794746650649346,9.475191531580675
Real Madrid 2026-27,86.3,9.006486723340696,8.972810127974585,9.56644481141256
Real Madrid 2026-27,86.5,9.310686912040625,9.297602712938131,9.733807332850064
Real Madrid 2026-27,86.2,9.278358339398228,9.260840184486021,9.709253270223687
Real Madrid 2026-27,86.5,9.209994118762006,9.187245444428191,9.670065861860515
Real Madrid 2026-27,86.2,8.99707575565362,8.966402931500708,9.57495226715486
Real Madrid 2026-27,86.2,9.091809529536485,9.062502297294078,9.608394647277345
Real Madrid 2026-27,86.3,9.289653214621667,9.27145354373496,9.710204934853433
Real Madrid 2026-27,86.4,9.100962299204268,9.072752899762435,9.61548180428358
Real Madrid 2026-27,86.5,9.038236663743005,9.010159679991364,9.596566513660749
Real Madrid 2026-27,86.4,9.335476338351139,9.31970883109935,9.733225799243355
Real Madrid 2026-27,86.5,9.14906382603262,9.125841744692524,9.64886287294291
Real Madrid 2026-27,86.3,9.114284649922174,9.082873347844618,9.607414066153561
Real Madrid 2026-27,86.6,9.161543422985176,9.14061415464236,9.66032287856045
Real Madrid 2026-27,86.5,9.103606554570066,9.076023054694991,9.619775658045453
Real Madrid 2026-27,86.2,9.06473715595814,9.037468066789883,9.607785904921451
Real Madrid 2026-27,86.3,8.850412098798818,8.802585560651048,9.467913047678614
Real Madrid 2026-27,86.4,9.247367965476968,9.229838030753807,9.698803445833708
Real Madrid 2026-27,86.2,9.33561201360942,9.319516639915143,9.732297006587386
Real Madrid 2026-27,86.2,9.31526658505789,9.299821140285108,9.72792584233402
Real Madrid 2026-27,86.6,9.135297237525876,9.111093015841288,9.64041442697178
Real Madrid 2026-27,86.3,9.001618366456883,8.970487273331583,9.574580370668725
Real Madrid 2026-27,86.3,9.00930900153092,8.977619716888146,9.575050724451188
Real Madrid 2026-27,86.2,9.31063025943416,9.294956080937975,9.72573099344444
Real Madrid 2026-27,86.5,9.226236232911951,9.206606894505793,9.685517344175787
Real Madrid 2026-27,86.5,9.203216446310812,9.175122706030761,9.649185421602793
Real Madrid 2026-27,86.5,9.166241283999806,9.13945035999008,9.641512740149402
Real Madrid 2026-27,86.4,9.091078611323326,9.061833814919197,9.608749599623252
Real Madrid 2026-27,86.3,9.075782510041758,9.04286869026985,9.59164972739715
Real Madrid 2026-27,86.2,9.045858251047504,9.01368901264772,9.584005272220251
Real Madrid 2026-27,86.2,9.145499859599177,9.117063040000454,9.629483033122984
Real Madrid 2026-27,86.3,9.219333548551703,9.200237942772421,9.684925795647224
Real Madrid 2026-27,86.5,9.084517808671622,9.055890341577737,9.609600031842625
Real Madrid 2026-27,86.5,9.394996837454968,9.383722507782503,9.766874341101914
Real Madrid 2026-27,86.2,9.180814628306965,9.160665484721708,9.668300711068651
Real Madrid 2026-27,86.6,9.13760879080647,9.113842220074684,9.643272956236652
Real Madrid 2026-27,86.4,9.276586425408082,9.2562372136432,9.69942728769728
Real Madrid 2026-27,86.3,9.192115636669161,9.171596131031894,9.671558769824891
Real Madrid 2026-27,86.2,9.203326708639326,9.181596416757076,9.67122810906962
Real Madrid 2026-27,86.3,9.31114220972435,9.292232214863274,9.714727457362503
Real Madrid 2026-27,86.6,9.342125873860853,9.326753889118415,9.736693969419722
Real Madrid 2026-27,86.4,9.030553185425825,9.000715012991217,9.58833605884184
Real Madrid 2026-27,86.2,9.264377218193514,9.245374073063925,9.700106421462397
Real Madrid 2026-27,86.5,9.165617655264256,9.142399949358149,9.653359194854243
Real Madrid 2026-27,86.5,9.176612857701972,9.151977164674701,9.65289084440067
Real Madrid 2026-27,86.4,9.119389922135197,9.090843178136103,9.621520656272654
Real Madrid 2026-27,86.4,8.933098710459031,8.897280118957537,9.53615742864497
Real Madrid 2026-27,86.3,9.366599209938073,9.353408721167243,9.751652774189953
Real Madrid 2026-27,86.2,8.826556613189409,8.788365673260532,9.495754530666462
Real Madrid 2026-27,86.3,8.961257688277282,8.925358312449825,9.54545734666471
Real Madrid 2026-27,86.2,9.009440430465474,8.971141554593652,9.55267989720852
Real Madrid 2026-27,86.2,9.131016811718144,9.104164551301178,9.630897309017541
Real Madrid 2026-27,86.3,9.026545739890295,8.997238994946033,9.588556050473727
Real Madrid 2026-27,86.5,9.12385744919902,9.094406577990965,9.618821646380065
Real Madrid 2026-27,86.4,8.975634511127023,8.934984035835809,9.530752523241656
Real Madrid 2026-27,86.3,9.167674090142699,9.141766982401549,9.645407023471979
Real Madrid 2026-27,86.6,9.210366267209185,9.189448240302614,9.67639129015656
Real Madrid 2026-27,86.4,9.103193663572972,9.079954161752973,9.633856209705286
Real Madrid 2026-27,86.2,9.112090855712651,9.083705842203635,9.619817746458079
Real Madrid 2026-27,86.3,9.129963382362691,9.104336044950974,9.633863509895274
Real Madrid 2026-27,86.2,9.239403193237534,9.21808209374084,9.683848484064118
Real Madrid 2026-27,86.6,9.18343407302389,9.159109938954956,9.65600826413002
Real Madrid 2026-27,86.4,9.117914019935048,9.09570617983417,9.641865077090797
Real Madrid 2026-27,86.5,9.052824101804315,9.026142822398233,9.605934432865958
Real Madrid 2026-27,86.2,9.007212155415562,8.977169494516348,9.579386670033038
Real Madrid 2026-27,86.4,9.215428233716189,9.195564408105904,9.68131574838879
Real Madrid 2026-27,86.4,8.729694793389893,8.682522085783893,9.433770976125299
Real Madrid 2026-27,86.3,8.7566594965857,8.702079852352373,9.414628312967894
Real Madrid 2026-27,86.4,9.015564013353828,8.986107773085015,9.584837301709499
Real Madrid 2026-27,86.3,9.01704053317178,8.980333997936965,9.560525119397198
Real Madrid 2026-27,86.3,9.07263434931946,9.04526246137738,9.610461308240723
Real Madrid 2026-27,86.4,9.024035074546932,8.983273961684494,9.548824055010511
Real Madrid 2026-27,86.4,9.23153826014304,9.208702786629301,9.675881843304193
Real Madrid 2026-27,86.2,9.118875884731315,9.097491192023535,9.645205936289035
Real Madrid 2026-27,86.2,9.08599149924082,9.051527610363818,9.588114657659418
Real Madrid 2026-27,86.5,9.217222749446778,9.1941114033942,9.67116399788246
Real Madrid 2026-27,86.5,9.217369943392152,9.197023035822404,9.680457425932195
Real Madrid 2026-27,86.3,9.030154355804523,9.002912806117838,9.59708745935809
Real Madrid 2026-27,86.4,9.197556766271147,9.177018755741853,9.67306435432645
Real Madrid 2026-27,86.4,9.211081077855656,9.18799888052427,9.669466733697856
Real Madrid 2026-27,86.3,9.399924670683964,9.387027494485181,9.763422351468279
Real Madrid 2026-27,86.2,9.035745277432564,9.00569707875602,9.58939484100146
Real Madrid 2026-27,86.2,9.239774638412708,9.222033993270728,9.695878590465787
Real Madrid 2026-27,86.5,9.137510431873846,9.110246273315939,9.631472123804295
Real Madrid 2026-27,86.5,9.156808326989792,9.134973863024404,9.655695146589883
Real Madrid 2026-27,86.4,9.357079599935851,9.343111830037248,9.745972795058332
Real Madrid 2026-27,86.3,9.217662602391783,9.19775215500077,9.682028953466334
Real Madrid 2026-27,86.3,9.030512038997685,8.995319494590444,9.56996995633874
Real Madrid 2026-27,86.3,9.32223635595814,9.307466916845721,9.732385424205468
Real Madrid 2026-27,86.4,9.009337334635292,8.977903962890277,9.575664283078984
Real Madrid 2026-27,86.3,9.120586998254009,9.098363419806951,9.642824700243427
Real Madrid 2026-27,86.2,9.085430137057815,9.05247600155128,9.59561749181784
Real Madrid 2026-27,86.6,9.193501770712507,9.168622099333426,9.657932257224097
Real Madrid 2026-27,86.5,9.170145947834103,9.143143070769815,9.642469445728015
Real Madrid 2026-27,86.3,8.915489058148378,8.874482226215129,9.51393964751971
Real Madrid 2026-27,86.3,9.04251719112106,9.013629275590475,9.595302069862248
Real Madrid 2026-27,86.5,9.149927226386303,9.123544830915025,9.638308338735722
Real Madrid 2026-27,86.6,8.988023824143829,8.947681833617128,9.535710683063705
Real Madrid 2026-27,86.3,9.25170972392284,9.231929245375166,9.69264749447844
Real Madrid 2026-27,86.4,9.340830758320994,9.324860430015256,9.734519228417
Real Madrid 2026-27,86.3,9.169816838207026,9.151009154764417,9.669901930663233
Real Madrid 2026-27,86.6,9.25627656762882,9.234829253317606,9.688985919398812
Real Madrid 2026-27,86.3,9.416821064785626,9.40416189289057,9.769527374630071
Real Madrid 2026-27,86.2,8.981272126963542,8.95007793531034,9.567919385526038
Real Madrid 2026-27,86.4,9.131199920873268,9.105794208424946,9.635950747857587
Real Madrid 2026-27,86.6,9.165367550892265,9.14236606704241,9.654976660147847
Real Madrid 2026-27,86.5,9.23778576199631,9.219406940695883,9.69314234949843
Real Madrid 2026-27,86.2,9.09118477114183,9.05806480918725,9.594939236818261
Real Madrid 2026-27,86.3,9.106884354886212,9.082365626553925,9.630593993201682
Real Madrid 2026-27,86.3,8.92174646898341,8.885393108628728,9.531185706662988
Real Madrid 2026-27,86.4,9.187309862104586,9.163880644971966,9.660329258599747
Real Madrid 2026-27,86.3,9.093975137284346,9.063686565726579,9.60726875780852
Real Madrid 2026-27,86.2,9.352217832507645,9.339065333199834,9.747304144096242
Real Madrid 2026-27,86.3,9.113844059266409,9.088428525569675,9.63040749715558
Real Madrid 2026-27,86.5,9.034272055416059,9.000347658634183,9.574202134954813
Real Madrid 2026-27,86.4,9.07034966378194,9.042385435581865,9.607471434681313
Real Madrid 2026-27,86.2,9.010353674677349,8.978501333829447,9.575015374692793
Real Madrid 2026-27,86.5,9.42690645930045,9.416024146689498,9.778528987802481
Real Madrid 2026-27,86.4,8.841124814876348,8.797642842714538,9.48042733121864
Real Madrid 2026-27,86.5,9.185179242178428,9.164588814736321,9.669211473994789
Real Madrid 2026-27,86.3,9.106078192423666,9.084296057656932,9.639641076619405
Real Madrid 2026-27,86.6,9.12039072429125,9.098362973931295,9.643361679786015
Real Madrid 2026-27,86.5,9.057299132185282,9.023280905785251,9.582273571158343
Real Madrid 2026-27,86.3,9.371167152387773,9.359060226508603,9.756764143356607
Real Madrid 2026-27,86.3,9.137176118378534,9.112400851060729,9.639622648969972
Real Madrid 2026-27,86.6,9.308537523056206,9.29302098856278,9.7252257338582
Real Madrid 2026-27,86.5,9.232012769250217,9.211700855657659,9.68527280066699
Real Madrid 2026-27,86.2,9.002028530649639,8.973335280078473,9.583284344472222
Real Madrid 2026-27,86.2,9.222900560039669,9.204619725709653,9.68845263300476
Real Madrid 2026-27,86.3,8.965922022296613,8.926948336810174,9.53500685701118
Real Madrid 2026-27,86.3,9.178052866764464,9.150873996253972,9.644979903560044
Real Madrid 2026-27,86.3,9.013133874975708,8.974763677901581,9.551792408249712
Real Madrid 2026-27,86.2,9.126632498611265,9.101169892948246,9.633909999811367
Real Madrid 2026-27,86.3,9.211155601774164,9.191690812925316,9.681041995931066
Real Madrid 2026-27,86.5,9.122936965962001,9.094045003033584,9.62127945988701
Real Madrid 2026-27,86.2,9.291919512255868,9.276596593572483,9.720585967254083
Real Madrid 2026-27,86.6,8.989839170254951,8.954735863877849,9.557130795205083
Real Madrid 2026-27,86.3,9.191938924288504,9.173790565924229,9.679303870366926
Real Madrid 2026-27,86.5,9.126986882754514,9.10022551067386,9.629588702750066
Real Madrid 2026-27,86.4,9.214287769261535,9.188720777020995,9.661703252364545
Real Madrid 2026-27,86.4,9.248161875458473,9.229865258072046,9.69696171887448
Real Madrid 2026-27,86.3,9.130332863026066,9.107257024201399,9.642856107031877
Real Madrid 2026-27,86.6,9.339037809198416,9.325216471515574,9.740712539045894
Real Madrid 2026-27,86.3,8.867758667288662,8.826336595851089,9.49636329105704
Real Madrid 2026-27,86.3,9.274040915105942,9.256671067377301,9.708550763569006
Real Madrid 2026-27,86.4,9.12693301527356,9.099537302920313,9.627826415644725
Real Madrid 2026-27,86.6,9.161557355923927,9.137405068799776,9.64971222454426
Real Madrid 2026-27,86.2,9.403251045167863,9.391588684917743,9.768719197675598
Real Madrid 2026-27,86.2,9.227615446232193,9.208352593182495,9.68653686195151
Real Madrid 2026-27,86.2,9.200991526978505,9.177732701429203,9.66474284177152
Real Madrid 2026-27,86.3,9.2122385865388,9.19187179462318,9.677893672786704
Real Madrid 2026-27,86.2,9.245033660036468,9.224220700536813,9.687482598705248
Real Madrid 2026-27,86.3,9.110711031346597,9.085314272007242,9.628764924541748
Real Madrid 2026-27,86.4,9.16888725541434,9.146653201477314,9.65832617055064
Real Madrid 2026-27,86.2,8.970329675061045,8.93765769258692,9.559776377016963
Real Madrid 2026-27,86.6,9.255533524633003,9.234892823936612,9.691587663803787
Real Madrid 2026-27,86.3,9.347259540951612,9.332573938625716,9.740884192983835
Real Madrid 2026-27,86.2,8.922011869428909,8.883214444284935,9.522944159259213
Real Madrid 2026-27,86.2,8.925248294666657,8.890787178300199,9.539193001664888
Real Madrid 2026-27,86.5,9.178770830542405,9.159600245499986,9.671529506979287
Real Madrid 2026-27,86.2,9.14738359147403,9.120384088540048,9.635510434909131
Real Madrid 2026-27,86.5,9.021631204253627,8.99180676766864,9.585647636775317
Real Madrid 2026-27,86.6,8.934686984352911,8.890418647067097,9.503451444347892
Real Madrid 2026-27,86.2,9.053627823680406,9.028743148823562,9.612441461511589
Real Madrid 2026-27,86.5,9.072193715085568,9.045885427107208,9.61390266891167
Real Madrid 2026-27,86.5,9.290672408771977,9.275381480922013,9.720239698007614
Real Madrid 2026-27,86.3,9.19757297400703,9.176324567793221,9.670995299978776
Real Madrid 2026-27,86.5,9.065316575534032,9.036624587065848,9.6035143016007
Real Madrid 2026-27,86.5,8.852423581425668,8.811658633884004,9.492806205696006
Real Madrid 2026-27,86.3,9.019348955768347,8.988351124643422,9.580958901908586
Real Madrid 2026-27,86.4,9.18157332629075,9.152074199491432,9.63617368028659
Real Madrid 2026-27,86.3,9.124726116075877,9.09533153194855,9.619937798673122
Real Madrid 2026-27,86.4,9.364515017351184,9.352773901530682,9.755538163141388
Real Madrid 2026-27,86.4,8.777865923614325,8.726935487481153,9.432083009108304
Real Madrid 2026-27,86.4,9.031502437009989,9.000705169509512,9.585052234010938
Real Madrid 2026-27,86.3,9.116777374954552,9.09333880258874,9.63769998216707
Real Madrid 2026-27,86.2,9.26533695599885,9.245902686788806,9.69886395821023
Real Madrid 2026-27,86.3,8.901800821062896,8.859010573447302,9.500420748256046
Real Madrid 2026-27,86.6,9.112791168998488,9.08906849234394,9.635416764396663
Real Madrid 2026-27,86.2,9.0075212186226,8.977183961321673,9.57941095774559
Real Madrid 2026-27,86.4,9.146220925731042,9.120087979918207,9.638056261767984
Real Madrid 2026-27,86.3,9.16876900183725,9.146931178157466,9.65943469436154
Real Madrid 2026-27,86.3,8.908428414528341,8.872852622074465,9.529445339394734
Real Madrid 2026-27,86.3,8.902069638214664,8.86452292495513,9.519930857100803
Real Madrid 2026-27,86.3,9.017106420146604,8.98146193279519,9.56447038938187
Real Madrid 2026-27,86.3,8.926817220262741,8.887555737382595,9.522636809772035
Real Madrid 2026-27,86.2,9.100584336960821,9.075233248713188,9.626099375322507
Real Madrid 2026-27,86.3,9.218057621642732,9.191700314902603,9.659032153090179
Real Madrid 2026-27,86.3,9.003019421532098,8.971307088621725,9.573411290750162
Real Madrid 2026-27,86.4,9.130768005328656,9.105033250814232,9.633971089470123
Real Madrid 2026-27,86.5,9.116949731904516,9.089918763806185,9.625921379726845
Real Madrid 2026-27,86.3,9.177980214599293,9.151365613332764,9.646290356669933
Real Madrid 2026-27,86.2,9.228202106030754,9.20645229298283,9.678815284207277
Real Madrid 2026-27,86.4,9.176852200991899,9.151628975346283,9.64961662422132
Real Madrid 2026-27,86.2,8.988721545715743,8.951710221067653,9.550033359178911
Real Madrid 2026-27,86.5,9.066942953177652,9.041451037156104,9.61440138809059
Real Madrid 2026-27,86.6,9.30217728163605,9.288610550581245,9.729260631483562
Real Madrid 2026-27,86.2,8.992569409715914,8.956058016913868,9.553402622550795
Real Madrid 2026-27,86.3,9.105873588029882,9.078083643777825,9.619591382640426
Real Madrid 2026-27,86.4,9.224422690246255,9.201820213123028,9.675058469663373
Real Madrid 2026-27,86.5,9.153572261782594,9.12893697963474,9.645094117221662
Real Madrid 2026-27,86.5,9.184774269392978,9.160090917468727,9.655079068899223
Real Madrid 2026-27,86.5,9.07115950321799,9.046563251196954,9.619031282925306
Real Madrid 2026-27,86.3,9.19677129604255,9.175547147154298,9.670768208740682
Real Madrid 2026-27,86.5,9.085732775886068,9.056169951757177,9.606776226260651
Real Madrid 2026-27,86.4,9.204548930065386,9.188113623431603,9.688698998386423
Real Madrid 2026-27,86.4,9.188598858441683,9.167012227586216,9.666181484146684
Real Madrid 2026-27,86.3,9.34755751617616,9.333744884570306,9.743363376870755
Real Madrid 2026-27,86.4,9.10756713379479,9.082513483978879,9.629248688769314
Real Madrid 2026-27,86.3,9.023523259389778,8.992713635707556,9.582713810404586
Real Madrid 2026-27,86.4,8.901274531239848,8.861887124489025,9.51307812616262
Real Madrid 2026-27,86.4,8.938308940959862,8.898397433096756,9.522094956215565
Real Madrid 2026-27,86.5,9.07236171812558,9.038186412183173,9.586298352434799
Real Madrid 2026-27,86.2,9.012584636848128,8.983240241479201,9.583663785846747
Real Madrid 2026-27,86.3,9.169968803654228,9.142473057191726,9.640839336461273
Real Madrid 2026-27,86.4,9.083322003947467,9.051269470584566,9.597640745510416
Real Madrid 2026-27,86.4,9.216016378613523,9.193531992396156,9.672614205285578
Real Madrid 2026-27,86.2,9.008449932298582,8.966325387393358,9.535614191335473
Real Madrid 2026-27,86.2,9.34449571120363,9.329616520167042,9.738917459778536
Real Madrid 2026-27,86.6,9.294917253361291,9.275702526867914,9.70863157341849
Real Madrid 2026-27,86.3,9.007017146472322,8.977169667882425,9.580990795977995
Real Madrid 2026-27,86.3,9.108779005613817,9.079224509626982,9.6143357870936
Real Madrid 2026-27,86.2,9.117302379883794,9.091575190617325,9.630164638727042
Real Madrid 2026-27,86.5,9.125562560411138,9.10247292298629,9.64132916909947
Real Madrid 2026-27,86.6,9.061174104078006,9.036524238483208,9.61570042526269
Real Madrid 2026-27,86.4,9.181496025867125,9.160717621206887,9.666926777755478
Real Madrid 2026-27,86.5,9.188252782983065,9.16956517672911,9.676213441266539
Real Madrid 2026-27,86.2,9.12578186048933,9.09907377060396,9.628407393643245
Real Madrid 2026-27,86.6,9.103262460269619,9.072920180206914,9.6089528773108
Real Madrid 2026-27,86.6,9.157332688540995,9.13039220395784,9.638863041194174
Real Madrid 2026-27,86.3,9.190683801095458,9.166207622493967,9.657764568711219
Real Madrid 2026-27,86.3,9.20242343866769,9.180654405429427,9.670905476347098
Real Madrid 2026-27,86.5,9.223584095236436,9.205745841390423,9.689921412318208
Real Madrid 2026-27,86.5,8.941961941356263,8.898111735160656,9.507459076312212
Real Madrid 2026-27,86.2,9.08941985178721,9.061135134497938,9.61247727310748
Real Madrid 2026-27,86.2,8.989549364525963,8.956358469699387,9.563912594067638
Real Madrid 2026-27,86.5,9.159704404916676,9.134346076538968,9.643558018806802
Real Madrid 2026-27,86.2,9.205558500958205,9.184847852673933,9.675086889148117
Real Madrid 2026-27,86.3,9.213123325263728,9.189260052522982,9.667359271020516
Real Madrid 2026-27,86.2,9.219213400968195,9.196445181511727,9.6729334726055
Real Madrid 2026-27,86.2,9.126574375193304,9.101496546069972,9.63538336989085
Real Madrid 2026-27,86.2,9.281478972712984,9.268556032431785,9.72492677036232
Real Madrid 2026-27,86.2,8.97591669901702,8.93550187157488,9.534196316684557
Real Madrid 2026-27,86.4,9.128482101505735,9.102476874286726,9.632194183926796
Real Madrid 2026-27,86.2,9.0060413728077,8.969596352896044,9.556321696838761
Real Madrid 2026-27,86.3,9.136120568286444,9.111210869727648,9.639051215308921
Real Madrid 2026-27,86.6,8.858193605264205,8.814168078515575,9.483893958425355
Real Madrid 2026-27,86.5,9.162126637631406,9.14217013489767,9.663629788745368
Real Madrid 2026-27,86.2,9.119500252590921,9.097952636822178,9.644633390865717
Real Madrid 2026-27,86.6,9.167769042157747,9.143902125562027,9.651431411187097
Real Madrid 2026-27,86.2,9.071450645341615,9.041702192561917,9.602024037709318
Real Madrid 2026-27,86.6,9.190254273920267,9.170011432065984,9.671842058804657
Real Madrid 2026-27,86.2,9.09412115994888,9.068964162736693,9.624665278987404
Real Madrid 2026-27,86.2,9.09682488748601,9.071449148556514,9.624913346946368
Real Madrid 2026-27,86.2,9.140518464195324,9.117703856771259,9.646997965952176
Real Madrid 2026-27,86.5,9.168053985534657,9.143240142324318,9.649682831547194
Real Madrid 2026-27,86.5,8.94389351334733,8.909450456087647,9.544903901018616
Real Madrid 2026-27,86.5,9.289239506027707,9.274515087311952,9.721523367299676
Real Madrid 2026-27,86.5,9.005111580974674,8.976709062111574,9.584979022382074
Real Madrid 2026-27,86.3,8.896497731590083,8.860534057222686,9.52476491717274
Real Madrid 2026-27,86.3,9.4005314033843,9.389624590034044,9.770005151210071
Real Madrid 2026-27,86.5,9.133288041058611,9.108654285864258,9.63904156483432
Real Madrid 2026-27,86.4,9.261564547474851,9.243208641933983,9.701052207114758
Real Madrid 2026-27,86.2,9.226890430745572,9.208448612787898,9.68941995608536
Real Madrid 2026-27,86.6,9.191171824444481,9.170381305336267,9.670359795476207
Real Madrid 2026-27,86.2,9.277987410438133,9.259951790843292,9.707113455261023
Real Madrid 2026-27,86.3,8.977407508761083,8.941518036722615,9.550590946807763
Real Madrid 2026-27,86.3,9.186129641148444,9.162949501865853,9.660694363957258
Real Madrid 2026-27,86.2,9.050328390672387,9.02373894530222,9.60544622911418
Real Madrid 2026-27,86.5,8.906988274887771,8.864334909193081,9.503929181854385
Real Madrid 2026-27,86.3,9.267261620393526,9.245433451337782,9.691386203709499
Real Madrid 2026-27,86.4,9.134689736084399,9.105478289384958,9.623229169221041
Real Madrid 2026-27,86.2,9.190995062909646,9.168000381420857,9.662260606796565
Real Madrid 2026-27,86.5,9.464850486045933,9.455933942734502,9.7971667112255
Real Madrid 2026-27,86.5,9.008621019558609,8.978145149258491,9.579191229451386
Real Madrid 2026-27,86.2,8.99600620854417,8.964756926648828,9.572291617014589
Real Madrid 2026-27,86.4,9.063432513678034,9.035715319664648,9.605975561860019
Real Madrid 2026-27,86.2,9.01160514045038,8.978216610643885,9.568997798181146
Real Madrid 2026-27,86.3,8.938896412818323,8.905814429279662,9.548548816156016
Real Madrid 2026-27,86.4,9.02351237153084,8.988063839763186,9.566082070428056
Real Madrid 2026-27,86.3,9.137421876091095,9.114816331410173,9.646882218501013
Real Madrid 2026-27,86.3,9.048358244273349,9.021663547602634,9.604906497986413
Real Madrid 2026-27,86.2,9.011341655211972,8.980724111079665,9.578887316012008
Real Madrid 2026-27,86.6,9.093358467205148,9.063652379874965,9.609198417528171
Real Madrid 2026-27,86.4,9.26600818537829,9.249487319461721,9.708503231807336
Real Madrid 2026-27,86.4,9.150593179844783,9.127692536091267,9.649688622464684
Real Madrid 2026-27,86.5,9.273000021981769,9.255676699687033,9.708051881664598
Real Madrid 2026-27,86.6,9.22738893145327,9.206089752610433,9.680614480606485
Real Madrid 2026-27,86.4,9.032198847749203,9.004004617879193,9.593926751309436
Real Madrid 2026-27,86.6,9.154669056123637,9.13658599930865,9.667498308776178
Real Madrid 2026-27,86.5,9.159440392791375,9.135644754590466,9.650191202712254
Real Madrid 2026-27,86.3,9.064900946405723,9.040650970061348,9.618294194738315
Real Madrid 2026-27,86.3,9.297750333754827,9.282645531639778,9.723182240175499
Real Madrid 2026-27,86.2,9.058552147291133,9.033538045447052,9.61363603988417
Real Madrid 2026-27,86.5,8.956831806685937,8.92241314644851,9.549063013207462
Real Madrid 2026-27,86.5,9.216151004481599,9.1956745900216,9.679692612945875
Real Madrid 2026-27,86.2,8.987153405556713,8.948728107626295,9.54289988275905
Real Madrid 2026-27,86.3,9.226979630594691,9.201931058931436,9.666709058522988
Real Madrid 2026-27,86.5,9.301166838065264,9.283901170008296,9.717381439800976
Real Madrid 2026-27,86.2,9.159371834960691,9.136597701668528,9.653743673384964
Real Madrid 2026-27,86.3,8.989899074946987,8.951537019476866,9.54635242442848
Real Madrid 2026-27,86.3,9.171262428694195,9.148816310675613,9.658706741602087
Real Madrid 2026-27,86.3,9.009767324542304,8.973553352918477,9.557740609476683
Real Madrid 2026-27,86.5,9.051148334820361,9.01737768437938,9.579889153949937
Real Madrid 2026-27,86.2,9.157707649724525,9.134997413775954,9.65276147235292
Real Madrid 2026-27,86.4,9.14666503664953,9.123051687700576,9.646624692882645
Real Madrid 2026-27,86.4,9.232434028558608,9.21259109384813,9.686459786178792
Real Madrid 2026-27,86.3,9.197966523490845,9.17550323540319,9.666609180177662
Real Madrid 2026-27,86.6,9.048104527620414,9.016879263434616,9.589196145748263
Real Madrid 2026-27,86.4,9.024481587485612,8.99093299319985,9.572443870194629
Real Madrid 2026-27,86.5,9.04105773196919,9.013472436052968,9.59941314412578
Real Madrid 2026-27,86.6,9.432112933684259,9.422639601613824,9.78476587505086
Real Madrid 2026-27,86.3,8.936095804327335,8.89829544553316,9.529620760585708
Real Madrid 2026-27,86.3,9.225577705087145,9.20562086272205,9.683884230681292
Real Madrid 2026-27,86.3,9.195354457195439,9.175228571887056,9.673402681277567
Real Madrid 2026-27,86.2,9.165422814724602,9.137487989217355,9.637316908779612
Real Madrid 2026-27,86.3,9.076503594557643,9.048254199604301,9.608800475294746
Real Madrid 2026-27,86.3,9.071714709526864,9.046901675993833,9.618615034125131
Real Madrid 2026-27,86.3,9.190942086467807,9.169675260204892,9.6681488590789
Real Madrid 2026-27,86.6,8.994420443832523,8.962849623164685,9.57083041413555
Real Madrid 2026-27,86.4,9.118169781623182,9.093283895302836,9.633349965989664
Real Madrid 2026-27,86.3,9.273941568986785,9.254638593801577,9.70187269619825
Real Madrid 2026-27,86.2,9.15884202482631,9.133503180585997,9.644256207112994
Real Madrid 2026-27,86.4,9.11784253548128,9.092274501620079,9.631120532698716
Real Madrid 2026-27,86.6,8.957543500280527,8.923137941266079,9.549064089178561
Real Madrid 2026-27,86.5,9.068826078801974,9.039659465535298,9.602068764967246
Real Madrid 2026-27,86.3,9.033411460933905,8.996008896152073,9.560896119048223
Real Madrid 2026-27,86.3,8.844859680690744,8.802894236051348,9.487653600998827
Real Madrid 2026-27,86.3,9.26260837075109,9.245045231420985,9.703905731740708
Real Madrid 2026-27,86.2,9.057229305396909,9.026673084154199,9.594530162448873
Real Madrid 2026-27,86.2,8.964509354157567,8.93026434790023,9.552075206943693
Real Madrid 2026-27,86.5,9.359695557936732,9.345721254147277,9.746898347171197
Real Madrid 2026-27,86.2,9.066132335748186,9.034834454216911,9.594967777270607
Real Madrid 2026-27,86.6,9.02245730102348,8.986401833289406,9.564754554178226
Real Madrid 2026-27,86.6,9.076444463437126,9.0439978276961,9.592938626286355
Real Madrid 2026-27,86.2,8.921085016968192,8.879209466222349,9.511755697888526
Real Madrid 2026-27,86.2,9.212936867860023,9.191593782065475,9.67542959998193
Real Madrid 2026-27,86.5,8.738379591197317,8.681481283316309,9.397831709197707
Real Madrid 2026-27,86.2,9.170517334987897,9.142051125827985,9.636357032545122
Real Madrid 2026-27,86.3,8.943475244064302,8.910219967990445,9.549013863156963
Real Madrid 2026-27,86.3,9.364945502437605,9.353921253635903,9.757909911426776
Real Madrid 2026-27,86.6,9.201372136202641,9.176127984492652,9.658867062005227
Real Madrid 2026-27,86.2,9.255511412319722,9.23953197242035,9.70688629054462
Real Madrid 2026-27,86.6,9.31998965317802,9.303742002037266,9.726796493302928
Real Madrid 2026-27,86.2,9.003359276436262,8.970628228244806,9.56992171640121
Real Madrid 2026-27,86.5,9.230411560289268,9.213888814784836,9.696914476068129
Real Madrid 2026-27,86.4,9.23049920370739,9.21302573603011,9.693423124005685
Real Madrid 2026-27,86.2,9.179400862571441,9.15840222256097,9.665634994975187
Real Madrid 2026-27,86.5,9.196981088053365,9.176661698773081,9.673787264167679
Real Madrid 2026-27,86.2,8.980361058587453,8.94910213132837,9.567756428334935
Real Madrid 2026-27,86.3,9.23773724314824,9.219256288929067,9.692864817343718
Real Madrid 2026-27,86.4,9.442834267982454,9.432518119173226,9.785763161118805
Real Madrid 2026-27,86.3,9.005927970053206,8.97030661790331,9.558426949854532
Real Madrid 2026-27,86.5,9.204634816198968,9.181698038973359,9.667158121377776
Real Madrid 2026-27,86.2,9.176356373637685,9.151202695578824,9.650780751116187
Real Madrid 2026-27,86.2,9.192870569319368,9.173441213371936,9.675198521477743
Real Madrid 2026-27,86.3,9.26634400530434,9.241059215532834,9.67794476185842
Real Madrid 2026-27,86.5,9.184923994830784,9.163246723855016,9.665614739981503
Real Madrid 2026-27,86.2,9.384136003558796,9.370550085877113,9.756283700811442
Real Madrid 2026-27,86.5,9.140078972491962,9.118049954852797,9.649394485124356
Real Madrid 2026-27,86.2,9.034948290140585,9.007664228930741,9.598579890328335
Real Madrid 2026-27,86.3,9.088089038473445,9.057115418508447,9.602974358705778
Real Madrid 2026-27,86.5,8.997714302219576,8.96536841820216,9.569346687948938
Real Madrid 2026-27,86.2,9.089818066782005,9.0616248834388,9.612605315284533
Real Madrid 2026-27,86.4,9.035137068007044,9.007445538409007,9.596858214886657
Real Madrid 2026-27,86.4,9.04864701914976,9.014645996982331,9.580073899569786
Real Madrid 2026-27,86.2,9.170231680366172,9.144982050921586,9.648822202535667
Real Madrid 2026-27,86.3,9.085019971847519,9.057241657115732,9.613011989977121
Real Madrid 2026-27,86.5,8.795306474209774,8.746664036368276,9.44727476608614
Real Madrid 2026-27,86.4,9.047253577442532,9.020910826547508,9.605807413929961
Real Madrid 2026-27,86.3,9.100732826130937,9.077450007710153,9.633010499505989
Real Madrid 2026-27,86.5,9.070897595515197,9.043169310017968,9.60821242138808
Real Madrid 2026-27,86.3,9.227082801713298,9.20821449366964,9.688256221790759
Real Madrid 2026-27,86.2,9.167313645154518,9.144940548229101,9.657075021431801
Real Madrid 2026-27,86.3,9.0590924336739,9.030215831880774,9.600947703344138
Real Madrid 2026-27,86.2,9.17591981657652,9.150036589130796,9.648193002352683
Real Madrid 2026-27,86.3,9.148136866395665,9.118811146551156,9.625187045778054
Real Madrid 2026-27,86.3,8.925462958345433,8.889810714308851,9.53456471342425
Real Madrid 2026-27,86.2,9.01534694098063,8.986505427047014,9.587205439274241
Real Madrid 2026-27,86.6,9.205766464950738,9.18582624697247,9.677581066076272
Real Madrid 2026-27,86.3,9.2159918264523,9.193851613020632,9.67401025018552
Real Madrid 2026-27,86.5,9.182130539922692,9.157682785091367,9.655195963248971
Real Madrid 2026-27,86.5,9.348837174581563,9.331317357877968,9.732035439568726
Real Madrid 2026-27,86.4,9.087653598541586,9.065432831560704,9.632382316289714
Real Madrid 2026-27,86.4,8.873255351879196,8.82676874577668,9.478466734122525
Real Madrid 2026-27,86.3,9.028610204792857,8.99907397125306,9.588016391254992
Real Madrid 2026-27,86.3,9.099149092505698,9.068998331397081,9.608972834459552
Real Madrid 2026-27,86.3,8.875865726766039,8.83457324415237,9.49970601496738
Real Madrid 2026-27,86.6,9.02700309997522,9.000276816914155,9.597890944878081
Real Madrid 2026-27,86.3,9.086019461349705,9.054102198338557,9.59881369392414
Real Madrid 2026-27,86.3,8.910482642359915,8.867104039709538,9.50239216348846
Real Madrid 2026-27,86.2,9.063080868662293,9.035724750487901,9.607271749193442
Real Madrid 2026-27,86.3,9.157408619152436,9.134577868837816,9.651841623232487
Real Madrid 2026-27,86.4,9.111821369570528,9.08581917413713,9.62734490247486
Real Madrid 2026-27,86.2,9.120512692151886,9.087168335951434,9.605378062535788
Real Madrid 2026-27,86.5,9.151101137387013,9.12831184921918,9.650987487580732
Real Madrid 2026-27,86.4,9.067431425441066,9.036395628869398,9.596028655724654
Real Madrid 2026-27,86.2,9.17598603031778,9.153727417942312,9.660834980317517
Real Madrid 2026-27,86.2,9.191582839320963,9.1702352090298,9.668027070497697
Real Madrid 2026-27,86.4,9.125234836655526,9.102262695085706,9.641922858813842
Real Madrid 2026-27,86.6,8.77471712755483,8.72494113804894,9.43721498480518
Real Madrid 2026-27,86.2,9.1940038743196,9.174406552943445,9.674928105039397
Real Madrid 2026-27,86.3,8.986797517476061,8.95420600802209,9.565340016795032
Real Madrid 2026-27,86.5,9.101434196102119,9.073990101929342,9.618840735190453
Real Madrid 2026-27,86.2,8.781330536266772,8.737529464749155,9.461598549264723
Real Madrid 2026-27,86.5,9.139150787516154,9.115341531812362,9.643452583942235
Real Madrid 2026-27,86.5,9.077215853257258,9.046753421488376,9.600526479918596
Real Madrid 2026-27,86.4,9.107844801841317,9.083296823232693,9.631064395425664
Real Madrid 2026-27,86.5,9.186784485838404,9.163307963149208,9.660447475321536
Real Madrid 2026-27,86.4,9.105455633493557,9.079744993930682,9.626458862605514
Real Madrid 2026-27,86.5,9.097741178285085,9.071527252021149,9.621410731271752
Real Madrid 2026-27,86.5,9.08573920426877,9.056868055755377,9.608833260617132
Real Madrid 2026-27,86.5,9.166954488990665,9.14237322849955,9.648784344510029
Real Madrid 2026-27,86.5,9.313176740106446,9.297805988379789,9.727156042836796
Real Madrid 2026-27,86.6,8.904007409755849,8.863191561357153,9.51073685335757
Real Madrid 2026-27,86.2,9.19841048319084,9.178335703318439,9.675114188968061
Real Madrid 2026-27,86.2,9.034407172730832,9.006484536111122,9.596247716885387
Real Madrid 2026-27,86.2,9.099811066572878,9.072011495901455,9.617468543610766
Real Madrid 2026-27,86.6,9.08267420108007,9.056976925866413,9.619221685734118
Real Madrid 2026-27,86.6,9.11690686619786,9.088157860795194,9.619896706250273
Real Madrid 2026-27,86.4,9.269110837625634,9.254566646143608,9.715559759042398
Real Madrid 2026-27,86.2,9.12249527679339,9.098483837252845,9.637343000628052
Real Madrid 2026-27,86.5,9.108516086568521,9.078785332786673,9.613351799538146
Real Madrid 2026-27,86.4,9.089384448479631,9.057872558952457,9.601560646325831
Real Madrid 2026-27,86.3,9.063915844585006,9.034928506244473,9.601963387715905
Real Madrid 2026-27,86.4,8.876846002203619,8.839638846875868,9.513959852803014
Real Madrid 2026-27,86.4,9.080181176497907,9.04972332599477,9.601757318165966
Real Madrid 2026-27,86.2,9.159667947880367,9.135461375028257,9.648912353694815
Real Madrid 2026-27,86.5,9.062402476031867,9.032720812473157,9.598229074283074
Real Madrid 2026-27,86.3,9.121566144941038,9.094655186190199,9.626825379613045
Real Madrid 2026-27,86.5,8.86933444214418,8.820871550875312,9.472617733567287
Real Madrid 2026-27,86.4,9.31174339152382,9.297098451215573,9.729329635195237
Real Madrid 2026-27,86.2,9.053467910919306,9.018407037846103,9.575528884444607
Real Madrid 2026-27,86.4,9.216354087614194,9.197365416878066,9.684471621095765
Real Madrid 2026-27,86.5,8.976912892908942,8.944743666022816,9.563026892386418
Real Madrid 2026-27,86.4,9.388753547787497,9.373820249602486,9.753346962048939
Real Madrid 2026-27,86.6,9.050569929741926,9.019507407561589,9.59082668006043
Real Madrid 2026-27,86.4,9.283080777271932,9.267485144567955,9.716850226097245
Real Madrid 2026-27,86.4,9.234157848277246,9.217721054708992,9.698290514416692
Real Madrid 2026-27,86.2,9.21355323026801,9.196610277957792,9.689950568262924
Real Madrid 2026-27,86.2,9.108023136969296,9.08539751026381,9.63748197708786
Real Madrid 2026-27,86.2,8.748358140456457,8.697944280595788,9.427328030019073
Real Madrid 2026-27,86.3,9.289267218578928,9.270350266692443,9.708093262690916
Real Madrid 2026-27,86.4,9.148926177769779,9.12820226825826,9.656790843861174
Real Madrid 2026-27,86.2,8.957136073971695,8.917676284078857,9.531367709882863
Real Madrid 2026-27,86.4,9.046555375874668,9.017094505927341,9.594753736646112
Real Madrid 2026-27,86.5,9.135414904544017,9.116232658350578,9.65771027146861
Real Madrid 2026-27,86.2,9.040288066677766,9.011922015807283,9.596386753018205
Real Madrid 2026-27,86.6,9.253032441092651,9.23285528223586,9.692369414493763
Real Madrid 2026-27,86.2,9.060957934393215,9.024763493934266,9.574285256258344
Real Madrid 2026-27,86.5,9.091508040799756,9.062151082518042,9.609268972137402
Real Madrid 2026-27,86.4,9.350152052710996,9.337235805358777,9.747296248133843
Real Madrid 2026-27,86.4,9.331206001839815,9.316650358637563,9.73579758210413
Real Madrid 2026-27,86.2,9.14304028060769,9.115935332218006,9.632029524874076
Real Madrid 2026-27,86.3,9.125717777983116,9.097382847110811,9.62433393561687
Real Madrid 2026-27,86.6,9.144062529500527,9.117644724914074,9.636183055185084
Real Madrid 2026-27,86.4,8.977702262961904,8.94683664997035,9.568440942644319
Real Madrid 2026-27,86.2,9.02192893400376,8.98999128068779,9.577814386876039
Real Madrid 2026-27,86.3,9.175606765647455,9.152071292321779,9.656110751482366
Real Madrid 2026-27,86.4,9.176011626878076,9.153713956309872,9.660531991847947
Real Madrid 2026-27,86.3,9.003546169610935,8.966944522662534,9.557133242033665
Real Madrid 2026-27,86.4,9.125622096022951,9.103417812997943,9.644466975022308
Real Madrid 2026-27,86.5,9.140131184697557,9.11536162117329,9.640522676112694
Real Madrid 2026-27,86.2,9.29440919020561,9.279097471530033,9.721540610023911
Real Madrid 2026-27,86.3,9.121835482082028,9.096919230189409,9.633989922534095
Real Madrid 2026-27,86.2,9.288960206651328,9.273917887418774,9.720525200161012
Real Madrid 2026-27,86.2,9.069351711135146,9.042684516309883,9.611818340582065
Real Madrid 2026-27,86.2,9.02308471558069,8.994932147427209,9.591720302818521
Real Madrid 2026-27,86.4,9.235631592183108,9.215764487531555,9.687370329903436
Real Madrid 2026-27,86.5,9.06747993004598,9.03590743445055,9.59467533262351
Real Madrid 2026-27,86.4,9.175613769706978,9.15610616411133,9.669655353570487
Real Madrid 2026-27,86.4,9.274027989763876,9.257232647969563,9.710127528349204
Real Madrid 2026-27,86.5,9.098937701859935,9.074189109144918,9.627432731785216
Real Madrid 2026-27,86.2,8.879546472178331,8.840836657675203,9.510103073454214
Real Madrid 2026-27,86.2,9.267424861383518,9.251648974066464,9.711165005674056
Real Madrid 2026-27,86.5,9.056267201262004,9.027192841423307,9.599022714827722
Real Madrid 2026-27,86.6,9.160767250005687,9.139655289443748,9.659299982270612
Real Madrid 2026-27,86.2,9.11294545695059,9.090639675210179,9.640337669905373
Real Madrid 2026-27,86.4,9.075383561885271,9.048301930826034,9.612136841185807
Real Madrid 2026-27,86.2,8.89925202202578,8.860168593297175,9.514181788079362
Real Madrid 2026-27,86.3,9.05487620790699,9.027744096959653,9.605224070755087
Real Madrid 2026-27,86.5,9.070460286830231,9.045323822983619,9.617247300484584
Real Madrid 2026-27,86.5,9.318391240848346,9.300742869021416,9.721614112054361
Real Madrid 2026-27,86.3,9.090914726318324,9.068269203325135,9.632046350854823
Real Madrid 2026-27,86.2,9.048714068945614,9.014044302612872,9.577010202731193
Real Madrid 2026-27,86.2,9.329635455944715,9.314943329068473,9.734712119901271
Real Madrid 2026-27,86.2,9.248936567971944,9.233360127804065,9.7057365353729
Real Madrid 2026-27,86.2,9.239302675519609,9.218815078325145,9.687214505384112
Real Madrid 2026-27,86.6,9.11786518984673,9.095452995676451,9.641206714831993
Real Madrid 2026-27,86.4,9.052444885895364,9.022923652473176,9.596106761246437
Real Madrid 2026-27,86.4,8.975026018414763,8.93202967864092,9.525017402418483
Real Madrid 2026-27,86.2,9.105600565140769,9.077760216741076,9.619558747643834
Real Madrid 2026-27,86.6,9.232418634599693,9.210243705024714,9.679341532274794
Real Madrid 2026-27,86.2,9.126491695383624,9.101795610482254,9.636395314195896
Real Madrid 2026-27,86.6,9.198824989343494,9.175796586214547,9.665090905926405
Real Madrid 2026-27,86.5,9.130517175843151,9.104401219945016,9.632429711290044
Real Madrid 2026-27,86.2,9.065604989967419,9.040441033218109,9.61529475598218
Real Madrid 2026-27,86.3,9.086083763983062,9.054012045607323,9.59577239673963
Real Madrid 2026-27,86.2,9.17216497399798,9.149757340664179,9.65868813010891
Real Madrid 2026-27,86.5,9.104978067307579,9.076824493955678,9.617937163355608
Real Madrid 2026-27,86.5,9.245348063297042,9.229115793571447,9.702551747527298
Real Madrid 2026-27,86.5,9.209161670006523,9.191593067306204,9.686549453835635
Real Madrid 2026-27,86.4,9.324171556925139,9.31105339817708,9.738018347274139
Real Madrid 2026-27,86.6,8.78914378773928,8.743768818609125,9.458272882309197
Real Madrid 2026-27,86.2,9.277099010019963,9.260302832750892,9.711026712299216
Real Madrid 2026-27,86.2,9.123104726625188,9.101600202461048,9.64612808031901
Real Madrid 2026-27,86.5,8.997066276395865,8.962159537094557,9.559894399968584
Real Madrid 2026-27,86.2,9.199750827303998,9.172504505355079,9.649595539958664
Real Madrid 2026-27,86.2,9.193980008458581,9.171168412497568,9.664263156067799
Real Madrid 2026-27,86.2,8.761672843699955,8.710940847444935,9.430147060235713
Real Madrid 2026-27,86.2,9.044151731288956,9.016093546970566,9.59895419756832
Real Madrid 2026-27,86.5,9.041145240551494,9.015780829860942,9.607142224150069
Real Madrid 2026-27,86.3,9.250774250846481,9.2302612642962,9.69017613154746
Real Madrid 2026-27,86.5,9.025870120958066,8.999749803930994,9.599862100006794
Real Madrid 2026-27,86.6,9.313868813593249,9.297504362846817,9.723925783945484
Real Madrid 2026-27,86.4,9.15440916013445,9.125889745394208,9.631357463528174
Real Madrid 2026-27,86.3,9.077158814529062,9.049787662704105,9.61165521080151
Real Madrid 2026-27,86.6,9.163614002965069,9.142046936766077,9.65896903802799
Real Madrid 2026-27,86.2,9.161801658162911,9.1397710839684,9.65699807623952
Real Madrid 2026-27,86.3,9.312739007925103,9.297837067589892,9.728937047535787
Real Madrid 2026-27,86.3,8.976609794612177,8.940509851911457,9.549091336323677
Real Madrid 2026-27,86.5,9.245147669197678,9.225799437403904,9.692768841468002
Real Madrid 2026-27,86.5,8.960935127679743,8.9262708968633,9.549497435386723
Real Madrid 2026-27,86.2,9.04505666738112,9.011092446977399,9.57862040741701
Real Madrid 2026-27,86.6,9.260048605532567,9.242126403497654,9.701849591135659
Real Madrid 2026-27,86.5,9.194711197673408,9.17575559789446,9.677328915380528
Real Madrid 2026-27,86.4,9.188028039172512,9.16327486387142,9.656128949201129
Real Madrid 2026-27,86.6,9.246655017044105,9.228827986479418,9.697781176554269
Real Madrid 2026-27,86.3,9.207044008766132,9.183949459904063,9.668315781088758
Real Madrid 2026-27,86.2,9.010451545669609,8.979717957824537,9.579030826081215
Real Madrid 2026-27,86.2,8.852382634152926,8.810287281319994,9.488831389288269
Real Madrid 2026-27,86.3,9.104648533775293,9.076951097193165,9.619655113966672
Real Madrid 2026-27,86.4,9.279927201458346,9.26440893499382,9.716179977376058
Real Madrid 2026-27,86.6,9.264566504024906,9.247326801327835,9.705738266891315
Real Madrid 2026-27,86.5,9.02502308624946,8.993363691464838,9.580586454501116
Real Madrid 2026-27,86.4,9.13133156899977,9.111176056763297,9.653161937726617
Real Madrid 2026-27,86.2,8.966103904755322,8.932044741333932,9.552994883758037
Real Madrid 2026-27,86.3,9.275341106819388,9.256567603891337,9.7038566098103
Real Madrid 2026-27,86.2,9.306628670895867,9.291075319730012,9.724666877835208
Real Madrid 2026-27,86.3,9.220945259269389,9.202421332441062,9.687436663576229
Real Madrid 2026-27,86.2,9.024939976137759,8.9911741970803,9.571354659476148
Real Madrid 2026-27,86.3,9.171119948497815,9.146652070408807,9.6520739367495
Real Madrid 2026-27,86.5,9.095927919222516,9.07336991456463,9.633936795839936
Real Madrid 2026-27,86.3,9.26301476914256,9.245807604948885,9.705170397813099
Real Madrid 2026-27,86.4,8.980037574938578,8.946943135724831,9.56086410875374
Real Madrid 2026-27,86.3,9.07271083353702,9.042410999527437,9.59891930861733
Real Madrid 2026-27,86.2,8.946986133727405,8.910036147166798,9.535582941904611
Real Madrid 2026-27,86.4,9.033305002585262,8.995835164971414,9.561979488565589
Real Madrid 2026-27,86.3,8.951248996912616,8.916762649246056,9.547561994024857
Real Madrid 2026-27,86.2,9.078924549276074,9.05372952249447,9.6193208173727
Real Madrid 2026-27,86.6,9.188840580081035,9.163929013725381,9.655762084166096
Real Madrid 2026-27,86.3,9.14727775568122,9.126222564595633,9.65520588961983
Real Madrid 2026-27,86.3,9.293032443995228,9.277605116144281,9.720802634602153
Real Madrid 2026-27,86.3,9.284199180440853,9.265143440666115,9.705761750635304
Real Madrid 2026-27,86.3,9.041043425152347,9.012296570867344,9.595516601742533
Real Madrid 2026-27,86.4,9.0684302069272,9.039959344893369,9.605259717585886
Real Madrid 2026-27,86.3,9.137605392524312,9.113023061022405,9.640071441916566
Real Madrid 2026-27,86.2,9.202555697776086,9.179091497634744,9.664592172842022
Real Madrid 2026-27,86.3,9.184357717420866,9.165146457346072,9.673104702587874
Real Madrid 2026-27,86.3,9.272487361043757,9.253611014045651,9.70277974780475
Real Madrid 2026-27,86.2,9.131489093171481,9.109241334954238,9.646388147102154
Real Madrid 2026-27,86.2,9.34203268149918,9.325763488050795,9.733994368831908
Real Madrid 2026-27,86.2,9.13880714352318,9.104179969753417,9.603807342880293
Real Madrid 2026-27,86.2,9.152842872599878,9.125272997054042,9.635102685766787
Real Madrid 2026-27,86.2,8.879896078426677,8.83645193251547,9.491505895284284
Real Madrid 2026-27,86.4,9.219717141532175,9.201065917302442,9.686356173622428
Real Madrid 2026-27,86.2,9.343607894355841,9.327762866805168,9.73576608019934
Real Madrid 2026-27,86.2,8.83177278485731,8.787832381657356,9.476681556555803
Real Madrid 2026-27,86.2,9.160043592770133,9.13605523650285,9.650005051707925
Real Madrid 2026-27,86.4,9.151385132449343,9.124758768659474,9.636912577790564
Real Madrid 2026-27,86.2,8.94578765262297,8.902027915920177,9.513360420867807
Real Madrid 2026-27,86.4,9.220401821314645,9.199465143805686,9.679260241369468
Real Madrid 2026-27,86.5,9.003075894998183,8.973354257681542,9.58019680946483
Real Madrid 2026-27,86.2,9.128833414195242,9.106952936677992,9.646741413074603
Real Madrid 2026-27,86.6,9.438272357978793,9.428023588225427,9.784454034762952
Real Madrid 2026-27,86.2,9.442916934955079,9.432955460863075,9.78677635135298
Real Madrid 2026-27,86.2,9.126006325008465,9.099538032743489,9.630482620896649
Real Madrid 2026-27,86.6,9.181338644613213,9.16066284331448,9.66759474831212
Real Madrid 2026-27,86.6,8.931171735663558,8.894737704644713,9.533074082143925
Real Madrid 2026-27,86.2,9.368731681420217,9.352123236546896,9.7409359531799
Real Madrid 2026-27,86.2,9.002162359023414,8.972409568061426,9.579536036457771
Real Madrid 2026-27,86.5,8.958048096530991,8.921473955065053,9.542560171701712
Real Madrid 2026-27,86.6,9.256338580297884,9.24093553915398,9.70870632428748
Real Madrid 2026-27,86.5,9.079888368016722,9.041933574301538,9.576516182240882
Real Madrid 2026-27,86.6,8.964770759008005,8.929918713383278,9.548775625637422
Real Madrid 2026-27,86.5,9.213781869258955,9.1959244261718,9.686799019095432
Real Madrid 2026-27,86.6,9.322476673876421,9.304705701700692,9.722200159549608
Real Madrid 2026-27,86.6,9.02163242594182,8.992393289755293,9.587506434087054
Real Madrid 2026-27,86.2,9.198553989962049,9.180755623087734,9.682484243370377
Real Madrid 2026-27,86.2,9.041739707655928,9.013320821084461,9.596782205528019
Real Madrid 2026-27,86.4,9.176185350375196,9.15372495452894,9.65998045790445
Real Madrid 2026-27,86.4,9.165757164685282,9.143885618668211,9.65847281717955
Real Madrid 2026-27,86.4,8.930588430858936,8.897602360365688,9.545983359677399
Real Madrid 2026-27,86.4,9.154028436414821,9.125413330782276,9.632285449768247
Real Madrid 2026-27,86.3,8.9210099753215,8.872316650405322,9.486022543420283
Real Madrid 2026-27,86.3,9.196853418300776,9.171446361565357,9.656729058211518
Real Madrid 2026-27,86.3,9.115151739409619,9.089715113466127,9.630597104173232
Real Madrid 2026-27,86.4,9.064126049206457,9.032454955948403,9.59196595081248
Real Madrid 2026-27,86.3,9.196933706230604,9.17917341520888,9.681968500507198
Real Madrid 2026-27,86.2,9.02842264115323,8.994225994366134,9.572052982440626
Real Madrid 2026-27,86.2,9.183708462819485,9.159339927058676,9.655673344988031
Real Madrid 2026-27,86.2,8.988276681953344,8.957630780239306,9.571899414652986
Real Madrid 2026-27,86.4,8.94106473740864,8.907089602393814,9.54586666327035
Real Madrid 2026-27,86.6,9.005187281659945,8.976885818969247,9.58589868143786
Real Madrid 2026-27,86.3,9.146183395245822,9.120444227613758,9.639541057478242
Real Madrid 2026-27,86.5,9.125629977047149,9.09652441473111,9.621036047786193
Real Madrid 2026-27,86.3,9.267555344542622,9.248547503496978,9.700342738568239
Real Madrid 2026-27,86.4,9.34220444212907,9.328190121478164,9.741145738411648
Real Madrid 2026-27,86.3,9.234537687920312,9.213561769846695,9.683276869473634
Real Madrid 2026-27,86.2,9.263189239928579,9.248150813309334,9.712279122408825
Real Madrid 2026-27,86.3,9.170831465714183,9.148755015803173,9.659574504809745
Real Madrid 2026-27,86.2,9.113596815809098,9.084575105108469,9.616822932027926
Real Madrid 2026-27,86.2,8.806544301740235,8.764491385988523,9.475647087248436
Real Madrid 2026-27,86.2,9.244938437582306,9.222163928387907,9.6805336300015
Real Madrid 2026-27,86.4,9.056378405902548,9.021879099709949,9.57702755957141
Real Madrid 2026-27,86.3,9.111326643444462,9.085862022968472,9.629125524401061
Real Madrid 2026-27,86.6,9.276968072599924,9.259095121498891,9.707226453816823
Real Madrid 2026-27,86.4,9.034272455291323,9.002307925977263,9.581475899771327
Real Madrid 2026-27,86.4,9.234406435149516,9.21450208548524,9.686907148352574
Real Madrid 2026-27,86.4,8.99769042907526,8.961794748480315,9.556871008881881
Real Madrid 2026-27,86.6,9.045151570544935,9.016361652476668,9.595858222880434
Real Madrid 2026-27,86.5,8.931796069679297,8.89526648775417,9.53398275779371
Real Madrid 2026-27,86.4,9.08934792886572,9.059397403933364,9.606537169274235
Real Madrid 2026-27,86.2,9.018690645021621,8.983626728612473,9.565920449305372
Real Madrid 2026-27,86.4,9.040622393509445,9.00597247866051,9.575485778472823
Real Madrid 2026-27,86.3,9.2437986724147,9.226792188616276,9.699423007265016
Real Madrid 2026-27,86.4,9.172087210946883,9.148782297846674,9.655007918222847
Real Madrid 2026-27,86.3,9.079629403989632,9.053108992241624,9.615342172867415
Real Madrid 2026-27,86.5,9.135869477336023,9.112061391258704,9.642619459728753
Real Madrid 2026-27,86.3,8.867190355032138,8.825247250218585,9.495328614229374
Real Madrid 2026-27,86.2,9.112669902808639,9.08652675221724,9.626601128911524
Real Madrid 2026-27,86.4,9.035239967805492,9.007836680855805,9.598296240219836
Real Madrid 2026-27,86.4,9.164585026168757,9.14000357094136,9.649348334650757
Real Madrid 2026-27,86.4,9.201537459062664,9.179665812637664,9.670196662184242
Real Madrid 2026-27,86.6,8.990467918157963,8.954027932253618,9.551538087582795
Real Madrid 2026-27,86.2,9.206728858780663,9.188090374954939,9.682191106031755
Real Madrid 2026-27,86.2,9.21290204051083,9.190435838212634,9.671552163709746
Real Madrid 2026-27,86.5,9.167534555682098,9.147955185834824,9.666651345378984
Real Madrid 2026-27,86.2,9.071620796987187,9.046497169951063,9.617570326483664
Real Madrid 2026-27,86.2,8.994805933268422,8.952239607489194,9.529213211088422
Real Madrid 2026-27,86.2,8.958839299721323,8.921139942426986,9.538360730768112
Real Madrid 2026-27,86.5,9.165694522491652,9.145120397479394,9.662527322027433
Real Madrid 2026-27,86.4,8.935611892797672,8.901436033994957,9.543789610019283
Real Madrid 2026-27,86.3,9.14072508528429,9.117729549648772,9.646544855501318
Real Madrid 2026-27,86.4,9.394320488100233,9.382807889542832,9.766201017600729
Real Madrid 2026-27,86.4,9.279480316747552,9.259360880501061,9.700724541265982
Real Madrid 2026-27,86.6,9.095375180148126,9.070915758579265,9.627194449490537
Real Madrid 2026-27,86.2,9.242592073374645,9.219097415195925,9.677952614831081
Real Madrid 2026-27,86.5,9.379490353690487,9.369817843951559,9.766889991307238
Real Madrid 2026-27,86.3,8.987879207593778,8.954163479285537,9.559978721822418
Real Madrid 2026-27,86.2,9.428630054351757,9.418492401564349,9.781441351427823
Real Madrid 2026-27,86.3,8.85617572489914,8.809872274100382,9.474826727111008
Real Madrid 2026-27,86.2,8.974962914584292,8.943003908651463,9.56283289275378
Real Madrid 2026-27,86.3,9.171518807986565,9.14254024421267,9.636024399277957
Real Madrid 2026-27,86.3,9.036589869465356,9.00696592131196,9.591005474999342
Real Madrid 2026-27,86.2,9.196974577967003,9.170189720515188,9.651728464756697
Real Madrid 2026-27,86.5,9.215299606983677,9.194494951594253,9.677527275110789
Real Madrid 2026-27,86.2,9.121511683949668,9.096836491842076,9.635059814585485
Real Madrid 2026-27,86.3,8.974121236886083,8.938356176601959,9.549718476271696
Real Madrid 2026-27,86.2,9.295252979213524,9.278850337676104,9.71839613764798
Real Madrid 2026-27,86.2,9.219971959320832,9.19701143295586,9.67130129540916
Real Madrid 2026-27,86.2,9.141917897092547,9.120219714336276,9.651415828480415
Real Madrid 2026-27,86.5,9.135476923664843,9.10956840528857,9.63528988534917
Real Madrid 2026-27,86.5,9.141593788822995,9.117851265787577,9.644710665451386
Real Madrid 2026-27,86.2,9.086361072785385,9.056915133323052,9.607293492459352
Real Madrid 2026-27,86.5,9.057871142793578,9.031736943655345,9.609938481882509
Real Madrid 2026-27,86.2,9.141422769989795,9.111629618033886,9.623714037109737
Real Madrid 2026-27,86.6,9.335925250360228,9.318898645771979,9.729463644226309
Real Madrid 2026-27,86.3,9.153083750951488,9.130016417695808,9.65070792402727
Real Madrid 2026-27,86.2,9.02716774043717,8.992499572260137,9.56956156244033
Real Madrid 2026-27,86.5,8.958154704579567,8.91727122969036,9.524043681642112
Real Madrid 2026-27,86.2,8.823286911233428,8.7771852068687,9.466158771734122
Real Madrid 2026-27,86.2,9.005524890932056,8.973189600950729,9.571109421622765
Real Madrid 2026-27,86.2,8.96654288087207,8.930739235558182,9.546480545728661
Real Madrid 2026-27,86.5,8.831099249440047,8.79111055969764,9.490389434730474
Real Madrid 2026-27,86.6,9.132034390108245,9.1072994589973,9.638326389647126
Real Madrid 2026-27,86.3,9.324920620121906,9.309861957909607,9.732388334849587
Real Madrid 2026-27,86.4,9.272009642998018,9.252515296302446,9.700893580098974
Real Madrid 2026-27,86.6,8.990630304589653,8.94673998338517,9.523171006034913
Real Madrid 2026-27,86.3,9.020864062849023,8.988453894286922,9.575297668226192
Real Madrid 2026-27,86.6,9.17230474366581,9.151968570687899,9.665844072839366
Real Madrid 2026-27,86.3,9.177948470375256,9.156732951414918,9.66463770314839
Real Madrid 2026-27,86.5,8.999074743361415,8.96895929239547,9.577603482335093
Real Madrid 2026-27,86.3,9.32431117531997,9.306487788171381,9.722505572892056
Real Madrid 2026-27,86.4,9.23998147564536,9.223750530826655,9.700804981077768
Real Madrid 2026-27,86.2,9.336781168465745,9.320569773993338,9.731913072344291
Real Madrid 2026-27,86.4,9.408658353710155,9.394096222086649,9.760697234645773
Real Madrid 2026-27,86.2,9.078764970928534,9.049558718149227,9.606271670994023
Real Madrid 2026-27,86.5,9.131725881663836,9.110828784443262,9.650814181209743
Real Madrid 2026-27,86.2,8.85559085571612,8.812399573741569,9.48651988986694
Real Madrid 2026-27,86.2,9.205650960105128,9.183020820570839,9.668449770859574
Real Madrid 2026-27,86.2,9.230679745785395,9.210046758533112,9.683730636818792
Real Madrid 2026-27,86.3,9.002979316177962,8.973666045683604,9.581562243194616
Real Madrid 2026-27,86.5,9.208505896540496,9.188192828728258,9.677627952184402
Real Madrid 2026-27,86.2,9.091111103495642,9.065778107869397,9.623274223277217
Real Madrid 2026-27,86.4,8.99802135925788,8.963734122318316,9.56321715214493
Real Madrid 2026-27,86.6,9.104362453406283,9.073481970600008,9.608686704873946
Real Madrid 2026-27,86.2,9.339401779974574,9.326730166442388,9.744348095270112
Real Madrid 2026-27,86.2,9.170842466545492,9.148214004657753,9.6573274423421
Real Madrid 2026-27,86.2,9.091477938248943,9.063773230476952,9.614603839961811
Real Madrid 2026-27,86.6,8.926148308761245,8.888234817091123,9.527363307544231
Real Madrid 2026-27,86.2,9.036552773746557,9.007415401704758,9.592490099686957
Real Madrid 2026-27,86.3,9.219757115841162,9.199057590917189,9.679971645096193
Real Madrid 2026-27,86.6,8.912363020715576,8.871638139882307,9.51033867681517
Real Madrid 2026-27,86.2,9.023980919455743,8.995326837347108,9.59005783045315
Real Madrid 2026-27,86.6,9.185046391656961,9.164023810739634,9.667543378322058
Real Madrid 2026-27,86.6,9.158915817614947,9.139977955113652,9.66598954328045
Real Madrid 2026-27,86.2,9.170859442007005,9.14869127251938,9.659068049932795
Real Madrid 2026-27,86.4,9.118988708105043,9.09187181241071,9.625942091824587
Real Madrid 2026-27,86.5,9.283284572906187,9.265502912862367,9.709737291801758
Real Madrid 2026-27,86.6,9.140594659110379,9.1165486827945,9.643189608705441
Real Madrid 2026-27,86.3,8.88507135104059,8.839575297169507,9.486292544689384
Real Madrid 2026-27,86.4,8.827398847410672,8.781880887807635,9.469564226851286
Real Madrid 2026-27,86.2,9.099926083337822,9.068737449966765,9.605963790151963
Real Madrid 2026-27,86.3,8.971422269271061,8.93807293871129,9.557887738925126
Real Madrid 2026-27,86.6,9.251371193356801,9.233657869893497,9.699938601359129
Real Madrid 2026-27,86.2,9.010806978831468,8.975241129072401,9.561658203899698
Real Madrid 2026-27,86.2,9.255882537353688,9.236898961376706,9.696774013195522
Real Madrid 2026-27,86.2,9.231214625170905,9.210511219593103,9.683448138802808
Real Madrid 2026-27,86.4,9.125829158973135,9.104001143050032,9.645497714080474
Real Madrid 2026-27,86.5,9.257619049286816,9.239506786125899,9.700290852453616
Real Madrid 2026-27,86.6,9.175640930751436,9.152294075793543,9.65595943584432
Real Madrid 2026-27,86.4,9.13381266448975,9.107047593226987,9.631186836785222
Real Madrid 2026-27,86.4,9.156023839674821,9.12847628631924,9.636560713767938
Real Madrid 2026-27,86.4,9.245582758883113,9.2252305842085,9.688810996200987
Real Madrid 2026-27,86.4,9.07017629043642,9.038612444171218,9.594432974539439
Real Madrid 2026-27,86.2,9.074059555250235,9.048737614980233,9.617642400416416
Real Madrid 2026-27,86.3,9.2092717451868,9.188842737487207,9.677346166573557
Real Madrid 2026-27,86.3,9.36777227487564,9.353392953709173,9.748217689204516
Real Madrid 2026-27,86.5,9.075934021672836,9.050123228063345,9.616683541103173
Real Madrid 2026-27,86.4,9.251095577939378,9.231964610132987,9.694563679258504
Real Madrid 2026-27,86.6,9.154679825430934,9.130370940335371,9.646948867858814
Real Madrid 2026-27,86.3,9.087802512547697,9.063710541220754,9.626255669487147
Real Madrid 2026-27,86.3,9.225970226022937,9.20668391579575,9.686666269532724
Real Madrid 2026-27,86.2,9.33855165040882,9.325971147412934,9.74453049952012
Real Madrid 2026-27,86.5,9.208195671261697,9.187554229291257,9.675913649232422
Real Madrid 2026-27,86.2,9.32896713485821,9.30717989917057,9.710777774687774
Real Madrid 2026-27,86.5,9.284317694426251,9.2674633637118,9.713266370855823
Real Madrid 2026-27,86.2,9.055958423571544,9.028156557614913,9.603690475879862
Real Madrid 2026-27,86.6,9.060315658785086,9.034875435106692,9.612701976244685
Real Madrid 2026-27,86.5,9.242993261711474,9.227000525067895,9.702669186468196
Real Madrid 2026-27,86.2,9.13482573496838,9.112737804028267,9.647913848907685
Real Madrid 2026-27,86.5,9.13334501048426,9.112330718447273,9.650833757922358
Real Madrid 2026-27,86.2,9.030564812450248,9.003116128515838,9.596460773305912
Real Madrid 2026-27,86.2,9.01521703800064,8.98490219954153,9.58147150895509
Real Madrid 2026-27,86.2,9.138331437640668,9.10896981154923,9.624445177480807
Real Madrid 2026-27,86.5,8.954311283230096,8.916633723134645,9.537015871416804
Real Madrid 2026-27,86.2,9.144574271155271,9.123007674493078,9.652771215144483
Real Madrid 2026-27,86.5,9.16555564644545,9.141125711484783,9.649406511529655
Real Madrid 2026-27,86.6,8.998713724439853,8.96917229285458,9.578993101569143
Real Madrid 2026-27,86.3,8.985019351905176,8.954500038243328,9.571910939449715
Real Madrid 2026-27,86.2,9.113081445504944,9.084662755857805,9.619170746116575
Real Madrid 2026-27,86.4,9.074434816363482,9.039519763488666,9.582287966495526
Real Madrid 2026-27,86.3,9.140908406642955,9.118384890444746,9.64820297657623
Real Madrid 2026-27,86.4,9.059933263698635,9.031839651915826,9.602953485740091
Real Madrid 2026-27,86.5,9.1015235056011,9.073531875887824,9.617091607711892
Real Madrid 2026-27,86.4,9.276291545075853,9.258919345295022,9.709032820507293
Real Madrid 2026-27,86.2,8.982928058094528,8.950369881680006,9.563270427686216
Real Madrid 2026-27,86.3,9.175520516255972,9.150348219906775,9.650499439349549
Real Madrid 2026-27,86.5,9.147142657243272,9.118661534656804,9.629583654409918
Real Madrid 2026-27,86.6,9.09035558204499,9.064930288665744,9.622648459774577
Real Madrid 2026-27,86.3,9.338781776553592,9.319697866513874,9.722896686244232
Real Madrid 2026-27,86.4,9.321202984907792,9.305616146238101,9.72944964433941
Real Madrid 2026-27,86.3,9.018764903419802,8.990511412979377,9.589657883338978
Real Madrid 2026-27,86.4,9.10715904046495,9.078992447243126,9.61877827133794
Real Madrid 2026-27,86.3,9.037172515034722,9.007352942978873,9.590235363501428
Real Madrid 2026-27,86.2,9.029559421088578,8.998672561694915,9.583738348897947
Real Madrid 2026-27,86.3,9.207783610794104,9.184100906363918,9.66538268677618
Real Madrid 2026-27,86.6,9.104978650894296,9.081077062786939,9.632415564596462
Real Madrid 2026-27,86.4,9.170418821905939,9.149139565178121,9.661600861325182
Real Madrid 2026-27,86.4,9.060993109226605,9.032746069888208,9.60330513855992
Real Madrid 2026-27,86.2,9.046161633679144,9.016934182720002,9.59547605965865
Real Madrid 2026-27,86.3,9.22050794775677,9.203816567746781,9.693154373543972
Real Madrid 2026-27,86.6,9.185647530577938,9.161560854326725,9.658111573716404
Real Madrid 2026-27,86.2,9.125741630398924,9.100319671343748,9.633969324550824
Real Madrid 2026-27,86.3,9.130737697520567,9.099697629266467,9.616796614994605
Real Madrid 2026-27,86.4,9.351131419605016,9.335174619800492,9.737570863193834
Real Madrid 2026-27,86.2,8.88646282815954,8.840410736549412,9.4846500083023
Real Madrid 2026-27,86.4,9.30857797198793,9.293107017142754,9.725803970486366
Real Madrid 2026-27,86.6,9.319413457568459,9.304991936586164,9.732430294976963
Real Madrid 2026-27,86.6,9.209567685336838,9.193041916581837,9.690102965496099
Real Madrid 2026-27,86.3,9.196992752232585,9.178421905073744,9.679586241562188
Real Madrid 2026-27,86.4,9.030601080213865,8.997250695356666,9.576110057802545
Real Madrid 2026-27,86.2,9.362063284807308,9.347018654460978,9.744204711085354
Real Madrid 2026-27,86.4,9.194349297682194,9.167348310092573,9.649795258578633
Real Madrid 2026-27,86.3,9.141766714831851,9.10469407202984,9.598000646998514
Real Madrid 2026-27,86.4,9.26832411777749,9.249829363966057,9.702618545421513
Real Madrid 2026-27,86.2,9.219473626369837,9.196435821483592,9.672177060898793
Real Madrid 2026-27,86.3,9.171754471150482,9.147029199809065,9.649500678276063
Real Madrid 2026-27,86.5,9.041668883540964,9.01176335342306,9.591804849105273
Real Madrid 2026-27,86.6,8.875894943525225,8.831917530117401,9.487669381704404
Real Madrid 2026-27,86.3,9.071907627311232,9.041078557280978,9.597153522033482
Real Madrid 2026-27,86.3,9.195203722807092,9.169332356472918,9.653785582011107
Real Madrid 2026-27,86.5,9.065641251613728,9.03325895166688,9.59099478275061
Real Madrid 2026-27,86.3,9.19458317987204,9.176774576811585,9.68118791560664
Real Madrid 2026-27,86.2,9.02004707962599,8.98606669347501,9.570304958743813
Real Madrid 2026-27,86.2,9.356725135282208,9.343374077147967,9.747942878814706
Real Madrid 2026-27,86.4,9.032330796033053,9.004917159564519,9.597445964904464
Real Madrid 2026-27,86.3,9.078666026071879,9.050530048721415,9.609341899418277
Real Madrid 2026-27,86.3,9.222418498501202,9.202881312371062,9.684407021006038
Real Madrid 2026-27,86.3,8.965127870819913,8.928173089965837,9.542513902653996
Real Madrid 2026-27,86.5,9.334071419620477,9.317560843092128,9.730642910956327
Real Madrid 2026-27,86.3,9.249938265036112,9.228227028826673,9.686065271170907
Real Madrid 2026-27,86.5,9.247026803736526,9.229221824119913,9.698175494121523
Real Madrid 2026-27,86.4,9.183277924866829,9.1603725083184,9.660000477184234
Real Madrid 2026-27,86.6,9.316274953095476,9.298038818846528,9.71841115286163
Real Madrid 2026-27,86.2,9.180324900856213,9.161298830331933,9.67262583011848
Real Madrid 2026-27,86.3,9.279678019199153,9.259753324989557,9.701402899402776
Real Madrid 2026-27,86.4,9.378213603331838,9.365726067077013,9.757881191439743
Real Madrid 2026-27,86.2,9.093088360960511,9.069259638930829,9.628746253611855
Real Madrid 2026-27,86.6,9.365354111362725,9.35260266178626,9.752595368026034
Real Madrid 2026-27,86.2,9.239225046970546,9.21991274521004,9.690681059877047
Real Madrid 2026-27,86.6,9.204642624662698,9.181045862258625,9.665356106077237
Real Madrid 2026-27,86.2,9.19758503338479,9.174076317064303,9.663240380229269
Real Madrid 2026-27,86.2,9.07295430046521,9.038902249933868,9.58487341080854
Real Madrid 2026-27,86.5,9.159807371263827,9.136800642337631,9.652843392080584
Real Madrid 2026-27,86.4,9.237941447387845,9.219553306715726,9.693020036507107
Real Madrid 2026-27,86.6,9.092993550190485,9.070167824918965,9.631781899054733
Real Madrid 2026-27,86.4,9.194892012678583,9.169019638168601,9.65383023466957
Real Madrid 2026-27,86.6,9.151866146407983,9.123754182893274,9.632341882562267
Real Madrid 2026-27,86.2,9.012940178751542,8.97406616346672,9.54853890466412
Real Madrid 2026-27,86.3,9.221673307101186,9.201492946319972,9.681564499370417
Real Madrid 2026-27,86.2,9.113929487589353,9.089642397646982,9.633386409114465
Real Madrid 2026-27,86.2,9.194837944023124,9.175545250921635,9.67635227404774
Real Madrid 2026-27,86.5,9.166280080662167,9.143907652583431,9.656473204081056
Real Madrid 2026-27,86.6,9.26318438751019,9.243603308826154,9.69753290562728
Real Madrid 2026-27,86.3,9.032785017030786,9.005129991455975,9.596656157193639
Real Madrid 2026-27,86.2,9.240127815972876,9.218199849619753,9.68145674007916
Real Madrid 2026-27,86.5,8.881206139279005,8.84539750752751,9.520514149257934
Real Madrid 2026-27,86.4,9.055701466661258,9.0301432088344,9.611098805769856
Real Madrid 2026-27,86.4,9.052938058599008,9.028047173269915,9.61244444922534
Real Madrid 2026-27,86.2,9.1039340854412,9.078999503547326,9.628651273765694
Real Madrid 2026-27,86.3,9.298329398416032,9.28062460141458,9.715292804381763
Real Madrid 2026-27,86.2,9.118141525648753,9.094601545476873,9.637769826963497
Real Madrid 2026-27,86.5,8.990940774787505,8.955613982765518,9.556258836252937
Real Madrid 2026-27,86.2,9.295739037904768,9.276325132759746,9.70826877468599
Real Madrid 2026-27,86.4,8.930194661921204,8.885113686227255,9.502248937154308
Real Madrid 2026-27,86.6,9.199721585010863,9.177329474016378,9.66729651899842
Real Madrid 2026-27,86.5,9.343411626804382,9.327708447715544,9.736144258119923
Real Madrid 2026-27,86.6,9.10926441778125,9.083527820983733,9.627502928437824
Real Madrid 2026-27,86.2,9.05765857474757,9.02908162050326,9.60037367462871
Real Madrid 2026-27,86.2,9.136004118814672,9.109021612935699,9.632174863579595
Real Madrid 2026-27,86.2,9.058265621188312,9.031302079091631,9.607321197716495
Real Madrid 2026-27,86.2,9.159557399456947,9.13265637003478,9.638514987356558
Real Madrid 2026-27,86.5,9.204450951119046,9.185291380523218,9.68013192846524
Real Madrid 2026-27,86.2,9.282485510731215,9.265802484039014,9.71317583966255
Real Madrid 2026-27,86.2,9.09395005351427,9.072175191878742,9.635857713868432
Real Madrid 2026-27,86.6,9.122690680299089,9.097986091680925,9.635519454632165
Real Madrid 2026-27,86.3,9.300776641962118,9.28660971350949,9.727098236141913
Real Madrid 2026-27,86.6,9.213841301703091,9.195359477202786,9.684918613737189
Real Madrid 2026-27,86.2,8.824581906008731,8.779149099716403,9.46943884228322
Real Madrid 2026-27,86.3,9.013285556293757,8.98475503192609,9.587283862445082
Real Madrid 2026-27,86.6,9.00034727971799,8.965589102676416,9.560695656354536
Real Madrid 2026-27,86.2,9.122579507352823,9.09721849400077,9.633012483879638
Real Madrid 2026-27,86.4,9.291270123788308,9.275517688149273,9.719128830118212
Real Madrid 2026-27,86.3,9.322229486549574,9.304332864538111,9.722270300448855
Real Madrid 2026-27,86.3,9.23731736693607,9.216973304659104,9.686479390943862
Real Madrid 2026-27,86.5,9.070070605402673,9.0437695605401,9.612805769446807
Real Madrid 2026-27,86.5,9.32546383468986,9.312567052043985,9.73938328267134
Real Madrid 2026-27,86.6,9.401839549101501,9.386805144130575,9.756828566061802
Real Madrid 2026-27,86.4,9.275824242108701,9.25864990450325,9.709575529100702
Real Madrid 2026-27,86.5,9.122160181932182,9.0948780361282,9.626191322969564
Real Madrid 2026-27,86.3,9.230438531021553,9.2104841554745,9.685836275655607
Real Madrid 2026-27,86.6,9.224307647695003,9.204354477553567,9.683810429325352
Real Madrid 2026-27,86.2,9.228514307810617,9.206287156513232,9.677177612226552
Real Madrid 2026-27,86.3,9.00455196352069,8.96877115342962,9.55949132156489
Real Madrid 2026-27,86.4,9.129607393627598,9.097231312681073,9.610424813861403
Real Madrid 2026-27,86.3,9.218003926063144,9.199069894017901,9.685029598019593
Real Madrid 2026-27,86.3,8.917170727240055,8.87038372814636,9.492165575341943
Real Madrid 2026-27,86.3,9.268246894161317,9.252779730984443,9.7125037681818
Real Madrid 2026-27,86.6,9.004258917050795,8.965941537688934,9.54860201466447
Real Madrid 2026-27,86.6,9.212386034651992,9.19051767196676,9.673242090755934
Real Madrid 2026-27,86.5,9.067627136384314,9.03878997659339,9.603335591989596
Real Madrid 2026-27,86.2,8.962745239483747,8.92109785360732,9.525168143706281
Real Madrid 2026-27,86.5,9.000245326431116,8.968018162319868,9.5710189949661
Real Madrid 2026-27,86.3,8.927088883967361,8.890524253251911,9.5314858890018
Real Madrid 2026-27,86.2,9.17140171971946,9.14727249728137,9.65255108759527
Real Madrid 2026-27,86.6,9.110661076589464,9.080621666439278,9.612475550209771
Real Madrid 2026-27,86.2,9.078377602801394,9.050567029915923,9.611008380780476
Real Madrid 2026-27,86.3,9.132931994305531,9.105422080923137,9.628378524313362
Real Madrid 2026-27,86.5,8.918386843753058,8.879391481646215,9.519937010889691
Real Madrid 2026-27,86.4,9.1490371052819,9.122493321285871,9.636931460033589
Real Madrid 2026-27,86.5,9.271172695186365,9.254008930594518,9.707863346928583
Real Madrid 2026-27,86.2,9.06978801524448,9.03674082640513,9.590130394131474
Real Madrid 2026-27,86.3,9.015999200026858,8.988503373071042,9.591574108582776
Real Madrid 2026-27,86.2,9.188195619583752,9.165967321328298,9.66422765566916
Real Madrid 2026-27,86.2,9.215323753805965,9.19659413316745,9.68435465277964
Real Madrid 2026-27,86.4,8.880734830312036,8.843258225803408,9.514993599498972
Real Madrid 2026-27,86.4,9.233889078885651,9.21096766421398,9.676807944918025
Real Madrid 2026-27,86.2,9.304477929080809,9.28988177024452,9.727151609400453
Real Madrid 2026-27,86.3,9.259733164505409,9.239390453129092,9.693828653856745
Real Madrid 2026-27,86.5,9.214182052863505,9.192289920197439,9.67404492066601
Real Madrid 2026-27,86.2,9.228072569762103,9.208652399296039,9.686696593302795
Real Madrid 2026-27,86.2,9.067450385475317,9.037630289470325,9.600137608272211
Real Madrid 2026-27,86.2,9.162404273045809,9.141810838053484,9.661244705370617
Real Madrid 2026-27,86.3,8.904706703599274,8.864862558448369,9.51380916470291
Real Madrid 2026-27,86.3,8.936695118289734,8.89309174878375,9.510345741065544
Real Madrid 2026-27,86.5,9.136188876810156,9.113974263072112,9.647688556290317
Real Madrid 2026-27,86.5,9.22564652254283,9.199906425278485,9.663825921507978
Real Madrid 2026-27,86.2,8.982875890774393,8.94992409244961,9.562653333695973
Real Madrid 2026-27,86.5,9.150927223348189,9.124186165624025,9.637571448437846
Real Madrid 2026-27,86.3,9.32051626481021,9.306921368654825,9.735168688114559
Real Madrid 2026-27,86.3,9.055510911432332,9.025686001571923,9.596786282468148
Real Madrid 2026-27,86.6,9.257788841670783,9.240935034468041,9.704717888336884
Real Madrid 2026-27,86.2,9.018382543391311,8.983072882084082,9.564643762955116
Real Madrid 2026-27,86.2,9.300872793900973,9.28458308667485,9.720705351325826
Real Madrid 2026-27,86.2,9.08210960281582,9.05612364892918,9.617861798406134
Real Madrid 2026-27,86.3,9.176505775745431,9.155665486219133,9.665383547678136
Real Madrid 2026-27,86.3,9.011416396442357,8.973048592438968,9.553153488789917
Real Madrid 2026-27,86.4,9.097706151819908,9.07448237756167,9.632243973594775
Real Madrid 2026-27,86.6,9.251658454090348,9.230214425379303,9.68798653901269
Real Madrid 2026-27,86.4,9.121925008939167,9.098067313614258,9.637931566861832
Real Madrid 2026-27,86.4,9.128006483944166,9.101840976703045,9.631983336515706
Real Madrid 2026-27,86.5,9.19331437459251,9.1717159975428,9.667890911002821
Real Madrid 2026-27,86.2,9.038291383236448,9.01353291650279,9.608169896570448
Real Madrid 2026-27,86.2,8.734043226204168,8.683977258193647,9.423840129650925
Real Madrid 2026-27,86.3,9.06161617996738,9.030195672808102,9.590693391543315
Real Madrid 2026-27,86.5,9.152153899329935,9.128159425329413,9.646612911040007
Real Madrid 2026-27,86.2,9.317224480917773,9.29984445031077,9.722304774286911
Real Madrid 2026-27,86.6,9.090585117226894,9.062978354554275,9.614824606686787
Real Madrid 2026-27,86.6,9.04302459593983,9.014751104212099,9.597292095264132
Real Madrid 2026-27,86.3,9.02141574211679,8.990424446628484,9.581214642659205
Real Madrid 2026-27,86.5,8.831051022158643,8.777795424988671,9.44218109997866
Real Madrid 2026-27,86.2,9.158107573563523,9.133477990597967,9.64657253514493
Real Madrid 2026-27,86.5,8.982783818523965,8.950445730306257,9.564277887756065
Real Madrid 2026-27,86.4,9.13257822916602,9.102238753781464,9.619518098608872
Real Madrid 2026-27,86.5,9.166490415665145,9.142918903680542,9.652948260247877
Real Madrid 2026-27,86.6,9.313437831230816,9.29635043801245,9.721930849012976
Real Madrid 2026-27,86.4,9.106263347065486,9.079836100832367,9.624089445299362
Real Madrid 2026-27,86.2,8.78620905454427,8.737189330223927,9.44278188543043
Real Madrid 2026-27,86.3,8.999698558389245,8.963010751369374,9.553958965764986
Real Madrid 2026-27,86.2,9.006263357836344,8.97388503800004,9.571401888136782
Real Madrid 2026-27,86.3,9.31471077917588,9.300825845573492,9.732619205926857
Real Madrid 2026-27,86.6,8.8920040866549,8.847468301746375,9.49334527747615
Real Madrid 2026-27,86.4,9.175852066106021,9.154797550993951,9.66423610183587
Real Madrid 2026-27,86.3,9.185027449879566,9.164280628309749,9.66862666521395
Real Madrid 2026-27,86.5,9.172804739843997,9.151619839960487,9.66322817373504
Real Madrid 2026-27,86.5,9.211602775507435,9.192265083265182,9.681541039481786
Real Madrid 2026-27,86.2,9.02920000802265,8.996899884514884,9.579499753712128
Real Madrid 2026-27,86.3,9.00218029546885,8.965065027332782,9.554775903638665
Real Madrid 2026-27,86.2,9.133354835608642,9.108423558112067,9.63745883220435
Real Madrid 2026-27,86.3,9.033910322051685,9.002196966377138,9.582833437129363
Real Madrid 2026-27,86.3,9.232006688201677,9.213779720869098,9.69179275459171
Real Madrid 2026-27,86.2,9.149216158168235,9.125121943568681,9.645603479084023
Real Madrid 2026-27,86.3,9.226704268435723,9.202376050868528,9.669917752284434
Real Madrid 2026-27,86.6,9.10730385841265,9.083890824258798,9.634656228407488
Real Madrid 2026-27,86.4,9.068821604977854,9.039862995967372,9.603713139250647
Real Madrid 2026-27,86.3,9.070761165804573,9.033119819892319,9.572637756498963
Real Madrid 2026-27,86.4,9.102771384638508,9.077264974187598,9.626274191202493
Real Madrid 2026-27,86.4,9.05089867414789,9.021796715776535,9.597643786288145
Real Madrid 2026-27,86.6,9.312835728762366,9.297523541006926,9.727457959017526
Real Madrid 2026-27,86.2,9.147284873914677,9.120457573734749,9.634696219070747
Real Madrid 2026-27,86.3,9.091962703919952,9.066315002278596,9.62217107293281
Real Madrid 2026-27,86.4,9.192881352382894,9.170463592524102,9.665286137400956
Real Madrid 2026-27,86.3,9.031554826969447,9.002290575875197,9.590385426870231
Real Madrid 2026-27,86.3,8.937434570783749,8.892660496026512,9.506191024090024
Real Madrid 2026-27,86.3,9.133865880903036,9.102067559341876,9.61490392716294
Real Madrid 2026-27,86.3,9.054051373009399,9.024615943621386,9.596920739228796
Real Madrid 2026-27,86.2,8.877997500834722,8.840965668173444,9.51526444033722
Real Madrid 2026-27,86.5,9.051078747486246,9.024026384906175,9.604532516055533
Real Madrid 2026-27,86.6,9.063856965736418,9.028849734799504,9.581553398951874
Real Madrid 2026-27,86.5,9.165402776705674,9.140154967366493,9.647272272307214
Real Madrid 2026-27,86.5,9.134794331636686,9.112038710153989,9.645661112264541
Real Madrid 2026-27,86.4,9.152604631074935,9.129656024966549,9.650519304004833
Real Madrid 2026-27,86.3,8.925741512851058,8.881450022671443,9.504298121490747
Real Madrid 2026-27,86.2,9.184402194207879,9.160855760273002,9.658724927029485
Real Madrid 2026-27,86.2,8.987594672568854,8.95542649915759,9.566159787155069
Real Madrid 2026-27,86.6,8.919091874924604,8.876494291212039,9.508950548728093
Real Madrid 2026-27,86.6,9.280222076482206,9.260532299946775,9.702640022245934
Real Madrid 2026-27,86.2,8.992767774930439,8.958581744737641,9.560433512221945
Real Madrid 2026-27,86.2,9.192825223582439,9.172378885195025,9.671743180212104
Real Madrid 2026-27,86.3,8.98712099297316,8.949353345482066,9.545701100526507
Real Madrid 2026-27,86.3,9.13256987478934,9.109654742361016,9.644318547033295
Real Madrid 2026-27,86.4,9.035629781768854,9.002766308729784,9.577886097730977
Real Madrid 2026-27,86.2,8.994978511885352,8.960780622744664,9.561246656604052
Real Madrid 2026-27,86.4,9.001612154166823,8.970716707294152,9.575651584940488
Real Madrid 2026-27,86.2,9.105734504197233,9.078974414461507,9.622819346352037
Real Madrid 2026-27,86.2,9.107630419406792,9.083087881808126,9.630398079780251
Real Madrid 2026-27,86.2,9.05810112838703,9.030038207871007,9.603290327937605
Real Madrid 2026-27,86.2,8.934777391282605,8.894333455969102,9.521547529405314
Real Madrid 2026-27,86.4,9.350250237046778,9.339019965922915,9.752598962608484
Real Madrid 2026-27,86.4,9.134378254072514,9.112774640517763,9.649336167250077
Real Madrid 2026-27,86.3,9.010729633344049,8.97847531460763,9.573885750542967
Real Madrid 2026-27,86.5,9.180798792508652,9.155872635102861,9.653444120057866
Real Madrid 2026-27,86.5,9.122578217230936,9.09370461793495,9.6206660807442
Real Madrid 2026-27,86.3,9.237171492400284,9.217813885192452,9.689455976558367
Real Madrid 2026-27,86.4,9.33943504745017,9.324761007323389,9.73811007430756
Real Madrid 2026-27,86.3,9.105388802789566,9.075892520238122,9.61375381524555
Real Madrid 2026-27,86.5,9.150138075573398,9.129850945081984,9.65860133508664
Real Madrid 2026-27,86.3,8.960142578029481,8.923318629381345,9.541460658890028
Real Madrid 2026-27,86.5,9.033650085244094,9.002823146326179,9.586155289455942
Real Madrid 2026-27,86.2,8.938403404359425,8.904123361883576,9.544147931034933
Real Madrid 2026-27,86.2,9.2168306493719,9.188540829169582,9.651004563005976
Real Madrid 2026-27,86.6,9.239699498584926,9.218711942939418,9.68534102235476
Real Madrid 2026-27,86.2,9.421632489515567,9.409982444759278,9.774474242847313
Real Madrid 2026-27,86.2,9.12707220890425,9.097127431417281,9.618404364645347
Real Madrid 2026-27,86.2,9.221748107616069,9.203341303388912,9.687864059596619
Real Madrid 2026-27,86.4,9.428398133897012,9.414543791683249,9.769428132089512
Real Madrid 2026-27,86.4,9.086547857272564,9.05993372502965,9.617212058328988
Real Madrid 2026-27,86.4,9.08339648822739,9.051271521620938,9.59771587478837
Real Madrid 2026-27,86.6,9.065965775334398,9.035859613220643,9.598285515150684
Real Madrid 2026-27,86.2,9.153825700918418,9.131038328369126,9.65161800304686
Real Madrid 2026-27,86.6,9.107788699752042,9.077173671429208,9.608941393837323
Real Madrid 2026-27,86.2,9.20583290014587,9.18208119921929,9.664994681499572
Real Madrid 2026-27,86.3,8.95550619254001,8.919361042446992,9.54160163928305
Real Madrid 2026-27,86.4,9.262904804792779,9.239793940163839,9.684426512809406
Real Madrid 2026-27,86.3,9.033536479129312,9.006879550127175,9.600079378920261
Real Madrid 2026-27,86.4,9.082063373253806,9.052644395682158,9.606483068579113
Real Madrid 2026-27,86.3,9.029445768586378,8.998043084937276,9.583230599795595
Real Madrid 2026-27,86.4,9.186557394384707,9.163019504370244,9.659938581523026
Real Madrid 2026-27,86.4,9.141373469019255,9.117071145422335,9.641876250927586
Real Madrid 2026-27,86.4,9.084897242350756,9.05314455050032,9.599209627451309
Real Madrid 2026-27,86.2,9.003433370513893,8.976687586768277,9.59048912122234
Real Madrid 2026-27,86.5,9.165763823310428,9.14373527433443,9.65810784193945
Real Madrid 2026-27,86.4,9.27887100874929,9.262968428901733,9.714644581904412
Real Madrid 2026-27,86.3,9.220602912613442,9.203584758080916,9.69215188641793
Real Madrid 2026-27,86.2,9.03404761213604,9.007173021957504,9.59945395796378
Real Madrid 2026-27,86.2,9.075465843797474,9.049896488244695,9.617338886467264
Real Madrid 2026-27,86.6,9.191722572789734,9.168787759432448,9.662337038168582
Real Madrid 2026-27,86.4,9.015696773248008,8.985510995177922,9.582090073747743
Real Madrid 2026-27,86.3,9.192611424934558,9.167892057020525,9.657201280450636
Real Madrid 2026-27,86.4,8.918670524079179,8.87944237800967,9.520731565175655
Real Madrid 2026-27,86.4,9.042620217838936,9.010535774779699,9.584589413240456
Real Madrid 2026-27,86.2,9.203123341872823,9.182441520100198,9.674667027616321
Real Madrid 2026-27,86.2,9.166010190013136,9.144193586552134,9.658729150667103
Real Madrid 2026-27,86.2,9.246488418714486,9.226055881684609,9.689046619039152
Real Madrid 2026-27,86.4,8.904315649264639,8.867646239468597,9.524746082058464
Real Madrid 2026-27,86.4,9.170870842227053,9.150879158693126,9.66631350485142
Real Madrid 2026-27,86.3,9.024010873316298,8.995665611610162,9.591562460254409
Real Madrid 2026-27,86.4,9.233594132225795,9.213862533249461,9.687275587798283
Real Madrid 2026-27,86.5,9.130928871635568,9.109278892502875,9.647946534894238
Real Madrid 2026-27,86.5,9.098822033174054,9.07209148256498,9.620845643782568
Real Madrid 2026-27,86.2,9.226035529414577,9.205929068990915,9.683753418850936
Real Madrid 2026-27,86.6,9.12450764034832,9.103596392188775,9.648505281773286
Real Madrid 2026-27,86.3,9.232351243098643,9.21482225374514,9.694197234444987
Real Madrid 2026-27,86.3,9.086601220688882,9.056377338408005,9.605136330361965
Real Madrid 2026-27,86.3,9.08049968277204,9.05508368409338,9.61878404551254
Real Madrid 2026-27,86.2,9.044049169104218,9.006548288754942,9.563774222216686
Real Madrid 2026-27,86.2,9.153024692488756,9.1315791485666,9.655624680919274
Real Madrid 2026-27,86.2,9.239251200697552,9.218874732315864,9.68759660286622
Real Madrid 2026-27,86.5,9.194337378088399,9.17123761879511,9.663761783505347
Real Madrid 2026-27,86.6,9.287848435015007,9.26989077062965,9.710256554977526
Real Madrid 2026-27,86.2,9.095354079393429,9.06760584668702,9.616203375778598
Real Madrid 2026-27,86.3,8.97803966527066,8.935060716653934,9.525923317557552
Real Madrid 2026-27,86.3,9.304267956004285,9.286433229987308,9.716052671413795
Real Madrid 2026-27,86.5,9.489128342415356,9.479976458320216,9.8042847694031
Real Madrid 2026-27,86.4,9.17269160821595,9.148714180418164,9.653069448488491
Real Madrid 2026-27,86.5,9.06937106387855,9.034204218567885,9.58142791736289
Real Madrid 2026-27,86.6,9.039400458155392,9.014178090843405,9.60702423558388
Real Madrid 2026-27,86.3,9.132472127023304,9.112745872308805,9.654981450203532
Real Madrid 2026-27,86.5,9.21175010240927,9.189508553138879,9.671783134624988
Real Madrid 2026-27,86.6,9.234065432893168,9.21822458197678,9.700223808552476
Real Madrid 2026-27,86.3,9.051734197965049,9.022565125479478,9.597597317053447
Real Madrid 2026-27,86.2,9.248695658904861,9.23027203410794,9.69666093646912
Real Madrid 2026-27,86.4,9.093714787523165,9.065026983382353,9.61278802982116
Real Madrid 2026-27,86.4,9.178219040375664,9.157050610977587,9.664658718994337
Real Madrid 2026-27,86.5,9.211198373780658,9.193030666453616,9.685228503338736
Real Madrid 2026-27,86.2,9.056831771180514,9.02514835044705,9.589850825577761
Real Madrid 2026-27,86.2,9.301490136048686,9.285640710238056,9.7222732224
Real Madrid 2026-27,86.2,8.922168781108162,8.876288273092968,9.49817158541656
Real Madrid 2026-27,86.3,9.225256691043874,9.207754590312518,9.69194016930875
Real Madrid 2026-27,86.2,8.994188382340774,8.96049920799706,9.563849590920762
Real Madrid 2026-27,86.4,9.14922613210986,9.12475915560828,9.64488269274198
Real Madrid 2026-27,86.6,9.17160043562992,9.147889630793317,9.653854407915926
Real Madrid 2026-27,86.6,9.192282079418206,9.172845016587491,9.674647750432399
Real Madrid 2026-27,86.6,9.100105167337118,9.070351694659147,9.609320666269527
Real Madrid 2026-27,86.2,9.019075122555883,8.991816473723826,9.593564620657805
Real Madrid 2026-27,86.3,9.14814281000109,9.127646618155827,9.65750078074873
Real Madrid 2026-27,86.3,9.077967585284926,9.048130716534367,9.603695641868205
Real Madrid 2026-27,86.2,9.003742967740303,8.970818748158775,9.567938573312823
Real Madrid 2026-27,86.6,9.318877839012485,9.30462253562551,9.732659994798702
Real Madrid 2026-27,86.5,9.05810501594248,9.02209406422464,9.573511945333246
Real Madrid 2026-27,86.4,9.173085870524634,9.153939370418428,9.669930309439833
Real Madrid 2026-27,86.3,9.02506391787143,8.994601004393353,9.58488757188261
Real Madrid 2026-27,86.6,9.049651166556732,9.020647989875615,9.597532084750359
Real Madrid 2026-27,86.3,9.05260592441685,9.01720307569566,9.574565871945692
Real Madrid 2026-27,86.2,8.92592775061252,8.885439113949158,9.51764759314
Real Madrid 2026-27,86.3,9.1165265161152,9.087155378301196,9.617664374056929
Real Madrid 2026-27,86.4,9.064858591413161,9.038460596514383,9.611246278253576
Real Madrid 2026-27,86.4,9.279489705619444,9.263748620717344,9.71545303581898
Real Madrid 2026-27,86.5,8.89660567114685,8.848329243692755,9.481452567803167
Real Madrid 2026-27,86.6,9.388113698447118,9.375703405484693,9.761016487355715
Real Madrid 2026-27,86.3,9.09730238356134,9.070674627397503,9.620332915556482
Real Madrid 2026-27,86.5,9.17809010069432,9.154305653628104,9.656364312743088
Real Madrid 2026-27,86.2,9.087920120435985,9.058516303610835,9.6081845912753
Real Madrid 2026-27,86.6,9.239002311909454,9.216697968405844,9.680042707495451
Real Madrid 2026-27,86.3,9.16176800891747,9.140902777908362,9.660598017274822
Real Madrid 2026-27,86.5,9.218148668874356,9.197702906040275,9.680181628462103
Real Madrid 2026-27,86.3,9.193402686396237,9.171610804429749,9.667810901030796
Real Madrid 2026-27,86.5,9.140320919520665,9.117945869618918,9.648705943735383
Real Madrid 2026-27,86.4,9.1223812388336,9.092516543411392,9.615908775272201
Real Madrid 2026-27,86.5,8.995387958202144,8.967845401300798,9.585298723214736
Real Madrid 2026-27,86.2,9.148234499894901,9.126557471735625,9.653643724074799
Real Madrid 2026-27,86.2,9.102793982644679,9.074335049933161,9.615354407927594
Real Madrid 2026-27,86.4,9.180632255103795,9.156348346482963,9.654927359076876
Real Madrid 2026-27,86.3,9.091020064001942,9.064642214725191,9.61893061846785
Real Madrid 2026-27,86.6,9.393148384314872,9.380803593083819,9.763041507600668
Real Madrid 2026-27,86.2,8.868081070992634,8.831123663859003,9.51286682449876
Real Madrid 2026-27,86.5,9.333649971248576,9.318521670825131,9.734786258023078
Real Madrid 2026-27,86.2,9.111423130510708,9.088262525559244,9.63691716919243
Real Madrid 2026-27,86.5,9.117782496487417,9.097710226963555,9.649143297471763
Real Madrid 2026-27,86.3,9.215956702975443,9.196114121026485,9.681388929262303
Real Madrid 2026-27,86.3,9.07785541033283,9.050209750363004,9.610946851126872
Real Madrid 2026-27,86.3,9.110759808179159,9.08778148198531,9.637134045926961
Real Madrid 2026-27,86.3,9.091289032010936,9.064091725359258,9.616240064601511
Real Madrid 2026-27,86.5,9.140185201598115,9.119909353946843,9.655683855622573
Real Madrid 2026-27,86.6,8.933752726570903,8.89245998110353,9.517943980893781
Real Madrid 2026-27,86.4,9.306600849221542,9.28938008977246,9.719047596231283
Real Madrid 2026-27,86.2,9.044374610673833,9.014222649361216,9.591393087148212
Real Madrid 2026-27,86.6,8.916094937445207,8.87783497736654,9.522817762534835
Real Madrid 2026-27,86.5,8.840573247862084,8.79521748975886,9.474783636587029
Real Madrid 2026-27,86.4,9.3114552464402,9.296695813270807,9.72887276979263
Real Madrid 2026-27,86.2,9.315349324823638,9.299517120138848,9.726789646644056
Real Madrid 2026-27,86.2,9.01922644666781,8.990969019241632,9.590094730814949
Real Madrid 2026-27,86.2,9.140507554030162,9.11815097085161,9.648689960771474
Real Madrid 2026-27,86.3,9.125583305228904,9.098627022171108,9.62860688762227
Real Madrid 2026-27,86.2,9.193796528270148,9.174712813230494,9.676421150471933
Real Madrid 2026-27,86.3,9.068394521899366,9.03973715204315,9.60502017828928
Real Madrid 2026-27,86.2,9.2233581348161,9.203981154362062,9.685409887750868
Real Madrid 2026-27,86.5,9.123824433596685,9.095639739811801,9.624186298768523
Real Madrid 2026-27,86.4,9.153813527257222,9.129308781840013,9.64588079143076
Real Madrid 2026-27,86.3,9.061793623881472,9.034565645869922,9.607333609917438
Real Madrid 2026-27,86.4,9.193024371685215,9.167976097855433,9.656577463040108
Real Madrid 2026-27,86.4,9.023198481802599,8.995710871401982,9.593998767925008
Real Madrid 2026-27,86.3,9.300673454948639,9.282655052007488,9.714818983645294
Real Madrid 2026-27,86.3,9.159590540417323,9.137040868648649,9.65427430332458
Real Madrid 2026-27,86.5,9.107329276626261,9.07612906084115,9.60840813179576
Real Madrid 2026-27,86.2,9.106017598642017,9.079047868527956,9.621967108456815
Real Madrid 2026-27,86.3,9.152332409591322,9.125381323516475,9.637407275886776
Real Madrid 2026-27,86.2,8.87924265793009,8.832948641610914,9.482642963289763
Real Madrid 2026-27,86.3,9.369165536786264,9.354569835642238,9.747816711367989
Real Madrid 2026-27,86.5,9.305711649827185,9.288300524544029,9.718089044241903
Real Madrid 2026-27,86.3,8.781274867421542,8.72347001586358,9.406124314861493
Real Madrid 2026-27,86.5,8.895546090947699,8.857093596312174,9.515206245220266
Real Madrid 2026-27,86.3,9.110335075554485,9.082407948295721,9.620103499207088
Real Madrid 2026-27,86.5,9.172502014227653,9.151994790028471,9.66513572676029
Real Madrid 2026-27,86.3,9.14917087588623,9.127421662760204,9.653654760661743
Real Madrid 2026-27,86.4,9.038670403416209,9.001211367992903,9.564296004715628
Real Madrid 2026-27,86.2,9.328274995751817,9.312876831885024,9.732058567627185
Real Madrid 2026-27,86.4,9.073475561608124,9.04446209942498,9.60491783444148
Real Madrid 2026-27,86.2,9.078669400691052,9.054608771322755,9.623454155104177
Real Madrid 2026-27,86.4,9.10857413952584,9.076885018223978,9.60731086509646
Real Madrid 2026-27,86.5,8.992541920092291,8.949698689360277,9.528483476228134
Real Madrid 2026-27,86.2,9.156551208143739,9.133882145071855,9.652435093286334
Real Madrid 2026-27,86.4,9.330036533412038,9.314390611146035,9.731355929414736
Real Madrid 2026-27,86.3,9.100532221538957,9.07081763645076,9.611537526820866
Real Madrid 2026-27,86.4,9.121410092699419,9.095220672289116,9.630018790309283
Real Madrid 2026-27,86.6,9.06818853271364,9.036533878110204,9.593052119628453
Real Madrid 2026-27,86.5,9.366267473467682,9.351616233834944,9.746845207221511
Real Madrid 2026-27,86.2,9.160629092644024,9.137242359686278,9.651613351598135
Real Madrid 2026-27,86.2,9.077958193486594,9.051579491041487,9.615238860273138
Real Madrid 2026-27,86.4,8.884374505733547,8.842029081035138,9.496933685001517
Real Madrid 2026-27,86.2,9.007365685739625,8.978845712608027,9.585492675367068
Real Madrid 2026-27,86.3,9.105589236442324,9.084138908430393,9.640579968164595
Real Madrid 2026-27,86.2,9.086961119094997,9.060572653522748,9.61786654263458
Real Madrid 2026-27,86.6,9.159564563055909,9.137227351719423,9.65449066397335
Real Madrid 2026-27,86.2,9.028302749661458,9.000884641921555,9.596113512951996
Real Madrid 2026-27,86.4,9.081975005420512,9.051423599695589,9.60135056605848
Real Madrid 2026-27,86.3,9.03801552386698,9.000513344282965,9.563228084860787
Real Madrid 2026-27,86.2,9.299087822731206,9.28364717552651,9.722667798285974
Real Madrid 2026-27,86.6,9.110765545948212,9.087966486581383,9.637926981457426
Real Madrid 2026-27,86.3,9.30349424446463,9.290129230096897,9.730587632486339
Real Madrid 2026-27,86.4,9.136880037089764,9.110274119839323,9.633431156647038
Real Madrid 2026-27,86.2,9.139909856328218,9.11449839308964,9.638499852913267
Real Madrid 2026-27,86.3,8.977310650557078,8.9479964091613,9.573281726592755
Real Madrid 2026-27,86.3,9.181833676621851,9.154910359453117,9.645576109692717
Real Madrid 2026-27,86.4,9.042992928040174,9.010834639153234,9.583687380702239
Real Madrid 2026-27,86.3,9.307719819679514,9.291755014820406,9.72361234735522
Real Madrid 2026-27,86.5,9.115428713305548,9.090622512525554,9.632367374935443
Real Madrid 2026-27,86.6,9.153788729192428,9.129103605274317,9.645405707390008
Real Madrid 2026-27,86.6,9.215439640549572,9.19584996340436,9.682211252466336
Real Madrid 2026-27,86.5,9.146951278308647,9.122999232904569,9.64554793828225
Real Madrid 2026-27,86.2,9.31353221985977,9.299375540870702,9.731278240603169
Real Madrid 2026-27,86.2,8.96543308302675,8.928914962044512,9.544319714723787
Real Madrid 2026-27,86.5,9.118794210613718,9.096029935115347,9.640276423743376
Real Madrid 2026-27,86.6,8.991492336132703,8.95503447808668,9.552987989136492
Real Madrid 2026-27,86.2,9.186934056883407,9.159962386193957,9.648024426360887
Real Madrid 2026-27,86.4,9.385973128115415,9.372571307540078,9.757065203815277
Real Madrid 2026-27,86.2,9.27877694596117,9.260938889834332,9.707954915654039
Real Madrid 2026-27,86.3,9.258193104712412,9.237008840126702,9.690471720938373
Real Madrid 2026-27,86.2,9.123759818723485,9.100832900826498,9.641286700815956
Real Madrid 2026-27,86.5,9.047087830426864,9.019615284693357,9.601998313171466
Real Madrid 2026-27,86.5,9.100794216580024,9.070770004718778,9.610372072784347
Real Madrid 2026-27,86.4,9.051078565861099,9.015214374611272,9.571433310479327
Real Madrid 2026-27,86.5,9.223743493842282,9.204831757532935,9.686710186271247
Real Madrid 2026-27,86.4,8.851090884170318,8.808609881654597,9.487742546017099
Real Madrid 2026-27,86.2,9.007372487026053,8.970790871418004,9.556345364217458
Real Madrid 2026-27,86.6,9.07396085777775,9.043549647676205,9.599196589462585
Real Madrid 2026-27,86.6,9.122694823440904,9.09272602909247,9.616934153730734
Real Madrid 2026-27,86.4,9.33304064127077,9.317650795141287,9.733934462303326
Real Madrid 2026-27,86.5,8.936580829484901,8.89839463486129,9.527948184587336
Real Madrid 2026-27,86.4,9.134880100562288,9.109742653045718,9.637575522073071
Real Madrid 2026-27,86.5,9.315238546140385,9.300755651765716,9.730796075389406
Real Madrid 2026-27,86.5,9.197561477287431,9.175842605309963,9.668268490685573
Real Madrid 2026-27,86.2,9.261332084475082,9.240264641713418,9.69206340342308
Real Madrid 2026-27,86.3,8.983090374961723,8.948138719891476,9.554640796188892
Real Madrid 2026-27,86.2,9.28710952498485,9.270043173926517,9.713495427294413
Real Madrid 2026-27,86.2,9.314553285022779,9.298839681878913,9.726410227899873
Real Madrid 2026-27,86.2,9.057259621418423,9.02612661339719,9.591499930097807
Real Madrid 2026-27,86.3,9.159412279599374,9.141185611706941,9.668524329323853
Real Madrid 2026-27,86.5,8.653894194045543,8.59679921338215,9.373922480696175
Real Madrid 2026-27,86.4,9.165830367229601,9.14178477773094,9.651006172478729
Real Madrid 2026-27,86.2,9.032591564310984,8.999340865951101,9.57710812100723
Real Madrid 2026-27,86.4,8.94957793873661,8.907970394749304,9.520822986250565
Real Madrid 2026-27,86.2,9.155895502384613,9.131514058191158,9.645847563640448
Real Madrid 2026-27,86.2,9.145556261180744,9.124223678605482,9.65352669312509
Real Madrid 2026-27,86.3,9.171211380916732,9.15181475888435,9.668451382124628
Real Madrid 2026-27,86.6,9.327591920150264,9.313676015430401,9.736857855244974
Real Madrid 2026-27,86.5,9.1338369255804,9.09810383604277,9.59618672241443
Real Madrid 2026-27,86.4,9.125968299534456,9.103557600515089,9.644071673521506
Real Madrid 2026-27,86.5,9.293794001030594,9.277431277717906,9.717893773795277
Real Madrid 2026-27,86.5,8.95748524360796,8.922317691374595,9.546951218148047
Real Madrid 2026-27,86.6,9.246827154889589,9.221885371612402,9.674190177403585
Real Madrid 2026-27,86.3,9.193602149777133,9.167640184225931,9.653587100709512
Real Madrid 2026-27,86.4,9.222387017964099,9.202251579616217,9.681779833110145
Real Madrid 2026-27,86.5,9.101825618535102,9.078651182618785,9.633759599779152
Real Madrid 2026-27,86.5,9.275330773767237,9.258100897632275,9.709441065220023
Real Madrid 2026-27,86.5,8.912693699501501,8.877264431961585,9.531687625871644
Real Madrid 2026-27,86.2,8.935128767550491,8.899852363166637,9.538703956932782
Real Madrid 2026-27,86.5,8.918828705168053,8.880868258518372,9.52373599986429
Real Madrid 2026-27,86.4,9.17134908856806,9.147266465524455,9.651768625755722
Real Madrid 2026-27,86.4,9.057161177706138,9.029582114375895,9.604736690992299
Real Madrid 2026-27,86.4,9.095202530964691,9.071105615617356,9.62847274573872
Real Madrid 2026-27,86.4,9.282869119178395,9.26585033576988,9.712479935325632
Real Madrid 2026-27,86.4,9.106774479047841,9.079617766868582,9.621295125875019
Real Madrid 2026-27,86.2,8.955248324949515,8.9193651653117,9.543684829735314
Real Madrid 2026-27,86.3,9.085703045671027,9.05522123823504,9.603874960276796
Real Madrid 2026-27,86.4,9.173070274278398,9.14656985215909,9.645074266759806
Real Madrid 2026-27,86.4,9.003475856822616,8.970151194816331,9.56781914414414
Real Madrid 2026-27,86.4,8.932813863021353,8.894689914501779,9.527957260710513
Real Madrid 2026-27,86.4,9.116258466463808,9.083512312781272,9.603727205743354
Real Madrid 2026-27,86.4,9.211604109447846,9.192547931492655,9.68255319214027
Real Madrid 2026-27,86.6,9.197676171958303,9.17470760653449,9.665318969082344
Real Madrid 2026-27,86.2,9.114407527909492,9.088539718593456,9.628911282394153
Real Madrid 2026-27,86.2,8.88592586923181,8.843501315824007,9.498286397630366
Real Madrid 2026-27,86.3,9.23939547110111,9.221244473689513,9.694321772724695
Real Madrid 2026-27,86.5,8.942885555333778,8.904069537326468,9.527651586523728
Real Madrid 2026-27,86.3,9.156600723923283,9.132498509647444,9.648236909488574
Real Madrid 2026-27,86.6,8.859663557558475,8.814848551830393,9.480879431078982
Real Madrid 2026-27,86.5,9.346633436036331,9.334063388613608,9.7472248647793
Real Madrid 2026-27,86.6,9.060615202028012,9.03268257720011,9.604743792887444
Real Madrid 2026-27,86.4,9.197513541531436,9.178550342756651,9.678010779749851
Real Madrid 2026-27,86.4,8.872949315786915,8.83027333758734,9.49360705580936
Real Madrid 2026-27,86.4,9.147904780989277,9.123626845555826,9.645143942193332
Real Madrid 2026-27,86.5,9.298057617715905,9.280417488644789,9.714884373166235
Real Madrid 2026-27,86.4,9.015615145123324,8.983417897517981,9.574399463459022
Real Madrid 2026-27,86.6,9.059128332865093,9.029625919375736,9.59897283318939
Real Madrid 2026-27,86.3,9.204304637369823,9.184843808695732,9.678816400139741
Real Madrid 2026-27,86.4,9.053134721325577,9.02867734154916,9.613730263728025
Real Madrid 2026-27,86.3,9.291926463726824,9.27557512691595,9.717281322553603
Real Madrid 2026-27,86.2,9.08760665280825,9.060548630574077,9.616019915656322
Real Madrid 2026-27,86.5,9.16250424823011,9.14219251954213,9.66259930100714
Real Madrid 2026-27,86.4,9.341148919081606,9.326401277707228,9.738650457333527
Real Madrid 2026-27,86.3,9.038859450630133,9.008579883166588,9.588894560156477
Real Madrid 2026-27,86.4,9.256291408542975,9.237108102532641,9.696437907839222
Real Madrid 2026-27,86.5,9.19181725720542,9.17029447815722,9.667818996764712
Real Madrid 2026-27,86.2,9.144339275971253,9.11794685897378,9.636281133693348
Real Madrid 2026-27,86.6,9.150509469074535,9.124244405807183,9.63820824676622
Real Madrid 2026-27,86.4,9.076915896686353,9.049731075509396,9.611984005725137
Real Madrid 2026-27,86.5,9.076841466219571,9.05239063947312,9.62152711035385
Real Madrid 2026-27,86.3,9.082146774689942,9.053010511231275,9.60620752389732
Real Madrid 2026-27,86.2,9.136399659625683,9.116781913140242,9.656617569543005
Real Madrid 2026-27,86.3,9.218225002743887,9.196022815667721,9.674253011152846
Real Madrid 2026-27,86.5,9.21118460353531,9.191949939215963,9.68146217135485
Real Madrid 2026-27,86.2,9.235360109957417,9.217424376420704,9.693154347014774
Real Madrid 2026-27,86.6,9.027532027523968,8.996748739815787,9.584061244503525
Real Madrid 2026-27,86.3,9.120533806261708,9.094835860784507,9.631334407035359
Real Madrid 2026-27,86.4,9.018432988534233,8.985556507323684,9.574223918925275
Real Madrid 2026-27,86.5,8.951781971395826,8.917398890949869,9.547793143402487
Real Madrid 2026-27,86.5,9.175232463837656,9.154026446149656,9.663899426555266
Real Madrid 2026-27,86.2,9.075350898750257,9.048419186501828,9.611937040992952
Real Madrid 2026-27,86.2,9.039760384855246,9.008670633681405,9.587427716810383
Real Madrid 2026-27,86.3,9.178260904538751,9.155624559187709,9.660154983144725
Real Madrid 2026-27,86.6,9.234554484238608,9.21734811723178,9.696014478367111
Real Madrid 2026-27,86.3,8.945852657721812,8.898303405588468,9.499159018431136
Real Madrid 2026-27,86.4,9.259290115923127,9.239216608935022,9.694653879912892
Real Madrid 2026-27,86.4,9.2968890806517,9.28084142027282,9.720124516541055
Real Madrid 2026-27,86.2,9.136961984132268,9.112952130995605,9.64231421508327
Real Madrid 2026-27,86.4,9.280304902198539,9.26189166055152,9.706699622304683
Real Madrid 2026-27,86.4,9.146245311310778,9.124454972134131,9.652469968637915
Real Madrid 2026-27,86.6,9.060539441365709,9.030476799092732,9.59657940974087
Real Madrid 2026-27,86.3,8.764886293307276,8.711525346741826,9.421719471354391
Real Madrid 2026-27,86.5,9.128433029262027,9.098114761457115,9.618250706874466
Real Madrid 2026-27,86.2,8.994387371347067,8.950397767365208,9.524065284271144
Real Madrid 2026-27,86.2,8.991437225359533,8.961026771024482,9.573749840432805
Real Madrid 2026-27,86.6,9.288395003775255,9.270296561572405,9.71066414094476
Real Madrid 2026-27,86.2,9.377067398438239,9.36481837098855,9.75810330395768
Real Madrid 2026-27,86.2,8.85305703399046,8.81296532421622,9.497055373760379
Real Madrid 2026-27,86.3,9.018322130885355,8.976244279278486,9.542359532347387
Real Madrid 2026-27,86.3,8.930165234067504,8.89050438892144,9.521996427342762
Real Madrid 2026-27,86.5,9.15012257167621,9.122723427044363,9.635168712055629
Real Madrid 2026-27,86.2,9.133843401547741,9.105416244470293,9.624129691329937
Real Madrid 2026-27,86.2,8.95635213624154,8.91667172520686,9.528829583635295
Real Madrid 2026-27,86.4,9.090578102897833,9.063736157103826,9.617169273872113
Real Madrid 2026-27,86.6,9.176245697079858,9.152936479611501,9.656706306239645
Real Madrid 2026-27,86.5,9.098747670748246,9.068332285363566,9.60841155903811
Real Madrid 2026-27,86.4,9.14746927675827,9.12449803074459,9.649056067230227
Real Madrid 2026-27,86.3,9.320139057561898,9.30471229152009,9.729647218381327
Real Madrid 2026-27,86.2,9.108588583227007,9.082426444540749,9.625609792248817
Real Madrid 2026-27,86.3,9.186052964028647,9.165785086126316,9.670122640027529
Real Madrid 2026-27,86.2,9.353505261562312,9.340783473704114,9.748837108593602
Real Madrid 2026-27,86.4,9.152566689153016,9.124503858618866,9.63319745947287
Real Madrid 2026-27,86.2,9.23473421888182,9.214200456935242,9.685310963406739
Real Madrid 2026-27,86.5,9.317300766338937,9.300410988129059,9.724051010231975
Real Madrid 2026-27,86.2,9.261546793784335,9.243337333665114,9.701600705367973
Real Madrid 2026-27,86.3,9.079995732316187,9.051622318196765,9.60931786561204
Real Madrid 2026-27,86.6,9.194459287238333,9.172336168816734,9.667086845931552
Real Madrid 2026-27,86.2,9.1188948877179,9.087729826093826,9.612732001444153
Real Madrid 2026-27,86.3,9.16805484734432,9.141022705382603,9.641986774484547
Real Madrid 2026-27,86.6,9.11128557879389,9.086575424441632,9.631016016258986
Real Madrid 2026-27,86.3,8.915379162930673,8.880643658673167,9.534683822180131
Real Madrid 2026-27,86.4,9.291095201432224,9.271467285506,9.706311382170409
Real Madrid 2026-27,86.6,9.230944955357689,9.211553750771403,9.687573157065508
Real Madrid 2026-27,86.2,9.17081285920706,9.148292659478397,9.657703884142732
Real Madrid 2026-27,86.6,9.111210598542115,9.08810973520871,9.636814030835517
Real Madrid 2026-27,86.4,8.919864360302645,8.880729535350989,9.52090446787546
Real Madrid 2026-27,86.2,8.97574893481841,8.940491425526599,9.551852252368429
Real Madrid 2026-27,86.3,9.048272662169127,9.015085375751983,9.58242514940144
Real Madrid 2026-27,86.4,9.222917985285381,9.202912250150883,9.683174768763497
Real Madrid 2026-27,86.6,9.274048410257912,9.256751354777833,9.708399356945627
Real Madrid 2026-27,86.4,9.153162022386944,9.126381966557414,9.637034176912069
Real Madrid 2026-27,86.2,9.122284616714346,9.10011875319887,9.64358803856019
Real Madrid 2026-27,86.2,9.202346176464678,9.18035317330603,9.669876376991816
Real Madrid 2026-27,86.2,9.1826540766858,9.159812446918593,9.660986807497206
Real Madrid 2026-27,86.4,8.941332222745121,8.909660789377075,9.554088481874047
Real Madrid 2026-27,86.3,9.011520761674795,8.981385345767453,9.581428237210298
Real Madrid 2026-27,86.2,9.196280467401733,9.168672099582325,9.64744573264242
Real Madrid 2026-27,86.4,9.077432332213098,9.050027283193558,9.611446819609764
Real Madrid 2026-27,86.4,9.212016239626164,9.19361288450464,9.684705033060649
Real Madrid 2026-27,86.5,9.1558672892945,9.13061626262154,9.644204873428967
Real Madrid 2026-27,86.3,8.880812895350305,8.841688225293838,9.508823586602725
Real Madrid 2026-27,86.3,9.137231984472784,9.116068091349788,9.651833326434055
Real Madrid 2026-27,86.4,9.106150408371636,9.076409568397915,9.613304009073055
Real Madrid 2026-27,86.2,8.916681084466008,8.874202993133789,9.50818131429362
Real Madrid 2026-27,86.4,9.003636572510583,8.975579799846244,9.585646470830564
Real Madrid 2026-27,86.4,9.081233987260218,9.054436748363768,9.614944399059869
Real Madrid 2026-27,86.4,9.079958172676934,9.051674194753213,9.609337150309248
Real Madrid 2026-27,86.6,9.097876099286996,9.069818098912755,9.615959708025805
Real Madrid 2026-27,86.2,9.269007469993124,9.249131848706128,9.698064540281322
Real Madrid 2026-27,86.4,9.284784163347766,9.266383482433492,9.708046753744227
Real Madrid 2026-27,86.4,8.970757136476344,8.929354502528712,9.529146463205883
Real Madrid 2026-27,86.6,9.0647742128204,9.031871042943981,9.58905798765238
Real Madrid 2026-27,86.3,9.13644356514672,9.108097227797007,9.627855445548004
Real Madrid 2026-27,86.3,9.073573867993458,9.043665457426467,9.601699650921603
Real Madrid 2026-27,86.5,8.9532593710903,8.915454560987431,9.536010904615635
Real Madrid 2026-27,86.6,9.000765087234159,8.966245931888947,9.563074280777666
Real Madrid 2026-27,86.6,9.169992861876853,9.143217001078458,9.643483962772624
Real Madrid 2026-27,86.3,8.944524185746234,8.908384491328679,9.539355197258265
Real Madrid 2026-27,86.6,9.167723223102136,9.144323267831496,9.653967865462478
Real Madrid 2026-27,86.3,9.313322025816861,9.297679639036149,9.726539127594679
Real Madrid 2026-27,86.2,9.262491354187976,9.247049698995212,9.710637275513678
Real Madrid 2026-27,86.5,9.171283725437261,9.146916077283834,9.651786970801526
Real Madrid 2026-27,86.4,9.143863667826285,9.121599475868265,9.649810345763312
Real Madrid 2026-27,86.4,9.258265695102565,9.234254071037121,9.680400593616609
Real Madrid 2026-27,86.3,9.192238522004699,9.170016905833233,9.665674287826588
Real Madrid 2026-27,86.6,9.28375473695057,9.260036281594017,9.689080850208995
Real Madrid 2026-27,86.4,9.20979846862571,9.189641630486832,9.678508633921876
Real Madrid 2026-27,86.4,9.206835544467094,9.183206676206286,9.665134253124254
Real Madrid 2026-27,86.2,9.269987308323465,9.249525762567226,9.69620428537603
Real Madrid 2026-27,86.3,9.105455235406723,9.081716809240216,9.632411526265754
Real Madrid 2026-27,86.4,9.241246642124887,9.220253911476934,9.685552523554104
Real Madrid 2026-27,86.4,8.756273899601535,8.709657806163836,9.443911476164947
Real Madrid 2026-27,86.5,9.131614912938101,9.111260432910399,9.652630495131657
Real Madrid 2026-27,86.2,8.8703928238103,8.82531745710295,9.484748592157946
Real Madrid 2026-27,86.6,9.28744605686996,9.27289257538278,9.721507347212155
Real Madrid 2026-27,86.6,9.13298301506397,9.107942859136354,9.637465431451936
Real Madrid 2026-27,86.5,8.949536354404513,8.91320772022627,9.539342136241737
Real Madrid 2026-27,86.2,9.173282843194121,9.149582567655411,9.654614158240681
Real Madrid 2026-27,86.5,9.142912954577877,9.119293288362204,9.645407636913557
Real Madrid 2026-27,86.4,8.967466368921311,8.932917896927382,9.551084495216447
Real Madrid 2026-27,86.3,8.875315326982822,8.838900058196336,9.516899586922543
Real Madrid 2026-27,86.4,9.083127241687727,9.057746244755082,9.620089156681766
Real Madrid 2026-27,86.4,9.258740197359456,9.243042575691403,9.708814268168428
Real Madrid 2026-27,86.5,8.973975141828346,8.941874742335608,9.562141274584562
Real Madrid 2026-27,86.6,9.006958273738988,8.973715631255008,9.567770209344008
Real Madrid 2026-27,86.2,9.184538100635013,9.164870050851434,9.671778906935046
Real Madrid 2026-27,86.2,9.238605544572088,9.220128042084516,9.69303348735722
Real Madrid 2026-27,86.3,9.30862635788847,9.292365698839502,9.722833620358447
Real Madrid 2026-27,86.4,9.269229241055319,9.25386142275325,9.713021426565934
Real Madrid 2026-27,86.5,9.307369986514512,9.2909700257432,9.722006582327753
Real Madrid 2026-27,86.4,9.260598373910709,9.24236340837623,9.70105352008482
Real Madrid 2026-27,86.3,8.984716076152685,8.944794206061115,9.538348631962242
Real Madrid 2026-27,86.4,9.064777918524115,9.039693595604414,9.615385722425296
Real Madrid 2026-27,86.5,9.267216376980944,9.247454360075977,9.698170539526998
Real Madrid 2026-27,86.5,9.233067425765576,9.21074586698387,9.678481960393855
Real Madrid 2026-27,86.6,9.198747277579807,9.179949554402814,9.679176121675745
Real Madrid 2026-27,86.3,8.95765958303944,8.923058611432225,9.548766375265142
Real Madrid 2026-27,86.5,9.04347036029648,9.011764752814882,9.585818225052476
Real Madrid 2026-27,86.5,9.0842220714159,9.051819706180247,9.593981274761237
Real Madrid 2026-27,86.2,9.330635699404832,9.315679494374347,9.734520757073055
Real Madrid 2026-27,86.2,9.006108149150691,8.97298542529323,9.567576721614797
Real Madrid 2026-27,86.5,9.104559548110592,9.079085529831218,9.626820801208861
Real Madrid 2026-27,86.4,8.968132904020209,8.938744056181138,9.570399426347894
Real Madrid 2026-27,86.3,8.822905777228646,8.772438968507306,9.449746218732717
Real Madrid 2026-27,86.2,9.04979293793781,9.021921827747462,9.601387531080402
Real Madrid 2026-27,86.5,9.319464176123564,9.30263184462041,9.724385920334962
Real Madrid 2026-27,86.3,9.10854287327844,9.085149310678805,9.635198497964142
Real Madrid 2026-27,86.2,9.051814683125075,9.024260092355595,9.602786120752304
Real Madrid 2026-27,86.3,9.053954144742281,9.022522630996711,9.590468405978845
Real Madrid 2026-27,86.5,9.119213723658286,9.097335615467408,9.643531677212398
Real Madrid 2026-27,86.4,9.231350941103898,9.20752156611249,9.673392948026239
Real Madrid 2026-27,86.5,9.22229650902202,9.203877460105916,9.687943257129671
Real Madrid 2026-27,86.4,8.954871921165761,8.921886451160354,9.553342599875982
Real Madrid 2026-27,86.2,8.918804595605543,8.879096346074471,9.517512827966588
Real Madrid 2026-27,86.2,8.995273235441667,8.959529756481476,9.556835199323553
Real Madrid 2026-27,86.2,8.971922388604007,8.939878478980665,9.562358617704218
Real Madrid 2026-27,86.3,9.365328805092016,9.353473288403384,9.755418397937728
Real Madrid 2026-27,86.3,9.090709675489691,9.062637960796714,9.613663914527839
Real Madrid 2026-27,86.5,9.08755301203334,9.057761662093553,9.607117422481048
Real Madrid 2026-27,86.4,9.20823280886729,9.185121930795756,9.667175311288702
Real Madrid 2026-27,86.3,9.016490451583564,8.98427871387205,9.575566671114613
Real Madrid 2026-27,86.4,9.006377181368663,8.973549893637703,9.570251772291936
Real Madrid 2026-27,86.6,9.231520209499118,9.20987145174294,9.68036988966606
Real Madrid 2026-27,86.2,9.067593338383018,9.039162032205546,9.604730269050032
Real Madrid 2026-27,86.6,8.942318612743357,8.904476673019095,9.53188090686821
Real Madrid 2026-27,86.4,9.133847120130856,9.108731982283953,9.637527130424637
Real Madrid 2026-27,86.4,9.002901521859695,8.97038918761645,9.570266339241051
Real Madrid 2026-27,86.6,9.217528451254033,9.198858456696586,9.685796563737982
Real Madrid 2026-27,86.5,9.161306766130767,9.13983368138812,9.658484315708192
Real Madrid 2026-27,86.5,9.00501177355977,8.966220761036633,9.549011401986027
Real Madrid 2026-27,86.6,9.03686342617026,9.00485726587236,9.581277367236432
Real Madrid 2026-27,86.6,8.925574069249503,8.893296293081036,9.547125916707012
Real Madrid 2026-27,86.2,9.078374391607788,9.04993875073284,9.608716812394663
Real Madrid 2026-27,86.5,8.760815824228878,8.703229707769957,9.403446675769272
Real Madrid 2026-27,86.3,9.215773636904327,9.197935281562671,9.68771304669975
Real Madrid 2026-27,86.3,9.199604176438497,9.17845900485782,9.671644114360511
Real Madrid 2026-27,86.3,9.202216128692866,9.183066807297621,9.679142789661594
Real Madrid 2026-27,86.2,9.16459571331461,9.14436769932049,9.663665857501897
Real Madrid 2026-27,86.2,9.023681869575274,8.99435504900001,9.587679458455709
Real Madrid 2026-27,86.5,9.09529009970305,9.071827934721776,9.630577505963313
Real Madrid 2026-27,86.2,9.007462440068634,8.976008945034826,9.575692442144533
Real Madrid 2026-27,86.5,9.013238967032798,8.984531039927232,9.58650918812067
Real Madrid 2026-27,86.2,9.245226339935009,9.229240403167008,9.703307539642562
Real Madrid 2026-27,86.6,9.07323595178262,9.045532368050432,9.609295982352782
Real Madrid 2026-27,86.5,9.293065604188936,9.2759110655009,9.714765056761701
Real Madrid 2026-27,86.4,9.027208593775843,8.999434839360426,9.594358728179158
Real Madrid 2026-27,86.2,9.1008320695624,9.074039330700415,9.620959439864706
Real Madrid 2026-27,86.3,9.417753404464989,9.404677990293766,9.76850815847617
Real Madrid 2026-27,86.6,9.16106389024159,9.137555161598678,9.651507501235
Real Madrid 2026-27,86.4,8.999909014625839,8.958785954016742,9.537830346132552
Real Madrid 2026-27,86.4,9.170360975697978,9.149830983875821,9.664581907014522
Real Madrid 2026-27,86.4,9.146103538314737,9.121443394673664,9.64257771431964
Real Madrid 2026-27,86.5,9.287695849196773,9.269254485402573,9.708860829040285
Real Madrid 2026-27,86.5,9.030489287055731,9.001998984226674,9.59309904052056
Real Madrid 2026-27,86.5,9.123191577127498,9.09533987626558,9.623799984309485
Real Madrid 2026-27,86.2,9.062638559215499,9.0375536294742,9.614689656809094
Real Madrid 2026-27,86.2,9.051005956848815,9.021615518205051,9.596605854148038
Real Madrid 2026-27,86.4,8.894129379213803,8.841206218257355,9.464249284670272
Real Madrid 2026-27,86.6,9.018920351931097,8.988956968883324,9.58393117783066
Real Madrid 2026-27,86.3,8.770312312952598,8.725402092734129,9.45395880761784
Real Madrid 2026-27,86.6,9.414041227024043,9.399819276269913,9.763595706615774
Real Madrid 2026-27,86.2,9.37378623341264,9.356044067923788,9.739002679278014
Real Madrid 2026-27,86.3,9.09573590436729,9.068558210424296,9.6176676550936
Real Madrid 2026-27,86.3,9.151218037796538,9.130925952307276,9.659037868372813
Real Madrid 2026-27,86.3,9.028471834734251,8.995287573376572,9.57563982169455
Real Madrid 2026-27,86.3,9.356976832586948,9.337626460228227,9.728005114696964
Real Madrid 2026-27,86.4,9.20014739805053,9.179540384262276,9.674060440115722
Real Madrid 2026-27,86.2,9.239046965040995,9.220138104182306,9.691592092822479
Real Madrid 2026-27,86.5,9.290079660935916,9.274907636692411,9.720555342071005
Real Madrid 2026-27,86.4,8.998095127111792,8.962746822620426,9.559149862647143
Real Madrid 2026-27,86.4,9.090676798295522,9.059833828729502,9.603398714338894
Real Madrid 2026-27,86.2,9.110677701079652,9.08863055486744,9.6403312031774
Real Madrid 2026-27,86.2,9.298399583905379,9.277205979495081,9.703369854690338
Real Madrid 2026-27,86.3,9.05656473953089,9.024980820128354,9.589258549768816
Real Madrid 2026-27,86.6,9.056357979960538,9.028824377327012,9.604606712087271
Real Madrid 2026-27,86.6,9.036482533555395,8.99850986947867,9.562471441144583
Real Madrid 2026-27,86.6,9.006267351876193,8.972782099711223,9.568152890404187
Real Madrid 2026-27,86.4,9.257327994613378,9.240204335862432,9.703296024219066
Real Madrid 2026-27,86.2,9.296267623184715,9.278765868150424,9.71486617113725
Real Madrid 2026-27,86.3,9.383241453631898,9.370167137845938,9.757462101742396
Real Madrid 2026-27,86.2,9.342013329672112,9.329020943928382,9.744333507166045
Real Madrid 2026-27,86.2,9.014019003663304,8.985681267807559,9.588572582820547
Real Madrid 2026-27,86.4,9.088421007010378,9.058194279580766,9.605030367585579
Real Madrid 2026-27,86.6,9.24412747350847,9.228504761570832,9.704240880041265
Real Madrid 2026-27,86.2,8.986686840147195,8.94469526725101,9.532426182568468
Real Madrid 2026-27,86.2,9.11218121646407,9.083677353755421,9.61919374708738
Real Madrid 2026-27,86.2,8.871028747780333,8.829322890626608,9.49507953482681
Real Madrid 2026-27,86.2,9.171479301705467,9.150772181694098,9.664301053686215
Real Madrid 2026-27,86.5,9.167720366561946,9.146468042710179,9.66113615946994
Real Madrid 2026-27,86.2,9.19854296327145,9.17847033892434,9.675133273751195
Real Madrid 2026-27,86.2,9.038104861450583,9.003376404036844,9.573874999790938
Real Madrid 2026-27,86.3,9.314891212606291,9.299082595511706,9.72665510734523
Real Madrid 2026-27,86.2,9.16099105415745,9.135210233441814,9.644149433252906
Real Madrid 2026-27,86.2,9.22366628411988,9.204017684397241,9.684712932947201
Real Madrid 2026-27,86.4,9.275080594713865,9.257363973896338,9.707694177276062
Real Madrid 2026-27,86.3,9.213598676663082,9.192046771991759,9.675318235129868
Real Madrid 2026-27,86.5,9.023956338258857,8.992381679691967,9.57870111905169
Real Madrid 2026-27,86.4,9.098646941785924,9.071756263782747,9.620280348617193
Real Madrid 2026-27,86.3,9.123933258389885,9.094894512008665,9.620397567277264
Real Madrid 2026-27,86.6,9.036308643793697,9.009975985505621,9.602100784613645
Real Madrid 2026-27,86.3,9.236619452161234,9.214906939922068,9.68138657350843
Real Madrid 2026-27,86.4,9.248886513335796,9.228571674856854,9.69032454521379
Real Madrid 2026-27,86.2,9.251311263722442,9.233163033424788,9.698548551666384
Real Madrid 2026-27,86.6,9.369400230233758,9.357046498342793,9.75530110901483
Real Madrid 2026-27,86.4,9.068022071848796,9.043478217571847,9.618321037733498
Real Madrid 2026-27,86.2,8.874801157850067,8.839675831607186,9.5212599592007
Real Madrid 2026-27,86.2,9.060244951867563,9.035709243588443,9.61560112248748
Real Madrid 2026-27,86.6,9.112462139791171,9.090054110154446,9.639535289805165
Real Madrid 2026-27,86.2,8.957603250858568,8.92201385990618,9.545733701766675
Real Madrid 2026-27,86.4,9.136386543622807,9.115334444222736,9.65159679757756
Real Madrid 2026-27,86.2,9.29490338932977,9.277430373886713,9.714412660273686
Real Madrid 2026-27,86.4,9.312197315818008,9.296020203107332,9.724849881585468
Real Madrid 2026-27,86.4,9.033420824378615,9.001894671808287,9.582676210890558
Real Madrid 2026-27,86.3,9.195222712045151,9.169784541893382,9.656301527070054
Real Madrid 2026-27,86.5,9.281817109372767,9.264677472941294,9.711495699507656
Real Madrid 2026-27,86.5,9.286061095857614,9.268667911531836,9.711587014732178
Real Madrid 2026-27,86.6,9.256733916932742,9.238886873208209,9.701049203649855
Real Madrid 2026-27,86.2,9.319827512126249,9.302684543482192,9.723462240549289
Real Madrid 2026-27,86.3,8.889839941593461,8.852427114270244,9.517523008300033
Real Madrid 2026-27,86.2,9.152365468413128,9.130170144925938,9.652793250931772
Real Madrid 2026-27,86.3,9.323994228613016,9.312221287874571,9.742253714332733
Real Madrid 2026-27,86.5,8.935365161262004,8.900462906558056,9.540586778266565
Real Madrid 2026-27,86.3,9.187795844080995,9.166467665207573,9.666827020050535
Real Madrid 2026-27,86.3,9.073149599796347,9.048660230050013,9.62030491727658
Real Madrid 2026-27,86.3,8.760349750630626,8.712116612517876,9.438385102797133
Real Madrid 2026-27,86.6,9.195580763160626,9.171618120559543,9.661581649420533
Real Madrid 2026-27,86.4,9.22674569120987,9.210341018126162,9.696059747480199
Real Madrid 2026-27,86.6,9.208649931953785,9.1902847211765,9.683946903512112
Real Madrid 2026-27,86.6,9.246183331985865,9.226829332659513,9.692820647471898
Real Madrid 2026-27,86.6,9.162570992503284,9.142784969148133,9.664289968787465
Real Madrid 2026-27,86.3,9.144562912397223,9.119872852472039,9.642293126465255
Real Madrid 2026-27,86.5,8.886938736910714,8.839207488565947,9.478942240005678
Real Madrid 2026-27,86.6,9.103568856564804,9.076283851967727,9.619993639935227
Real Madrid 2026-27,86.4,9.030089124508056,9.0013228137209,9.59147463841494
Real Madrid 2026-27,86.6,9.180053492671776,9.15681497496706,9.658495850059117
Real Madrid 2026-27,86.6,9.088710196299651,9.062973735913824,9.620867237096835
Real Madrid 2026-27,86.3,9.092295912585028,9.067892327491535,9.626450650659608
Real Madrid 2026-27,86.3,9.35302419270787,9.337577576556509,9.739888936063984
Real Madrid 2026-27,86.6,9.243984667069153,9.228749222258964,9.70543904328537
Real Madrid 2026-27,86.3,8.975561874047823,8.943324839250703,9.562280935628046
Real Madrid 2026-27,86.2,8.92683144498936,8.892437627904542,9.539509921758702
Real Madrid 2026-27,86.6,9.123540774467788,9.095022536996515,9.621231024714916
Real Madrid 2026-27,86.4,9.09393843611012,9.064313251268057,9.609815101879962
Real Madrid 2026-27,86.2,9.193909009996663,9.174774881809237,9.67652654083948
Real Madrid 2026-27,86.6,9.194792791720698,9.176877882285122,9.680800280419747
Real Madrid 2026-27,86.5,9.102836757791104,9.077656781724759,9.626782898848422
Real Madrid 2026-27,86.5,8.904421796647352,8.869191717352379,9.52967300754228
Real Madrid 2026-27,86.3,9.212156630529392,9.192298357064272,9.680205837841873
Real Madrid 2026-27,86.4,8.891560957253693,8.840781471802442,9.467223763819588
Real Madrid 2026-27,86.2,9.040095550755009,9.005679389294773,9.576456109513911
Real Madrid 2026-27,86.3,9.012311753357503,8.980175721939487,9.574855075190289
Real Madrid 2026-27,86.4,8.93600824989257,8.90190453848576,9.5438268618373
Real Madrid 2026-27,86.6,9.134784191842304,9.109463244740066,9.637163420258721
Real Madrid 2026-27,86.4,9.160607986768788,9.139802573768183,9.660322428285141
Real Madrid 2026-27,86.2,8.71649622731943,8.66826945693484,9.425870984094246
Real Madrid 2026-27,86.3,8.9001049227713,8.864152353529796,9.52633987613212
Real Madrid 2026-27,86.6,9.064786453369937,9.035575805194501,9.60123772082142
Real Madrid 2026-27,86.5,9.148474429559425,9.126490959557454,9.65270137319287
Real Madrid 2026-27,86.3,9.13405821712852,9.109630644754901,9.639224531792845
Real Madrid 2026-27,86.4,9.000665392071442,8.964656666202647,9.557148761754894
Real Madrid 2026-27,86.2,9.209805723010362,9.191829602600748,9.685522673860367
Real Madrid 2026-27,86.3,9.031359149838673,8.99793794413017,9.575177673783571
Real Madrid 2026-27,86.4,8.987905482801148,8.954400041787634,9.562717501415307
Real Madrid 2026-27,86.6,8.969063906611664,8.932613631377949,9.546175166722819
Real Madrid 2026-27,86.2,8.833076745775765,8.790059998008129,9.479586629207931
Real Madrid 2026-27,86.2,9.104189223426788,9.076218596713368,9.618161249254046
Real Madrid 2026-27,86.2,9.062729011549257,9.028421032544989,9.581546392054198
Real Madrid 2026-27,86.4,9.174000200314191,9.154382338112567,9.66861976291846
Real Madrid 2026-27,86.2,9.25445880813358,9.236115924964501,9.698708044653062
Real Madrid 2026-27,86.4,9.195764028616653,9.172023174583039,9.661151729372925
Real Madrid 2026-27,86.5,9.295506365148649,9.278720186395455,9.71674114413609
Real Madrid 2026-27,86.3,9.117102056174048,9.093225197759658,9.636146909347799
Real Madrid 2026-27,86.4,8.991279698107721,8.957141215523308,9.560742736733298
Real Madrid 2026-27,86.3,9.217540698140747,9.197397179023511,9.680938479152317
Real Madrid 2026-27,86.4,9.271241039504117,9.250554595116823,9.696316196419819
Real Madrid 2026-27,86.4,9.142977970907221,9.118052787875884,9.640084888856563
Real Madrid 2026-27,86.6,9.20433628630745,9.186922690903133,9.685712301846847
Real Madrid 2026-27,86.5,9.065384607002965,9.034665043280253,9.59535247086661
Real Madrid 2026-27,86.3,9.188921090376883,9.16426451734312,9.656084699797091
Real Madrid 2026-27,86.5,9.03260871366857,9.002344195866453,9.587924989566813
Real Madrid 2026-27,86.4,9.171263351996767,9.148762148713134,9.65819198301601
Real Madrid 2026-27,86.4,9.222381959314554,9.202950250472197,9.684643352414524
Real Madrid 2026-27,86.2,9.116155080611536,9.089979016728238,9.627870997288081
Real Madrid 2026-27,86.2,8.993305008957226,8.964796434140412,9.581365097167652
Real Madrid 2026-27,86.2,9.247832737654196,9.227691584742342,9.69018038213736
Real Madrid 2026-27,86.6,9.215672234786506,9.19926699058671,9.692542298541333
Real Madrid 2026-27,86.4,9.309307030801707,9.296803344082381,9.73534201845991
Real Madrid 2026-27,86.2,9.017647421146046,8.990322185449392,9.59270593387013
Real Madrid 2026-27,86.5,9.283017087720635,9.267404480531988,9.716632021920544
Real Madrid 2026-27,86.2,9.062097384985373,9.031199909661037,9.594800924274304
Real Madrid 2026-27,86.3,9.193965096989542,9.169801274894992,9.660036759439798
Real Madrid 2026-27,86.4,9.337105880915335,9.32367910971567,9.741111518057197
Real Madrid 2026-27,86.3,8.957986428812482,8.925033867179158,9.555050847666367
Real Madrid 2026-27,86.2,9.009582783747872,8.971291615360082,9.552891091378001
Real Madrid 2026-27,86.2,9.246479135523913,9.231751327943211,9.707818764764745
Real Madrid 2026-27,86.4,9.005896662459032,8.976028009554426,9.58077648790632
Real Madrid 2026-27,86.3,9.3260651362355,9.311169783366026,9.733014598824761
Real Madrid 2026-27,86.4,9.121764631772965,9.093798114784429,9.624177034148452
Real Madrid 2026-27,86.4,8.901843416267672,8.861814712036818,9.511777554860817
Real Madrid 2026-27,86.6,9.021115086266152,8.99173857280267,9.586858486697231
Real Madrid 2026-27,86.2,8.984171345419492,8.95084888972,9.561413641270722
Real Madrid 2026-27,86.3,9.201175877725769,9.182128241488856,9.67930083669459
Real Madrid 2026-27,86.6,9.02040872481736,8.989715561308449,9.58121967939401
Real Madrid 2026-27,86.2,9.20464874663858,9.178221265268217,9.65507641344165
Real Madrid 2026-27,86.3,9.010268864158144,8.975836898553677,9.566337892570251
Real Madrid 2026-27,86.3,8.986695622084378,8.953990441153843,9.563685817660684
Real Madrid 2026-27,86.4,9.162793790987928,9.14312343583026,9.66478353592689
Real Madrid 2026-27,86.4,9.030193714796917,8.998592674730645,9.58171978936399
Real Madrid 2026-27,86.4,9.075985394258883,9.044847607643142,9.597754274772088
Real Madrid 2026-27,86.6,9.067927001283739,9.04400965591072,9.620115240410792
Real Madrid 2026-27,86.3,9.26906230299548,9.250906148468243,9.703507706375241
Real Madrid 2026-27,86.2,9.169954011649379,9.141566072736794,9.637204272423695
Real Madrid 2026-27,86.4,9.001523448813863,8.968036672348532,9.56721561721655
Real Madrid 2026-27,86.2,9.202691075890545,9.182090441653298,9.674877909203175
Real Madrid 2026-27,86.4,9.011851012030235,8.981235409060975,9.580104849552004
Real Madrid 2026-27,86.4,8.903425074136088,8.86324956185099,9.51234426091424
Real Madrid 2026-27,86.4,9.201449341207514,9.179045300722585,9.6682618444809
Real Madrid 2026-27,86.4,9.126675674901005,9.098457912878358,9.624597085878017
Real Madrid 2026-27,86.2,9.270111680790196,9.252320933787221,9.705182335371315
Real Madrid 2026-27,86.2,8.966408735382291,8.933284367878635,9.556862136621406
Real Madrid 2026-27,86.4,9.345620008810922,9.330527051613469,9.738685099656022
Real Madrid 2026-27,86.3,9.233057837219457,9.21197317064732,9.682791577017325
Real Madrid 2026-27,86.5,9.380396066112459,9.366397768192613,9.75355981074465
Real Madrid 2026-27,86.5,9.189623583514448,9.16362452477075,9.652620829085382
Real Madrid 2026-27,86.3,9.200953214742306,9.178505512753665,9.667357789418693
Real Madrid 2026-27,86.2,9.150236921975344,9.128137450442221,9.652818724069249
Real Madrid 2026-27,86.6,9.131335143229515,9.106573672296319,9.637832114253001
Real Madrid 2026-27,86.4,9.298512256347378,9.285249528219277,9.729375493436953
Real Madrid 2026-27,86.3,9.181840952416016,9.159095485993811,9.66069948910381
Real Madrid 2026-27,86.5,9.044901639831096,9.0129753566227,9.585737870870041
Real Madrid 2026-27,86.4,9.122817426564332,9.100180748959522,9.642410180483331
Real Madrid 2026-27,86.5,9.23419973606789,9.215811152703322,9.691992705095064
Real Madrid 2026-27,86.3,9.249765516753826,9.23035306293518,9.69381595468276
Real Madrid 2026-27,86.6,9.015043517208687,8.988441022491958,9.594598346492289
Real Madrid 2026-27,86.4,9.191177775142275,9.168365102560863,9.66364865429437
Real Madrid 2026-27,86.2,9.344338315707185,9.329086469014676,9.737931227963685
Real Madrid 2026-27,86.2,9.179498428153837,9.157398486256795,9.66166326476997
Real Madrid 2026-27,86.5,9.29500170368453,9.2808470070576,9.725230683587899
Real Madrid 2026-27,86.6,9.274991000897492,9.256911717274033,9.706165065681729
Real Madrid 2026-27,86.5,9.211968819327724,9.192615250767652,9.681593949061448
Real Madrid 2026-27,86.5,9.229810494986978,9.213118557443082,9.69574616598061
Real Madrid 2026-27,86.5,9.139675421967885,9.114707410892379,9.638739898496683
Real Madrid 2026-27,86.3,9.08769238064728,9.064404439833183,9.628483938754071
Real Madrid 2026-27,86.3,9.16440785211442,9.138898114869688,9.645775165181487
Real Madrid 2026-27,86.5,9.171094181212263,9.147031161244133,9.652651663393533
Real Madrid 2026-27,86.3,9.064450976633676,9.039573295711335,9.616136086827561
Real Madrid 2026-27,86.6,9.18346966067879,9.161509497998281,9.663998640640624
Real Madrid 2026-27,86.4,9.116431121122218,9.088770321984658,9.623508010713781
Real Madrid 2026-27,86.2,9.303998147707965,9.29029780289967,9.729518484450274
Real Madrid 2026-27,86.2,9.267591489945296,9.251100422110277,9.709000823576
Real Madrid 2026-27,86.2,9.131811800308899,9.107411872932932,9.639475084425369
Real Madrid 2026-27,86.4,8.998691982567017,8.966949546483788,9.571947086615927
Real Madrid 2026-27,86.2,9.09540741471344,9.05842239955796,9.583233453043663
Real Madrid 2026-27,86.4,9.011505790825062,8.978231810219544,9.570168643984978
Real Madrid 2026-27,86.5,9.032218202253686,8.997919199454094,9.572134430096416
Real Madrid 2026-27,86.5,9.10374790847715,9.075547836700379,9.617438378263657
Real Madrid 2026-27,86.4,9.247184336034994,9.228083751863483,9.693536497016092
Real Madrid 2026-27,86.2,9.097641461746063,9.068442358956718,9.610665663867934
Real Madrid 2026-27,86.5,9.163126396927902,9.142509818737198,9.661950339420976
Real Madrid 2026-27,86.4,9.168171653577508,9.141027917287165,9.642027550467327
Real Madrid 2026-27,86.3,9.166392826656773,9.138737192184415,9.639529937522575
Real Madrid 2026-27,86.2,9.179225544552507,9.154225610054622,9.651769480503823
Real Madrid 2026-27,86.2,8.777613223543765,8.726825674495224,9.4356738446882
Real Madrid 2026-27,86.5,9.03069758725493,9.002989621188398,9.595860337243483
Real Madrid 2026-27,86.3,9.167282633994061,9.142301774715035,9.648912197930795
Real Madrid 2026-27,86.2,9.185782674185488,9.162743242188348,9.660836853709236
Real Madrid 2026-27,86.3,9.188152469717775,9.162429335943491,9.65225899692184
Real Madrid 2026-27,86.6,9.173058207444319,9.15195171360428,9.663549986597552
Real Madrid 2026-27,86.6,9.27693590849908,9.259518270304811,9.708939912841894
Real Madrid 2026-27,86.3,9.257687921852106,9.240043904913438,9.702321251640598
Real Madrid 2026-27,86.5,9.157133130919707,9.131710821210715,9.643794990644132
Real Madrid 2026-27,86.5,8.91294916709753,8.874168544313983,9.520290518789135
Real Madrid 2026-27,86.4,9.144981756408493,9.122237062987747,9.649067279841862
Real Madrid 2026-27,86.5,9.059503376354508,9.02718830002062,9.589072745827439
Real Madrid 2026-27,86.4,9.017436630816679,8.989333773234165,9.590205195411341
Real Madrid 2026-27,86.3,8.977877399733146,8.944102603159354,9.557954903339922
Real Madrid 2026-27,86.4,9.06557860800929,9.039411007509212,9.61206070671009
Real Madrid 2026-27,86.6,8.767689972991281,8.717900350418965,9.436253510549115
Real Madrid 2026-27,86.2,8.937040733717012,8.895453728909539,9.518413284009013
Real Madrid 2026-27,86.2,9.336129283720032,9.321624440520242,9.737772161473291
Real Madrid 2026-27,86.3,9.338454009188336,9.321483325757756,9.730486258613638
Real Madrid 2026-27,86.3,8.707653967626669,8.64774948469812,9.378051845260478
Real Madrid 2026-27,86.6,9.247731110877607,9.22919466379616,9.695585863339963
Real Madrid 2026-27,86.5,9.245679013302883,9.226967997858788,9.694448375576151
Real Madrid 2026-27,86.4,9.111217694242336,9.084241194016947,9.624135680609424
Real Madrid 2026-27,86.5,9.3109280388456,9.291200973903106,9.712551893397212
Real Madrid 2026-27,86.6,9.143475356335877,9.119647830883956,9.644845312671945
Real Madrid 2026-27,86.2,9.380662211175144,9.364610785591678,9.746487386437352
Real Madrid 2026-27,86.4,9.243123103910055,9.221281485596803,9.68306597369451
Real Madrid 2026-27,86.4,8.813002390333963,8.76480330625104,9.454759345223021
