Formation,Complementarity Function,Gamma,slot_index,Formation Slot,player_index,Player Key,Name,Position,OVR,Role Fit,Role Adjusted Quality,PAC,PAC Percentile,SHO,SHO Percentile,PAS,PAS Percentile,DRI,DRI Percentile,DEF,DEF Percentile,PHY,PHY Percentile
4-3-3,sqrt,0.0,0,LB,42,252145,Nuno Mendes,Left Back,86.0,0.99502880398078,0.8589311928558677,95.0,0.9995788409703504,65.0,0.7434299191374663,76.0,0.9648332210242587,82.0,0.984332884097035,80.0,0.9880390835579514,77.0,0.8747051886792453
4-3-3,sqrt,0.0,1,CB1,4,203376,Virgil van Dijk,Center Back,90.0,0.9961802750195612,0.8991405618794013,73.0,0.612449460916442,60.0,0.5613207547169812,72.0,0.910377358490566,72.0,0.8008338948787062,90.0,1.0,87.0,0.9988207547169812
4-3-3,sqrt,0.0,2,CB2,21,232580,Gabriel,Center Back,88.0,0.9997095821450804,0.8799361080719177,64.0,0.2726162398921833,44.0,0.23269036388140163,64.0,0.66661051212938,65.0,0.44326987870619944,88.0,0.9997894204851752,84.0,0.991661051212938
4-3-3,sqrt,0.0,3,RB,8,235212,Achraf Hakimi,Right Back,89.0,0.8337612402261589,0.8530118759503204,92.0,0.9960832210242587,79.0,0.985427897574124,82.0,0.993766846361186,83.0,0.9884181266846361,82.0,0.9939353099730458,79.0,0.928108153638814
4-3-3,sqrt,0.0,4,DM,29,256079,Moisés Caicedo,Defensive Midfielder,87.0,0.9827188664274614,0.8662413534479729,71.0,0.5314605795148248,64.0,0.7079262129380054,78.0,0.9788999326145552,81.0,0.9784787735849056,84.0,0.9973466981132075,82.0,0.9767941374663073
4-3-3,sqrt,0.0,5,CM1,11,251854,Pedri,Central Midfielder,89.0,0.8770553125530485,0.8626448070430534,77.0,0.7560646900269542,73.0,0.9365313342318059,85.0,0.9979363207547169,91.0,0.9997894204851752,78.0,0.9791947439353099,77.0,0.8747051886792453
4-3-3,sqrt,0.0,6,CM2,10,255253,Vitinha,Central Midfielder,89.0,0.795899749002126,0.8445876941529731,72.0,0.5712601078167115,80.0,0.9888814016172507,86.0,0.998862870619946,90.0,0.9993682614555256,75.0,0.9551886792452831,70.0,0.5805677223719676
4-3-3,sqrt,0.0,7,LW,15,238794,Vini Jr.,Left Winger,89.0,0.804790673085482,0.8465659247615198,95.0,0.9995788409703504,84.0,0.9978520889487871,81.0,0.9917452830188679,91.0,0.9997894204851752,29.0,0.10335242587601078,69.0,0.5345771563342318
4-3-3,sqrt,0.0,8,RW,0,209331,Mohamed Salah,Right Midfielder,91.0,0.6368583257414466,0.827385269106179,89.0,0.9816374663072777,88.0,0.9994103773584906,86.0,0.998862870619946,90.0,0.9993682614555256,45.0,0.29274764150943394,76.0,0.8431182614555256
4-3-3,sqrt,0.0,9,ST,6,239085,Erling Haaland,Striker,90.0,0.9999611285147314,0.8999912539158146,86.0,0.9560731132075472,91.0,0.9999157681940701,70.0,0.866576819407008,80.0,0.9699292452830188,45.0,0.29274764150943394,88.0,0.9994946091644205
4-3-3,sqrt,0.05,0,LB,42,252145,Nuno Mendes,Left Back,86.0,0.99502880398078,0.8589311928558677,95.0,0.9995788409703504,65.0,0.7434299191374663,76.0,0.9648332210242587,82.0,0.984332884097035,80.0,0.9880390835579514,77.0,0.8747051886792453
4-3-3,sqrt,0.05,1,CB1,4,203376,Virgil van Dijk,Center Back,90.0,0.9961802750195612,0.8991405618794013,73.0,0.612449460916442,60.0,0.5613207547169812,72.0,0.910377358490566,72.0,0.8008338948787062,90.0,1.0,87.0,0.9988207547169812
4-3-3,sqrt,0.05,2,CB2,21,232580,Gabriel,Center Back,88.0,0.9997095821450804,0.8799361080719177,64.0,0.2726162398921833,44.0,0.23269036388140163,64.0,0.66661051212938,65.0,0.44326987870619944,88.0,0.9997894204851752,84.0,0.991661051212938
4-3-3,sqrt,0.05,3,RB,8,235212,Achraf Hakimi,Right Back,89.0,0.8337612402261589,0.8530118759503204,92.0,0.9960832210242587,79.0,0.985427897574124,82.0,0.993766846361186,83.0,0.9884181266846361,82.0,0.9939353099730458,79.0,0.928108153638814
4-3-3,sqrt,0.05,4,DM,29,256079,Moisés Caicedo,Defensive Midfielder,87.0,0.9827188664274614,0.8662413534479729,71.0,0.5314605795148248,64.0,0.7079262129380054,78.0,0.9788999326145552,81.0,0.9784787735849056,84.0,0.9973466981132075,82.0,0.9767941374663073
4-3-3,sqrt,0.05,5,CM1,11,251854,Pedri,Central Midfielder,89.0,0.8770553125530485,0.8626448070430534,77.0,0.7560646900269542,73.0,0.9365313342318059,85.0,0.9979363207547169,91.0,0.9997894204851752,78.0,0.9791947439353099,77.0,0.8747051886792453
4-3-3,sqrt,0.05,6,CM2,10,255253,Vitinha,Central Midfielder,89.0,0.795899749002126,0.8445876941529731,72.0,0.5712601078167115,80.0,0.9888814016172507,86.0,0.998862870619946,90.0,0.9993682614555256,75.0,0.9551886792452831,70.0,0.5805677223719676
4-3-3,sqrt,0.05,7,LW,15,238794,Vini Jr.,Left Winger,89.0,0.804790673085482,0.8465659247615198,95.0,0.9995788409703504,84.0,0.9978520889487871,81.0,0.9917452830188679,91.0,0.9997894204851752,29.0,0.10335242587601078,69.0,0.5345771563342318
4-3-3,sqrt,0.05,8,RW,0,209331,Mohamed Salah,Right Midfielder,91.0,0.6368583257414466,0.827385269106179,89.0,0.9816374663072777,88.0,0.9994103773584906,86.0,0.998862870619946,90.0,0.9993682614555256,45.0,0.29274764150943394,76.0,0.8431182614555256
4-3-3,sqrt,0.05,9,ST,6,239085,Erling Haaland,Striker,90.0,0.9999611285147314,0.8999912539158146,86.0,0.9560731132075472,91.0,0.9999157681940701,70.0,0.866576819407008,80.0,0.9699292452830188,45.0,0.29274764150943394,88.0,0.9994946091644205
4-3-3,sqrt,0.1,0,LB,42,252145,Nuno Mendes,Left Back,86.0,0.99502880398078,0.8589311928558677,95.0,0.9995788409703504,65.0,0.7434299191374663,76.0,0.9648332210242587,82.0,0.984332884097035,80.0,0.9880390835579514,77.0,0.8747051886792453
4-3-3,sqrt,0.1,1,CB1,4,203376,Virgil van Dijk,Center Back,90.0,0.9961802750195612,0.8991405618794013,73.0,0.612449460916442,60.0,0.5613207547169812,72.0,0.910377358490566,72.0,0.8008338948787062,90.0,1.0,87.0,0.9988207547169812
4-3-3,sqrt,0.1,2,CB2,21,232580,Gabriel,Center Back,88.0,0.9997095821450804,0.8799361080719177,64.0,0.2726162398921833,44.0,0.23269036388140163,64.0,0.66661051212938,65.0,0.44326987870619944,88.0,0.9997894204851752,84.0,0.991661051212938
4-3-3,sqrt,0.1,3,RB,8,235212,Achraf Hakimi,Right Back,89.0,0.8337612402261589,0.8530118759503204,92.0,0.9960832210242587,79.0,0.985427897574124,82.0,0.993766846361186,83.0,0.9884181266846361,82.0,0.9939353099730458,79.0,0.928108153638814
4-3-3,sqrt,0.1,4,DM,29,256079,Moisés Caicedo,Defensive Midfielder,87.0,0.9827188664274614,0.8662413534479729,71.0,0.5314605795148248,64.0,0.7079262129380054,78.0,0.9788999326145552,81.0,0.9784787735849056,84.0,0.9973466981132075,82.0,0.9767941374663073
4-3-3,sqrt,0.1,5,CM1,11,251854,Pedri,Central Midfielder,89.0,0.8770553125530485,0.8626448070430534,77.0,0.7560646900269542,73.0,0.9365313342318059,85.0,0.9979363207547169,91.0,0.9997894204851752,78.0,0.9791947439353099,77.0,0.8747051886792453
4-3-3,sqrt,0.1,6,CM2,10,255253,Vitinha,Central Midfielder,89.0,0.795899749002126,0.8445876941529731,72.0,0.5712601078167115,80.0,0.9888814016172507,86.0,0.998862870619946,90.0,0.9993682614555256,75.0,0.9551886792452831,70.0,0.5805677223719676
4-3-3,sqrt,0.1,7,LW,15,238794,Vini Jr.,Left Winger,89.0,0.804790673085482,0.8465659247615198,95.0,0.9995788409703504,84.0,0.9978520889487871,81.0,0.9917452830188679,91.0,0.9997894204851752,29.0,0.10335242587601078,69.0,0.5345771563342318
4-3-3,sqrt,0.1,8,RW,0,209331,Mohamed Salah,Right Midfielder,91.0,0.6368583257414466,0.827385269106179,89.0,0.9816374663072777,88.0,0.9994103773584906,86.0,0.998862870619946,90.0,0.9993682614555256,45.0,0.29274764150943394,76.0,0.8431182614555256
4-3-3,sqrt,0.1,9,ST,6,239085,Erling Haaland,Striker,90.0,0.9999611285147314,0.8999912539158146,86.0,0.9560731132075472,91.0,0.9999157681940701,70.0,0.866576819407008,80.0,0.9699292452830188,45.0,0.29274764150943394,88.0,0.9994946091644205
4-3-3,sqrt,0.25,0,LB,42,252145,Nuno Mendes,Left Back,86.0,0.99502880398078,0.8589311928558677,95.0,0.9995788409703504,65.0,0.7434299191374663,76.0,0.9648332210242587,82.0,0.984332884097035,80.0,0.9880390835579514,77.0,0.8747051886792453
4-3-3,sqrt,0.25,1,CB1,31,207865,Marquinhos,Center Back,87.0,0.9802460611648384,0.8657035183033523,78.0,0.7868092991913747,56.0,0.4365734501347709,75.0,0.9548096361185984,74.0,0.8688510781671159,89.0,0.9999157681940701,80.0,0.948997641509434
4-3-3,sqrt,0.25,2,CB2,4,203376,Virgil van Dijk,Center Back,90.0,0.9961802750195612,0.8991405618794013,73.0,0.612449460916442,60.0,0.5613207547169812,72.0,0.910377358490566,72.0,0.8008338948787062,90.0,1.0,87.0,0.9988207547169812
4-3-3,sqrt,0.25,3,RB,8,235212,Achraf Hakimi,Right Back,89.0,0.8337612402261589,0.8530118759503204,92.0,0.9960832210242587,79.0,0.985427897574124,82.0,0.993766846361186,83.0,0.9884181266846361,82.0,0.9939353099730458,79.0,0.928108153638814
4-3-3,sqrt,0.25,4,DM,29,256079,Moisés Caicedo,Defensive Midfielder,87.0,0.9827188664274614,0.8662413534479729,71.0,0.5314605795148248,64.0,0.7079262129380054,78.0,0.9788999326145552,81.0,0.9784787735849056,84.0,0.9973466981132075,82.0,0.9767941374663073
4-3-3,sqrt,0.25,5,CM1,11,251854,Pedri,Central Midfielder,89.0,0.8770553125530485,0.8626448070430534,77.0,0.7560646900269542,73.0,0.9365313342318059,85.0,0.9979363207547169,91.0,0.9997894204851752,78.0,0.9791947439353099,77.0,0.8747051886792453
4-3-3,sqrt,0.25,6,CM2,10,255253,Vitinha,Central Midfielder,89.0,0.795899749002126,0.8445876941529731,72.0,0.5712601078167115,80.0,0.9888814016172507,86.0,0.998862870619946,90.0,0.9993682614555256,75.0,0.9551886792452831,70.0,0.5805677223719676
4-3-3,sqrt,0.25,7,LW,15,238794,Vini Jr.,Left Winger,89.0,0.804790673085482,0.8465659247615198,95.0,0.9995788409703504,84.0,0.9978520889487871,81.0,0.9917452830188679,91.0,0.9997894204851752,29.0,0.10335242587601078,69.0,0.5345771563342318
4-3-3,sqrt,0.25,8,RW,0,209331,Mohamed Salah,Right Midfielder,91.0,0.6368583257414466,0.827385269106179,89.0,0.9816374663072777,88.0,0.9994103773584906,86.0,0.998862870619946,90.0,0.9993682614555256,45.0,0.29274764150943394,76.0,0.8431182614555256
4-3-3,sqrt,0.25,9,ST,6,239085,Erling Haaland,Striker,90.0,0.9999611285147314,0.8999912539158146,86.0,0.9560731132075472,91.0,0.9999157681940701,70.0,0.866576819407008,80.0,0.9699292452830188,45.0,0.29274764150943394,88.0,0.9994946091644205
4-3-3,sqrt,0.5,0,LB,42,252145,Nuno Mendes,Left Back,86.0,0.99502880398078,0.8589311928558677,95.0,0.9995788409703504,65.0,0.7434299191374663,76.0,0.9648332210242587,82.0,0.984332884097035,80.0,0.9880390835579514,77.0,0.8747051886792453
4-3-3,sqrt,0.5,1,CB1,31,207865,Marquinhos,Center Back,87.0,0.9802460611648384,0.8657035183033523,78.0,0.7868092991913747,56.0,0.4365734501347709,75.0,0.9548096361185984,74.0,0.8688510781671159,89.0,0.9999157681940701,80.0,0.948997641509434
4-3-3,sqrt,0.5,2,CB2,4,203376,Virgil van Dijk,Center Back,90.0,0.9961802750195612,0.8991405618794013,73.0,0.612449460916442,60.0,0.5613207547169812,72.0,0.910377358490566,72.0,0.8008338948787062,90.0,1.0,87.0,0.9988207547169812
4-3-3,sqrt,0.5,3,RB,8,235212,Achraf Hakimi,Right Back,89.0,0.8337612402261589,0.8530118759503204,92.0,0.9960832210242587,79.0,0.985427897574124,82.0,0.993766846361186,83.0,0.9884181266846361,82.0,0.9939353099730458,79.0,0.928108153638814
4-3-3,sqrt,0.5,4,DM,29,256079,Moisés Caicedo,Defensive Midfielder,87.0,0.9827188664274614,0.8662413534479729,71.0,0.5314605795148248,64.0,0.7079262129380054,78.0,0.9788999326145552,81.0,0.9784787735849056,84.0,0.9973466981132075,82.0,0.9767941374663073
4-3-3,sqrt,0.5,5,CM1,11,251854,Pedri,Central Midfielder,89.0,0.8770553125530485,0.8626448070430534,77.0,0.7560646900269542,73.0,0.9365313342318059,85.0,0.9979363207547169,91.0,0.9997894204851752,78.0,0.9791947439353099,77.0,0.8747051886792453
4-3-3,sqrt,0.5,6,CM2,14,239053,Federico Valverde,Central Midfielder,89.0,0.6911176064634604,0.82127366743812,88.0,0.9748146900269542,84.0,0.9978520889487871,84.0,0.9966307277628033,84.0,0.9919137466307277,83.0,0.995788409703504,85.0,0.9954093665768194
4-3-3,sqrt,0.5,7,LW,15,238794,Vini Jr.,Left Winger,89.0,0.804790673085482,0.8465659247615198,95.0,0.9995788409703504,84.0,0.9978520889487871,81.0,0.9917452830188679,91.0,0.9997894204851752,29.0,0.10335242587601078,69.0,0.5345771563342318
4-3-3,sqrt,0.5,8,RW,0,209331,Mohamed Salah,Right Midfielder,91.0,0.6368583257414466,0.827385269106179,89.0,0.9816374663072777,88.0,0.9994103773584906,86.0,0.998862870619946,90.0,0.9993682614555256,45.0,0.29274764150943394,76.0,0.8431182614555256
4-3-3,sqrt,0.5,9,ST,6,239085,Erling Haaland,Striker,90.0,0.9999611285147314,0.8999912539158146,86.0,0.9560731132075472,91.0,0.9999157681940701,70.0,0.866576819407008,80.0,0.9699292452830188,45.0,0.29274764150943394,88.0,0.9994946091644205
4-3-3,sqrt,1.0,0,LB,42,252145,Nuno Mendes,Left Back,86.0,0.99502880398078,0.8589311928558677,95.0,0.9995788409703504,65.0,0.7434299191374663,76.0,0.9648332210242587,82.0,0.984332884097035,80.0,0.9880390835579514,77.0,0.8747051886792453
4-3-3,sqrt,1.0,1,CB1,31,207865,Marquinhos,Center Back,87.0,0.9802460611648384,0.8657035183033523,78.0,0.7868092991913747,56.0,0.4365734501347709,75.0,0.9548096361185984,74.0,0.8688510781671159,89.0,0.9999157681940701,80.0,0.948997641509434
4-3-3,sqrt,1.0,2,CB2,4,203376,Virgil van Dijk,Center Back,90.0,0.9961802750195612,0.8991405618794013,73.0,0.612449460916442,60.0,0.5613207547169812,72.0,0.910377358490566,72.0,0.8008338948787062,90.0,1.0,87.0,0.9988207547169812
4-3-3,sqrt,1.0,3,RB,8,235212,Achraf Hakimi,Right Back,89.0,0.8337612402261589,0.8530118759503204,92.0,0.9960832210242587,79.0,0.985427897574124,82.0,0.993766846361186,83.0,0.9884181266846361,82.0,0.9939353099730458,79.0,0.928108153638814
4-3-3,sqrt,1.0,4,DM,29,256079,Moisés Caicedo,Defensive Midfielder,87.0,0.9827188664274614,0.8662413534479729,71.0,0.5314605795148248,64.0,0.7079262129380054,78.0,0.9788999326145552,81.0,0.9784787735849056,84.0,0.9973466981132075,82.0,0.9767941374663073
4-3-3,sqrt,1.0,5,CM1,14,239053,Federico Valverde,Central Midfielder,89.0,0.6911176064634604,0.82127366743812,88.0,0.9748146900269542,84.0,0.9978520889487871,84.0,0.9966307277628033,84.0,0.9919137466307277,83.0,0.995788409703504,85.0,0.9954093665768194
4-3-3,sqrt,1.0,6,CM2,11,251854,Pedri,Central Midfielder,89.0,0.8770553125530485,0.8626448070430534,77.0,0.7560646900269542,73.0,0.9365313342318059,85.0,0.9979363207547169,91.0,0.9997894204851752,78.0,0.9791947439353099,77.0,0.8747051886792453
4-3-3,sqrt,1.0,7,LW,15,238794,Vini Jr.,Left Winger,89.0,0.804790673085482,0.8465659247615198,95.0,0.9995788409703504,84.0,0.9978520889487871,81.0,0.9917452830188679,91.0,0.9997894204851752,29.0,0.10335242587601078,69.0,0.5345771563342318
4-3-3,sqrt,1.0,8,RW,0,209331,Mohamed Salah,Right Midfielder,91.0,0.6368583257414466,0.827385269106179,89.0,0.9816374663072777,88.0,0.9994103773584906,86.0,0.998862870619946,90.0,0.9993682614555256,45.0,0.29274764150943394,76.0,0.8431182614555256
4-3-3,sqrt,1.0,9,ST,6,239085,Erling Haaland,Striker,90.0,0.9999611285147314,0.8999912539158146,86.0,0.9560731132075472,91.0,0.9999157681940701,70.0,0.866576819407008,80.0,0.9699292452830188,45.0,0.29274764150943394,88.0,0.9994946091644205
4-3-3,log,0.0,0,LB,42,252145,Nuno Mendes,Left Back,86.0,0.99502880398078,0.8589311928558677,95.0,0.9995788409703504,65.0,0.7434299191374663,76.0,0.9648332210242587,82.0,0.984332884097035,80.0,0.9880390835579514,77.0,0.8747051886792453
4-3-3,log,0.0,1,CB1,4,203376,Virgil van Dijk,Center Back,90.0,0.9961802750195612,0.8991405618794013,73.0,0.612449460916442,60.0,0.5613207547169812,72.0,0.910377358490566,72.0,0.8008338948787062,90.0,1.0,87.0,0.9988207547169812
4-3-3,log,0.0,2,CB2,21,232580,Gabriel,Center Back,88.0,0.9997095821450804,0.8799361080719177,64.0,0.2726162398921833,44.0,0.23269036388140163,64.0,0.66661051212938,65.0,0.44326987870619944,88.0,0.9997894204851752,84.0,0.991661051212938
4-3-3,log,0.0,3,RB,8,235212,Achraf Hakimi,Right Back,89.0,0.8337612402261589,0.8530118759503204,92.0,0.9960832210242587,79.0,0.985427897574124,82.0,0.993766846361186,83.0,0.9884181266846361,82.0,0.9939353099730458,79.0,0.928108153638814
4-3-3,log,0.0,4,DM,29,256079,Moisés Caicedo,Defensive Midfielder,87.0,0.9827188664274614,0.8662413534479729,71.0,0.5314605795148248,64.0,0.7079262129380054,78.0,0.9788999326145552,81.0,0.9784787735849056,84.0,0.9973466981132075,82.0,0.9767941374663073
4-3-3,log,0.0,5,CM1,11,251854,Pedri,Central Midfielder,89.0,0.8770553125530485,0.8626448070430534,77.0,0.7560646900269542,73.0,0.9365313342318059,85.0,0.9979363207547169,91.0,0.9997894204851752,78.0,0.9791947439353099,77.0,0.8747051886792453
4-3-3,log,0.0,6,CM2,10,255253,Vitinha,Central Midfielder,89.0,0.795899749002126,0.8445876941529731,72.0,0.5712601078167115,80.0,0.9888814016172507,86.0,0.998862870619946,90.0,0.9993682614555256,75.0,0.9551886792452831,70.0,0.5805677223719676
4-3-3,log,0.0,7,LW,15,238794,Vini Jr.,Left Winger,89.0,0.804790673085482,0.8465659247615198,95.0,0.9995788409703504,84.0,0.9978520889487871,81.0,0.9917452830188679,91.0,0.9997894204851752,29.0,0.10335242587601078,69.0,0.5345771563342318
4-3-3,log,0.0,8,RW,0,209331,Mohamed Salah,Right Midfielder,91.0,0.6368583257414466,0.827385269106179,89.0,0.9816374663072777,88.0,0.9994103773584906,86.0,0.998862870619946,90.0,0.9993682614555256,45.0,0.29274764150943394,76.0,0.8431182614555256
4-3-3,log,0.0,9,ST,6,239085,Erling Haaland,Striker,90.0,0.9999611285147314,0.8999912539158146,86.0,0.9560731132075472,91.0,0.9999157681940701,70.0,0.866576819407008,80.0,0.9699292452830188,45.0,0.29274764150943394,88.0,0.9994946091644205
4-3-3,log,0.05,0,LB,42,252145,Nuno Mendes,Left Back,86.0,0.99502880398078,0.8589311928558677,95.0,0.9995788409703504,65.0,0.7434299191374663,76.0,0.9648332210242587,82.0,0.984332884097035,80.0,0.9880390835579514,77.0,0.8747051886792453
4-3-3,log,0.05,1,CB1,4,203376,Virgil van Dijk,Center Back,90.0,0.9961802750195612,0.8991405618794013,73.0,0.612449460916442,60.0,0.5613207547169812,72.0,0.910377358490566,72.0,0.8008338948787062,90.0,1.0,87.0,0.9988207547169812
4-3-3,log,0.05,2,CB2,21,232580,Gabriel,Center Back,88.0,0.9997095821450804,0.8799361080719177,64.0,0.2726162398921833,44.0,0.23269036388140163,64.0,0.66661051212938,65.0,0.44326987870619944,88.0,0.9997894204851752,84.0,0.991661051212938
4-3-3,log,0.05,3,RB,8,235212,Achraf Hakimi,Right Back,89.0,0.8337612402261589,0.8530118759503204,92.0,0.9960832210242587,79.0,0.985427897574124,82.0,0.993766846361186,83.0,0.9884181266846361,82.0,0.9939353099730458,79.0,0.928108153638814
4-3-3,log,0.05,4,DM,29,256079,Moisés Caicedo,Defensive Midfielder,87.0,0.9827188664274614,0.8662413534479729,71.0,0.5314605795148248,64.0,0.7079262129380054,78.0,0.9788999326145552,81.0,0.9784787735849056,84.0,0.9973466981132075,82.0,0.9767941374663073
4-3-3,log,0.05,5,CM1,11,251854,Pedri,Central Midfielder,89.0,0.8770553125530485,0.8626448070430534,77.0,0.7560646900269542,73.0,0.9365313342318059,85.0,0.9979363207547169,91.0,0.9997894204851752,78.0,0.9791947439353099,77.0,0.8747051886792453
4-3-3,log,0.05,6,CM2,10,255253,Vitinha,Central Midfielder,89.0,0.795899749002126,0.8445876941529731,72.0,0.5712601078167115,80.0,0.9888814016172507,86.0,0.998862870619946,90.0,0.9993682614555256,75.0,0.9551886792452831,70.0,0.5805677223719676
4-3-3,log,0.05,7,LW,15,238794,Vini Jr.,Left Winger,89.0,0.804790673085482,0.8465659247615198,95.0,0.9995788409703504,84.0,0.9978520889487871,81.0,0.9917452830188679,91.0,0.9997894204851752,29.0,0.10335242587601078,69.0,0.5345771563342318
4-3-3,log,0.05,8,RW,0,209331,Mohamed Salah,Right Midfielder,91.0,0.6368583257414466,0.827385269106179,89.0,0.9816374663072777,88.0,0.9994103773584906,86.0,0.998862870619946,90.0,0.9993682614555256,45.0,0.29274764150943394,76.0,0.8431182614555256
4-3-3,log,0.05,9,ST,6,239085,Erling Haaland,Striker,90.0,0.9999611285147314,0.8999912539158146,86.0,0.9560731132075472,91.0,0.9999157681940701,70.0,0.866576819407008,80.0,0.9699292452830188,45.0,0.29274764150943394,88.0,0.9994946091644205
4-3-3,log,0.1,0,LB,42,252145,Nuno Mendes,Left Back,86.0,0.99502880398078,0.8589311928558677,95.0,0.9995788409703504,65.0,0.7434299191374663,76.0,0.9648332210242587,82.0,0.984332884097035,80.0,0.9880390835579514,77.0,0.8747051886792453
4-3-3,log,0.1,1,CB1,4,203376,Virgil van Dijk,Center Back,90.0,0.9961802750195612,0.8991405618794013,73.0,0.612449460916442,60.0,0.5613207547169812,72.0,0.910377358490566,72.0,0.8008338948787062,90.0,1.0,87.0,0.9988207547169812
4-3-3,log,0.1,2,CB2,21,232580,Gabriel,Center Back,88.0,0.9997095821450804,0.8799361080719177,64.0,0.2726162398921833,44.0,0.23269036388140163,64.0,0.66661051212938,65.0,0.44326987870619944,88.0,0.9997894204851752,84.0,0.991661051212938
4-3-3,log,0.1,3,RB,8,235212,Achraf Hakimi,Right Back,89.0,0.8337612402261589,0.8530118759503204,92.0,0.9960832210242587,79.0,0.985427897574124,82.0,0.993766846361186,83.0,0.9884181266846361,82.0,0.9939353099730458,79.0,0.928108153638814
4-3-3,log,0.1,4,DM,29,256079,Moisés Caicedo,Defensive Midfielder,87.0,0.9827188664274614,0.8662413534479729,71.0,0.5314605795148248,64.0,0.7079262129380054,78.0,0.9788999326145552,81.0,0.9784787735849056,84.0,0.9973466981132075,82.0,0.9767941374663073
4-3-3,log,0.1,5,CM1,11,251854,Pedri,Central Midfielder,89.0,0.8770553125530485,0.8626448070430534,77.0,0.7560646900269542,73.0,0.9365313342318059,85.0,0.9979363207547169,91.0,0.9997894204851752,78.0,0.9791947439353099,77.0,0.8747051886792453
4-3-3,log,0.1,6,CM2,10,255253,Vitinha,Central Midfielder,89.0,0.795899749002126,0.8445876941529731,72.0,0.5712601078167115,80.0,0.9888814016172507,86.0,0.998862870619946,90.0,0.9993682614555256,75.0,0.9551886792452831,70.0,0.5805677223719676
4-3-3,log,0.1,7,LW,15,238794,Vini Jr.,Left Winger,89.0,0.804790673085482,0.8465659247615198,95.0,0.9995788409703504,84.0,0.9978520889487871,81.0,0.9917452830188679,91.0,0.9997894204851752,29.0,0.10335242587601078,69.0,0.5345771563342318
4-3-3,log,0.1,8,RW,0,209331,Mohamed Salah,Right Midfielder,91.0,0.6368583257414466,0.827385269106179,89.0,0.9816374663072777,88.0,0.9994103773584906,86.0,0.998862870619946,90.0,0.9993682614555256,45.0,0.29274764150943394,76.0,0.8431182614555256
4-3-3,log,0.1,9,ST,6,239085,Erling Haaland,Striker,90.0,0.9999611285147314,0.8999912539158146,86.0,0.9560731132075472,91.0,0.9999157681940701,70.0,0.866576819407008,80.0,0.9699292452830188,45.0,0.29274764150943394,88.0,0.9994946091644205
4-3-3,log,0.25,0,LB,42,252145,Nuno Mendes,Left Back,86.0,0.99502880398078,0.8589311928558677,95.0,0.9995788409703504,65.0,0.7434299191374663,76.0,0.9648332210242587,82.0,0.984332884097035,80.0,0.9880390835579514,77.0,0.8747051886792453
4-3-3,log,0.25,1,CB1,31,207865,Marquinhos,Center Back,87.0,0.9802460611648384,0.8657035183033523,78.0,0.7868092991913747,56.0,0.4365734501347709,75.0,0.9548096361185984,74.0,0.8688510781671159,89.0,0.9999157681940701,80.0,0.948997641509434
4-3-3,log,0.25,2,CB2,4,203376,Virgil van Dijk,Center Back,90.0,0.9961802750195612,0.8991405618794013,73.0,0.612449460916442,60.0,0.5613207547169812,72.0,0.910377358490566,72.0,0.8008338948787062,90.0,1.0,87.0,0.9988207547169812
4-3-3,log,0.25,3,RB,8,235212,Achraf Hakimi,Right Back,89.0,0.8337612402261589,0.8530118759503204,92.0,0.9960832210242587,79.0,0.985427897574124,82.0,0.993766846361186,83.0,0.9884181266846361,82.0,0.9939353099730458,79.0,0.928108153638814
4-3-3,log,0.25,4,DM,29,256079,Moisés Caicedo,Defensive Midfielder,87.0,0.9827188664274614,0.8662413534479729,71.0,0.5314605795148248,64.0,0.7079262129380054,78.0,0.9788999326145552,81.0,0.9784787735849056,84.0,0.9973466981132075,82.0,0.9767941374663073
4-3-3,log,0.25,5,CM1,11,251854,Pedri,Central Midfielder,89.0,0.8770553125530485,0.8626448070430534,77.0,0.7560646900269542,73.0,0.9365313342318059,85.0,0.9979363207547169,91.0,0.9997894204851752,78.0,0.9791947439353099,77.0,0.8747051886792453
4-3-3,log,0.25,6,CM2,10,255253,Vitinha,Central Midfielder,89.0,0.795899749002126,0.8445876941529731,72.0,0.5712601078167115,80.0,0.9888814016172507,86.0,0.998862870619946,90.0,0.9993682614555256,75.0,0.9551886792452831,70.0,0.5805677223719676
4-3-3,log,0.25,7,LW,15,238794,Vini Jr.,Left Winger,89.0,0.804790673085482,0.8465659247615198,95.0,0.9995788409703504,84.0,0.9978520889487871,81.0,0.9917452830188679,91.0,0.9997894204851752,29.0,0.10335242587601078,69.0,0.5345771563342318
4-3-3,log,0.25,8,RW,0,209331,Mohamed Salah,Right Midfielder,91.0,0.6368583257414466,0.827385269106179,89.0,0.9816374663072777,88.0,0.9994103773584906,86.0,0.998862870619946,90.0,0.9993682614555256,45.0,0.29274764150943394,76.0,0.8431182614555256
4-3-3,log,0.25,9,ST,6,239085,Erling Haaland,Striker,90.0,0.9999611285147314,0.8999912539158146,86.0,0.9560731132075472,91.0,0.9999157681940701,70.0,0.866576819407008,80.0,0.9699292452830188,45.0,0.29274764150943394,88.0,0.9994946091644205
4-3-3,log,0.5,0,LB,42,252145,Nuno Mendes,Left Back,86.0,0.99502880398078,0.8589311928558677,95.0,0.9995788409703504,65.0,0.7434299191374663,76.0,0.9648332210242587,82.0,0.984332884097035,80.0,0.9880390835579514,77.0,0.8747051886792453
4-3-3,log,0.5,1,CB1,31,207865,Marquinhos,Center Back,87.0,0.9802460611648384,0.8657035183033523,78.0,0.7868092991913747,56.0,0.4365734501347709,75.0,0.9548096361185984,74.0,0.8688510781671159,89.0,0.9999157681940701,80.0,0.948997641509434
4-3-3,log,0.5,2,CB2,4,203376,Virgil van Dijk,Center Back,90.0,0.9961802750195612,0.8991405618794013,73.0,0.612449460916442,60.0,0.5613207547169812,72.0,0.910377358490566,72.0,0.8008338948787062,90.0,1.0,87.0,0.9988207547169812
4-3-3,log,0.5,3,RB,8,235212,Achraf Hakimi,Right Back,89.0,0.8337612402261589,0.8530118759503204,92.0,0.9960832210242587,79.0,0.985427897574124,82.0,0.993766846361186,83.0,0.9884181266846361,82.0,0.9939353099730458,79.0,0.928108153638814
4-3-3,log,0.5,4,DM,29,256079,Moisés Caicedo,Defensive Midfielder,87.0,0.9827188664274614,0.8662413534479729,71.0,0.5314605795148248,64.0,0.7079262129380054,78.0,0.9788999326145552,81.0,0.9784787735849056,84.0,0.9973466981132075,82.0,0.9767941374663073
4-3-3,log,0.5,5,CM1,14,239053,Federico Valverde,Central Midfielder,89.0,0.6911176064634604,0.82127366743812,88.0,0.9748146900269542,84.0,0.9978520889487871,84.0,0.9966307277628033,84.0,0.9919137466307277,83.0,0.995788409703504,85.0,0.9954093665768194
4-3-3,log,0.5,6,CM2,11,251854,Pedri,Central Midfielder,89.0,0.8770553125530485,0.8626448070430534,77.0,0.7560646900269542,73.0,0.9365313342318059,85.0,0.9979363207547169,91.0,0.9997894204851752,78.0,0.9791947439353099,77.0,0.8747051886792453
4-3-3,log,0.5,7,LW,15,238794,Vini Jr.,Left Winger,89.0,0.804790673085482,0.8465659247615198,95.0,0.9995788409703504,84.0,0.9978520889487871,81.0,0.9917452830188679,91.0,0.9997894204851752,29.0,0.10335242587601078,69.0,0.5345771563342318
4-3-3,log,0.5,8,RW,0,209331,Mohamed Salah,Right Midfielder,91.0,0.6368583257414466,0.827385269106179,89.0,0.9816374663072777,88.0,0.9994103773584906,86.0,0.998862870619946,90.0,0.9993682614555256,45.0,0.29274764150943394,76.0,0.8431182614555256
4-3-3,log,0.5,9,ST,6,239085,Erling Haaland,Striker,90.0,0.9999611285147314,0.8999912539158146,86.0,0.9560731132075472,91.0,0.9999157681940701,70.0,0.866576819407008,80.0,0.9699292452830188,45.0,0.29274764150943394,88.0,0.9994946091644205
4-3-3,log,1.0,0,LB,42,252145,Nuno Mendes,Left Back,86.0,0.99502880398078,0.8589311928558677,95.0,0.9995788409703504,65.0,0.7434299191374663,76.0,0.9648332210242587,82.0,0.984332884097035,80.0,0.9880390835579514,77.0,0.8747051886792453
4-3-3,log,1.0,1,CB1,31,207865,Marquinhos,Center Back,87.0,0.9802460611648384,0.8657035183033523,78.0,0.7868092991913747,56.0,0.4365734501347709,75.0,0.9548096361185984,74.0,0.8688510781671159,89.0,0.9999157681940701,80.0,0.948997641509434
4-3-3,log,1.0,2,CB2,4,203376,Virgil van Dijk,Center Back,90.0,0.9961802750195612,0.8991405618794013,73.0,0.612449460916442,60.0,0.5613207547169812,72.0,0.910377358490566,72.0,0.8008338948787062,90.0,1.0,87.0,0.9988207547169812
4-3-3,log,1.0,3,RB,8,235212,Achraf Hakimi,Right Back,89.0,0.8337612402261589,0.8530118759503204,92.0,0.9960832210242587,79.0,0.985427897574124,82.0,0.993766846361186,83.0,0.9884181266846361,82.0,0.9939353099730458,79.0,0.928108153638814
4-3-3,log,1.0,4,DM,29,256079,Moisés Caicedo,Defensive Midfielder,87.0,0.9827188664274614,0.8662413534479729,71.0,0.5314605795148248,64.0,0.7079262129380054,78.0,0.9788999326145552,81.0,0.9784787735849056,84.0,0.9973466981132075,82.0,0.9767941374663073
4-3-3,log,1.0,5,CM1,11,251854,Pedri,Central Midfielder,89.0,0.8770553125530485,0.8626448070430534,77.0,0.7560646900269542,73.0,0.9365313342318059,85.0,0.9979363207547169,91.0,0.9997894204851752,78.0,0.9791947439353099,77.0,0.8747051886792453
4-3-3,log,1.0,6,CM2,14,239053,Federico Valverde,Central Midfielder,89.0,0.6911176064634604,0.82127366743812,88.0,0.9748146900269542,84.0,0.9978520889487871,84.0,0.9966307277628033,84.0,0.9919137466307277,83.0,0.995788409703504,85.0,0.9954093665768194
4-3-3,log,1.0,7,LW,15,238794,Vini Jr.,Left Winger,89.0,0.804790673085482,0.8465659247615198,95.0,0.9995788409703504,84.0,0.9978520889487871,81.0,0.9917452830188679,91.0,0.9997894204851752,29.0,0.10335242587601078,69.0,0.5345771563342318
4-3-3,log,1.0,8,RW,0,209331,Mohamed Salah,Right Midfielder,91.0,0.6368583257414466,0.827385269106179,89.0,0.9816374663072777,88.0,0.9994103773584906,86.0,0.998862870619946,90.0,0.9993682614555256,45.0,0.29274764150943394,76.0,0.8431182614555256
4-3-3,log,1.0,9,ST,6,239085,Erling Haaland,Striker,90.0,0.9999611285147314,0.8999912539158146,86.0,0.9560731132075472,91.0,0.9999157681940701,70.0,0.866576819407008,80.0,0.9699292452830188,45.0,0.29274764150943394,88.0,0.9994946091644205
4-3-3,exp,0.0,0,LB,42,252145,Nuno Mendes,Left Back,86.0,0.99502880398078,0.8589311928558677,95.0,0.9995788409703504,65.0,0.7434299191374663,76.0,0.9648332210242587,82.0,0.984332884097035,80.0,0.9880390835579514,77.0,0.8747051886792453
4-3-3,exp,0.0,1,CB1,4,203376,Virgil van Dijk,Center Back,90.0,0.9961802750195612,0.8991405618794013,73.0,0.612449460916442,60.0,0.5613207547169812,72.0,0.910377358490566,72.0,0.8008338948787062,90.0,1.0,87.0,0.9988207547169812
4-3-3,exp,0.0,2,CB2,21,232580,Gabriel,Center Back,88.0,0.9997095821450804,0.8799361080719177,64.0,0.2726162398921833,44.0,0.23269036388140163,64.0,0.66661051212938,65.0,0.44326987870619944,88.0,0.9997894204851752,84.0,0.991661051212938
4-3-3,exp,0.0,3,RB,8,235212,Achraf Hakimi,Right Back,89.0,0.8337612402261589,0.8530118759503204,92.0,0.9960832210242587,79.0,0.985427897574124,82.0,0.993766846361186,83.0,0.9884181266846361,82.0,0.9939353099730458,79.0,0.928108153638814
4-3-3,exp,0.0,4,DM,29,256079,Moisés Caicedo,Defensive Midfielder,87.0,0.9827188664274614,0.8662413534479729,71.0,0.5314605795148248,64.0,0.7079262129380054,78.0,0.9788999326145552,81.0,0.9784787735849056,84.0,0.9973466981132075,82.0,0.9767941374663073
4-3-3,exp,0.0,5,CM1,11,251854,Pedri,Central Midfielder,89.0,0.8770553125530485,0.8626448070430534,77.0,0.7560646900269542,73.0,0.9365313342318059,85.0,0.9979363207547169,91.0,0.9997894204851752,78.0,0.9791947439353099,77.0,0.8747051886792453
4-3-3,exp,0.0,6,CM2,10,255253,Vitinha,Central Midfielder,89.0,0.795899749002126,0.8445876941529731,72.0,0.5712601078167115,80.0,0.9888814016172507,86.0,0.998862870619946,90.0,0.9993682614555256,75.0,0.9551886792452831,70.0,0.5805677223719676
4-3-3,exp,0.0,7,LW,15,238794,Vini Jr.,Left Winger,89.0,0.804790673085482,0.8465659247615198,95.0,0.9995788409703504,84.0,0.9978520889487871,81.0,0.9917452830188679,91.0,0.9997894204851752,29.0,0.10335242587601078,69.0,0.5345771563342318
4-3-3,exp,0.0,8,RW,0,209331,Mohamed Salah,Right Midfielder,91.0,0.6368583257414466,0.827385269106179,89.0,0.9816374663072777,88.0,0.9994103773584906,86.0,0.998862870619946,90.0,0.9993682614555256,45.0,0.29274764150943394,76.0,0.8431182614555256
4-3-3,exp,0.0,9,ST,6,239085,Erling Haaland,Striker,90.0,0.9999611285147314,0.8999912539158146,86.0,0.9560731132075472,91.0,0.9999157681940701,70.0,0.866576819407008,80.0,0.9699292452830188,45.0,0.29274764150943394,88.0,0.9994946091644205
4-3-3,exp,0.05,0,LB,42,252145,Nuno Mendes,Left Back,86.0,0.99502880398078,0.8589311928558677,95.0,0.9995788409703504,65.0,0.7434299191374663,76.0,0.9648332210242587,82.0,0.984332884097035,80.0,0.9880390835579514,77.0,0.8747051886792453
4-3-3,exp,0.05,1,CB1,4,203376,Virgil van Dijk,Center Back,90.0,0.9961802750195612,0.8991405618794013,73.0,0.612449460916442,60.0,0.5613207547169812,72.0,0.910377358490566,72.0,0.8008338948787062,90.0,1.0,87.0,0.9988207547169812
4-3-3,exp,0.05,2,CB2,21,232580,Gabriel,Center Back,88.0,0.9997095821450804,0.8799361080719177,64.0,0.2726162398921833,44.0,0.23269036388140163,64.0,0.66661051212938,65.0,0.44326987870619944,88.0,0.9997894204851752,84.0,0.991661051212938
4-3-3,exp,0.05,3,RB,8,235212,Achraf Hakimi,Right Back,89.0,0.8337612402261589,0.8530118759503204,92.0,0.9960832210242587,79.0,0.985427897574124,82.0,0.993766846361186,83.0,0.9884181266846361,82.0,0.9939353099730458,79.0,0.928108153638814
4-3-3,exp,0.05,4,DM,29,256079,Moisés Caicedo,Defensive Midfielder,87.0,0.9827188664274614,0.8662413534479729,71.0,0.5314605795148248,64.0,0.7079262129380054,78.0,0.9788999326145552,81.0,0.9784787735849056,84.0,0.9973466981132075,82.0,0.9767941374663073
4-3-3,exp,0.05,5,CM1,11,251854,Pedri,Central Midfielder,89.0,0.8770553125530485,0.8626448070430534,77.0,0.7560646900269542,73.0,0.9365313342318059,85.0,0.9979363207547169,91.0,0.9997894204851752,78.0,0.9791947439353099,77.0,0.8747051886792453
4-3-3,exp,0.05,6,CM2,10,255253,Vitinha,Central Midfielder,89.0,0.795899749002126,0.8445876941529731,72.0,0.5712601078167115,80.0,0.9888814016172507,86.0,0.998862870619946,90.0,0.9993682614555256,75.0,0.9551886792452831,70.0,0.5805677223719676
4-3-3,exp,0.05,7,LW,15,238794,Vini Jr.,Left Winger,89.0,0.804790673085482,0.8465659247615198,95.0,0.9995788409703504,84.0,0.9978520889487871,81.0,0.9917452830188679,91.0,0.9997894204851752,29.0,0.10335242587601078,69.0,0.5345771563342318
4-3-3,exp,0.05,8,RW,0,209331,Mohamed Salah,Right Midfielder,91.0,0.6368583257414466,0.827385269106179,89.0,0.9816374663072777,88.0,0.9994103773584906,86.0,0.998862870619946,90.0,0.9993682614555256,45.0,0.29274764150943394,76.0,0.8431182614555256
4-3-3,exp,0.05,9,ST,6,239085,Erling Haaland,Striker,90.0,0.9999611285147314,0.8999912539158146,86.0,0.9560731132075472,91.0,0.9999157681940701,70.0,0.866576819407008,80.0,0.9699292452830188,45.0,0.29274764150943394,88.0,0.9994946091644205
4-3-3,exp,0.1,0,LB,42,252145,Nuno Mendes,Left Back,86.0,0.99502880398078,0.8589311928558677,95.0,0.9995788409703504,65.0,0.7434299191374663,76.0,0.9648332210242587,82.0,0.984332884097035,80.0,0.9880390835579514,77.0,0.8747051886792453
4-3-3,exp,0.1,1,CB1,4,203376,Virgil van Dijk,Center Back,90.0,0.9961802750195612,0.8991405618794013,73.0,0.612449460916442,60.0,0.5613207547169812,72.0,0.910377358490566,72.0,0.8008338948787062,90.0,1.0,87.0,0.9988207547169812
4-3-3,exp,0.1,2,CB2,21,232580,Gabriel,Center Back,88.0,0.9997095821450804,0.8799361080719177,64.0,0.2726162398921833,44.0,0.23269036388140163,64.0,0.66661051212938,65.0,0.44326987870619944,88.0,0.9997894204851752,84.0,0.991661051212938
4-3-3,exp,0.1,3,RB,8,235212,Achraf Hakimi,Right Back,89.0,0.8337612402261589,0.8530118759503204,92.0,0.9960832210242587,79.0,0.985427897574124,82.0,0.993766846361186,83.0,0.9884181266846361,82.0,0.9939353099730458,79.0,0.928108153638814
4-3-3,exp,0.1,4,DM,29,256079,Moisés Caicedo,Defensive Midfielder,87.0,0.9827188664274614,0.8662413534479729,71.0,0.5314605795148248,64.0,0.7079262129380054,78.0,0.9788999326145552,81.0,0.9784787735849056,84.0,0.9973466981132075,82.0,0.9767941374663073
4-3-3,exp,0.1,5,CM1,11,251854,Pedri,Central Midfielder,89.0,0.8770553125530485,0.8626448070430534,77.0,0.7560646900269542,73.0,0.9365313342318059,85.0,0.9979363207547169,91.0,0.9997894204851752,78.0,0.9791947439353099,77.0,0.8747051886792453
4-3-3,exp,0.1,6,CM2,10,255253,Vitinha,Central Midfielder,89.0,0.795899749002126,0.8445876941529731,72.0,0.5712601078167115,80.0,0.9888814016172507,86.0,0.998862870619946,90.0,0.9993682614555256,75.0,0.9551886792452831,70.0,0.5805677223719676
4-3-3,exp,0.1,7,LW,15,238794,Vini Jr.,Left Winger,89.0,0.804790673085482,0.8465659247615198,95.0,0.9995788409703504,84.0,0.9978520889487871,81.0,0.9917452830188679,91.0,0.9997894204851752,29.0,0.10335242587601078,69.0,0.5345771563342318
4-3-3,exp,0.1,8,RW,0,209331,Mohamed Salah,Right Midfielder,91.0,0.6368583257414466,0.827385269106179,89.0,0.9816374663072777,88.0,0.9994103773584906,86.0,0.998862870619946,90.0,0.9993682614555256,45.0,0.29274764150943394,76.0,0.8431182614555256
4-3-3,exp,0.1,9,ST,6,239085,Erling Haaland,Striker,90.0,0.9999611285147314,0.8999912539158146,86.0,0.9560731132075472,91.0,0.9999157681940701,70.0,0.866576819407008,80.0,0.9699292452830188,45.0,0.29274764150943394,88.0,0.9994946091644205
4-3-3,exp,0.25,0,LB,42,252145,Nuno Mendes,Left Back,86.0,0.99502880398078,0.8589311928558677,95.0,0.9995788409703504,65.0,0.7434299191374663,76.0,0.9648332210242587,82.0,0.984332884097035,80.0,0.9880390835579514,77.0,0.8747051886792453
4-3-3,exp,0.25,1,CB1,4,203376,Virgil van Dijk,Center Back,90.0,0.9961802750195612,0.8991405618794013,73.0,0.612449460916442,60.0,0.5613207547169812,72.0,0.910377358490566,72.0,0.8008338948787062,90.0,1.0,87.0,0.9988207547169812
4-3-3,exp,0.25,2,CB2,21,232580,Gabriel,Center Back,88.0,0.9997095821450804,0.8799361080719177,64.0,0.2726162398921833,44.0,0.23269036388140163,64.0,0.66661051212938,65.0,0.44326987870619944,88.0,0.9997894204851752,84.0,0.991661051212938
4-3-3,exp,0.25,3,RB,8,235212,Achraf Hakimi,Right Back,89.0,0.8337612402261589,0.8530118759503204,92.0,0.9960832210242587,79.0,0.985427897574124,82.0,0.993766846361186,83.0,0.9884181266846361,82.0,0.9939353099730458,79.0,0.928108153638814
4-3-3,exp,0.25,4,DM,29,256079,Moisés Caicedo,Defensive Midfielder,87.0,0.9827188664274614,0.8662413534479729,71.0,0.5314605795148248,64.0,0.7079262129380054,78.0,0.9788999326145552,81.0,0.9784787735849056,84.0,0.9973466981132075,82.0,0.9767941374663073
4-3-3,exp,0.25,5,CM1,11,251854,Pedri,Central Midfielder,89.0,0.8770553125530485,0.8626448070430534,77.0,0.7560646900269542,73.0,0.9365313342318059,85.0,0.9979363207547169,91.0,0.9997894204851752,78.0,0.9791947439353099,77.0,0.8747051886792453
4-3-3,exp,0.25,6,CM2,10,255253,Vitinha,Central Midfielder,89.0,0.795899749002126,0.8445876941529731,72.0,0.5712601078167115,80.0,0.9888814016172507,86.0,0.998862870619946,90.0,0.9993682614555256,75.0,0.9551886792452831,70.0,0.5805677223719676
4-3-3,exp,0.25,7,LW,15,238794,Vini Jr.,Left Winger,89.0,0.804790673085482,0.8465659247615198,95.0,0.9995788409703504,84.0,0.9978520889487871,81.0,0.9917452830188679,91.0,0.9997894204851752,29.0,0.10335242587601078,69.0,0.5345771563342318
4-3-3,exp,0.25,8,RW,0,209331,Mohamed Salah,Right Midfielder,91.0,0.6368583257414466,0.827385269106179,89.0,0.9816374663072777,88.0,0.9994103773584906,86.0,0.998862870619946,90.0,0.9993682614555256,45.0,0.29274764150943394,76.0,0.8431182614555256
4-3-3,exp,0.25,9,ST,6,239085,Erling Haaland,Striker,90.0,0.9999611285147314,0.8999912539158146,86.0,0.9560731132075472,91.0,0.9999157681940701,70.0,0.866576819407008,80.0,0.9699292452830188,45.0,0.29274764150943394,88.0,0.9994946091644205
4-3-3,exp,0.5,0,LB,42,252145,Nuno Mendes,Left Back,86.0,0.99502880398078,0.8589311928558677,95.0,0.9995788409703504,65.0,0.7434299191374663,76.0,0.9648332210242587,82.0,0.984332884097035,80.0,0.9880390835579514,77.0,0.8747051886792453
4-3-3,exp,0.5,1,CB1,31,207865,Marquinhos,Center Back,87.0,0.9802460611648384,0.8657035183033523,78.0,0.7868092991913747,56.0,0.4365734501347709,75.0,0.9548096361185984,74.0,0.8688510781671159,89.0,0.9999157681940701,80.0,0.948997641509434
4-3-3,exp,0.5,2,CB2,4,203376,Virgil van Dijk,Center Back,90.0,0.9961802750195612,0.8991405618794013,73.0,0.612449460916442,60.0,0.5613207547169812,72.0,0.910377358490566,72.0,0.8008338948787062,90.0,1.0,87.0,0.9988207547169812
4-3-3,exp,0.5,3,RB,8,235212,Achraf Hakimi,Right Back,89.0,0.8337612402261589,0.8530118759503204,92.0,0.9960832210242587,79.0,0.985427897574124,82.0,0.993766846361186,83.0,0.9884181266846361,82.0,0.9939353099730458,79.0,0.928108153638814
4-3-3,exp,0.5,4,DM,29,256079,Moisés Caicedo,Defensive Midfielder,87.0,0.9827188664274614,0.8662413534479729,71.0,0.5314605795148248,64.0,0.7079262129380054,78.0,0.9788999326145552,81.0,0.9784787735849056,84.0,0.9973466981132075,82.0,0.9767941374663073
4-3-3,exp,0.5,5,CM1,11,251854,Pedri,Central Midfielder,89.0,0.8770553125530485,0.8626448070430534,77.0,0.7560646900269542,73.0,0.9365313342318059,85.0,0.9979363207547169,91.0,0.9997894204851752,78.0,0.9791947439353099,77.0,0.8747051886792453
4-3-3,exp,0.5,6,CM2,10,255253,Vitinha,Central Midfielder,89.0,0.795899749002126,0.8445876941529731,72.0,0.5712601078167115,80.0,0.9888814016172507,86.0,0.998862870619946,90.0,0.9993682614555256,75.0,0.9551886792452831,70.0,0.5805677223719676
4-3-3,exp,0.5,7,LW,15,238794,Vini Jr.,Left Winger,89.0,0.804790673085482,0.8465659247615198,95.0,0.9995788409703504,84.0,0.9978520889487871,81.0,0.9917452830188679,91.0,0.9997894204851752,29.0,0.10335242587601078,69.0,0.5345771563342318
4-3-3,exp,0.5,8,RW,0,209331,Mohamed Salah,Right Midfielder,91.0,0.6368583257414466,0.827385269106179,89.0,0.9816374663072777,88.0,0.9994103773584906,86.0,0.998862870619946,90.0,0.9993682614555256,45.0,0.29274764150943394,76.0,0.8431182614555256
4-3-3,exp,0.5,9,ST,6,239085,Erling Haaland,Striker,90.0,0.9999611285147314,0.8999912539158146,86.0,0.9560731132075472,91.0,0.9999157681940701,70.0,0.866576819407008,80.0,0.9699292452830188,45.0,0.29274764150943394,88.0,0.9994946091644205
4-3-3,exp,1.0,0,LB,42,252145,Nuno Mendes,Left Back,86.0,0.99502880398078,0.8589311928558677,95.0,0.9995788409703504,65.0,0.7434299191374663,76.0,0.9648332210242587,82.0,0.984332884097035,80.0,0.9880390835579514,77.0,0.8747051886792453
4-3-3,exp,1.0,1,CB1,31,207865,Marquinhos,Center Back,87.0,0.9802460611648384,0.8657035183033523,78.0,0.7868092991913747,56.0,0.4365734501347709,75.0,0.9548096361185984,74.0,0.8688510781671159,89.0,0.9999157681940701,80.0,0.948997641509434
4-3-3,exp,1.0,2,CB2,4,203376,Virgil van Dijk,Center Back,90.0,0.9961802750195612,0.8991405618794013,73.0,0.612449460916442,60.0,0.5613207547169812,72.0,0.910377358490566,72.0,0.8008338948787062,90.0,1.0,87.0,0.9988207547169812
4-3-3,exp,1.0,3,RB,8,235212,Achraf Hakimi,Right Back,89.0,0.8337612402261589,0.8530118759503204,92.0,0.9960832210242587,79.0,0.985427897574124,82.0,0.993766846361186,83.0,0.9884181266846361,82.0,0.9939353099730458,79.0,0.928108153638814
4-3-3,exp,1.0,4,DM,29,256079,Moisés Caicedo,Defensive Midfielder,87.0,0.9827188664274614,0.8662413534479729,71.0,0.5314605795148248,64.0,0.7079262129380054,78.0,0.9788999326145552,81.0,0.9784787735849056,84.0,0.9973466981132075,82.0,0.9767941374663073
4-3-3,exp,1.0,5,CM1,11,251854,Pedri,Central Midfielder,89.0,0.8770553125530485,0.8626448070430534,77.0,0.7560646900269542,73.0,0.9365313342318059,85.0,0.9979363207547169,91.0,0.9997894204851752,78.0,0.9791947439353099,77.0,0.8747051886792453
4-3-3,exp,1.0,6,CM2,14,239053,Federico Valverde,Central Midfielder,89.0,0.6911176064634604,0.82127366743812,88.0,0.9748146900269542,84.0,0.9978520889487871,84.0,0.9966307277628033,84.0,0.9919137466307277,83.0,0.995788409703504,85.0,0.9954093665768194
4-3-3,exp,1.0,7,LW,15,238794,Vini Jr.,Left Winger,89.0,0.804790673085482,0.8465659247615198,95.0,0.9995788409703504,84.0,0.9978520889487871,81.0,0.9917452830188679,91.0,0.9997894204851752,29.0,0.10335242587601078,69.0,0.5345771563342318
4-3-3,exp,1.0,8,RW,0,209331,Mohamed Salah,Right Midfielder,91.0,0.6368583257414466,0.827385269106179,89.0,0.9816374663072777,88.0,0.9994103773584906,86.0,0.998862870619946,90.0,0.9993682614555256,45.0,0.29274764150943394,76.0,0.8431182614555256
4-3-3,exp,1.0,9,ST,6,239085,Erling Haaland,Striker,90.0,0.9999611285147314,0.8999912539158146,86.0,0.9560731132075472,91.0,0.9999157681940701,70.0,0.866576819407008,80.0,0.9699292452830188,45.0,0.29274764150943394,88.0,0.9994946091644205
4-2-3-1,sqrt,0.0,0,LB,42,252145,Nuno Mendes,Left Back,86.0,0.99502880398078,0.8589311928558677,95.0,0.9995788409703504,65.0,0.7434299191374663,76.0,0.9648332210242587,82.0,0.984332884097035,80.0,0.9880390835579514,77.0,0.8747051886792453
4-2-3-1,sqrt,0.0,1,CB1,21,232580,Gabriel,Center Back,88.0,0.9997095821450804,0.8799361080719177,64.0,0.2726162398921833,44.0,0.23269036388140163,64.0,0.66661051212938,65.0,0.44326987870619944,88.0,0.9997894204851752,84.0,0.991661051212938
4-2-3-1,sqrt,0.0,2,CB2,4,203376,Virgil van Dijk,Center Back,90.0,0.9961802750195612,0.8991405618794013,73.0,0.612449460916442,60.0,0.5613207547169812,72.0,0.910377358490566,72.0,0.8008338948787062,90.0,1.0,87.0,0.9988207547169812
4-2-3-1,sqrt,0.0,3,RB,8,235212,Achraf Hakimi,Right Back,89.0,0.8337612402261589,0.8530118759503204,92.0,0.9960832210242587,79.0,0.985427897574124,82.0,0.993766846361186,83.0,0.9884181266846361,82.0,0.9939353099730458,79.0,0.928108153638814
4-2-3-1,sqrt,0.0,4,DM1,29,256079,Moisés Caicedo,Defensive Midfielder,87.0,0.9827188664274614,0.8662413534479729,71.0,0.5314605795148248,64.0,0.7079262129380054,78.0,0.9788999326145552,81.0,0.9784787735849056,84.0,0.9973466981132075,82.0,0.9767941374663073
4-2-3-1,sqrt,0.0,5,DM2,62,215914,N'Golo Kanté,Defensive Midfielder,85.0,0.9692898560025314,0.8434740944005379,77.0,0.7560646900269542,65.0,0.7434299191374663,73.0,0.9278554582210242,80.0,0.9699292452830188,85.0,0.9983995956873315,79.0,0.928108153638814
4-2-3-1,sqrt,0.0,6,AM,20,256790,Jamal Musiala,Attacking Midfielder,88.0,0.92995252531437,0.8645895555691614,80.0,0.8408018867924528,82.0,0.9946512803234502,80.0,0.9884181266846361,90.0,0.9993682614555256,66.0,0.742798180592992,65.0,0.3587853773584906
4-2-3-1,sqrt,0.0,7,LW,15,238794,Vini Jr.,Left Winger,89.0,0.804790673085482,0.8465659247615198,95.0,0.9995788409703504,84.0,0.9978520889487871,81.0,0.9917452830188679,91.0,0.9997894204851752,29.0,0.10335242587601078,69.0,0.5345771563342318
4-2-3-1,sqrt,0.0,8,RW,0,209331,Mohamed Salah,Right Midfielder,91.0,0.6368583257414466,0.827385269106179,89.0,0.9816374663072777,88.0,0.9994103773584906,86.0,0.998862870619946,90.0,0.9993682614555256,45.0,0.29274764150943394,76.0,0.8431182614555256
4-2-3-1,sqrt,0.0,9,ST,6,239085,Erling Haaland,Striker,90.0,0.9999611285147314,0.8999912539158146,86.0,0.9560731132075472,91.0,0.9999157681940701,70.0,0.866576819407008,80.0,0.9699292452830188,45.0,0.29274764150943394,88.0,0.9994946091644205
4-2-3-1,sqrt,0.05,0,LB,42,252145,Nuno Mendes,Left Back,86.0,0.99502880398078,0.8589311928558677,95.0,0.9995788409703504,65.0,0.7434299191374663,76.0,0.9648332210242587,82.0,0.984332884097035,80.0,0.9880390835579514,77.0,0.8747051886792453
4-2-3-1,sqrt,0.05,1,CB1,4,203376,Virgil van Dijk,Center Back,90.0,0.9961802750195612,0.8991405618794013,73.0,0.612449460916442,60.0,0.5613207547169812,72.0,0.910377358490566,72.0,0.8008338948787062,90.0,1.0,87.0,0.9988207547169812
4-2-3-1,sqrt,0.05,2,CB2,21,232580,Gabriel,Center Back,88.0,0.9997095821450804,0.8799361080719177,64.0,0.2726162398921833,44.0,0.23269036388140163,64.0,0.66661051212938,65.0,0.44326987870619944,88.0,0.9997894204851752,84.0,0.991661051212938
4-2-3-1,sqrt,0.05,3,RB,8,235212,Achraf Hakimi,Right Back,89.0,0.8337612402261589,0.8530118759503204,92.0,0.9960832210242587,79.0,0.985427897574124,82.0,0.993766846361186,83.0,0.9884181266846361,82.0,0.9939353099730458,79.0,0.928108153638814
4-2-3-1,sqrt,0.05,4,DM1,29,256079,Moisés Caicedo,Defensive Midfielder,87.0,0.9827188664274614,0.8662413534479729,71.0,0.5314605795148248,64.0,0.7079262129380054,78.0,0.9788999326145552,81.0,0.9784787735849056,84.0,0.9973466981132075,82.0,0.9767941374663073
4-2-3-1,sqrt,0.05,5,DM2,62,215914,N'Golo Kanté,Defensive Midfielder,85.0,0.9692898560025314,0.8434740944005379,77.0,0.7560646900269542,65.0,0.7434299191374663,73.0,0.9278554582210242,80.0,0.9699292452830188,85.0,0.9983995956873315,79.0,0.928108153638814
4-2-3-1,sqrt,0.05,6,AM,20,256790,Jamal Musiala,Attacking Midfielder,88.0,0.92995252531437,0.8645895555691614,80.0,0.8408018867924528,82.0,0.9946512803234502,80.0,0.9884181266846361,90.0,0.9993682614555256,66.0,0.742798180592992,65.0,0.3587853773584906
4-2-3-1,sqrt,0.05,7,LW,15,238794,Vini Jr.,Left Winger,89.0,0.804790673085482,0.8465659247615198,95.0,0.9995788409703504,84.0,0.9978520889487871,81.0,0.9917452830188679,91.0,0.9997894204851752,29.0,0.10335242587601078,69.0,0.5345771563342318
4-2-3-1,sqrt,0.05,8,RW,0,209331,Mohamed Salah,Right Midfielder,91.0,0.6368583257414466,0.827385269106179,89.0,0.9816374663072777,88.0,0.9994103773584906,86.0,0.998862870619946,90.0,0.9993682614555256,45.0,0.29274764150943394,76.0,0.8431182614555256
4-2-3-1,sqrt,0.05,9,ST,6,239085,Erling Haaland,Striker,90.0,0.9999611285147314,0.8999912539158146,86.0,0.9560731132075472,91.0,0.9999157681940701,70.0,0.866576819407008,80.0,0.9699292452830188,45.0,0.29274764150943394,88.0,0.9994946091644205
4-2-3-1,sqrt,0.1,0,LB,42,252145,Nuno Mendes,Left Back,86.0,0.99502880398078,0.8589311928558677,95.0,0.9995788409703504,65.0,0.7434299191374663,76.0,0.9648332210242587,82.0,0.984332884097035,80.0,0.9880390835579514,77.0,0.8747051886792453
4-2-3-1,sqrt,0.1,1,CB1,4,203376,Virgil van Dijk,Center Back,90.0,0.9961802750195612,0.8991405618794013,73.0,0.612449460916442,60.0,0.5613207547169812,72.0,0.910377358490566,72.0,0.8008338948787062,90.0,1.0,87.0,0.9988207547169812
4-2-3-1,sqrt,0.1,2,CB2,21,232580,Gabriel,Center Back,88.0,0.9997095821450804,0.8799361080719177,64.0,0.2726162398921833,44.0,0.23269036388140163,64.0,0.66661051212938,65.0,0.44326987870619944,88.0,0.9997894204851752,84.0,0.991661051212938
4-2-3-1,sqrt,0.1,3,RB,8,235212,Achraf Hakimi,Right Back,89.0,0.8337612402261589,0.8530118759503204,92.0,0.9960832210242587,79.0,0.985427897574124,82.0,0.993766846361186,83.0,0.9884181266846361,82.0,0.9939353099730458,79.0,0.928108153638814
4-2-3-1,sqrt,0.1,4,DM1,29,256079,Moisés Caicedo,Defensive Midfielder,87.0,0.9827188664274614,0.8662413534479729,71.0,0.5314605795148248,64.0,0.7079262129380054,78.0,0.9788999326145552,81.0,0.9784787735849056,84.0,0.9973466981132075,82.0,0.9767941374663073
4-2-3-1,sqrt,0.1,5,DM2,62,215914,N'Golo Kanté,Defensive Midfielder,85.0,0.9692898560025314,0.8434740944005379,77.0,0.7560646900269542,65.0,0.7434299191374663,73.0,0.9278554582210242,80.0,0.9699292452830188,85.0,0.9983995956873315,79.0,0.928108153638814
4-2-3-1,sqrt,0.1,6,AM,20,256790,Jamal Musiala,Attacking Midfielder,88.0,0.92995252531437,0.8645895555691614,80.0,0.8408018867924528,82.0,0.9946512803234502,80.0,0.9884181266846361,90.0,0.9993682614555256,66.0,0.742798180592992,65.0,0.3587853773584906
4-2-3-1,sqrt,0.1,7,LW,15,238794,Vini Jr.,Left Winger,89.0,0.804790673085482,0.8465659247615198,95.0,0.9995788409703504,84.0,0.9978520889487871,81.0,0.9917452830188679,91.0,0.9997894204851752,29.0,0.10335242587601078,69.0,0.5345771563342318
4-2-3-1,sqrt,0.1,8,RW,0,209331,Mohamed Salah,Right Midfielder,91.0,0.6368583257414466,0.827385269106179,89.0,0.9816374663072777,88.0,0.9994103773584906,86.0,0.998862870619946,90.0,0.9993682614555256,45.0,0.29274764150943394,76.0,0.8431182614555256
4-2-3-1,sqrt,0.1,9,ST,6,239085,Erling Haaland,Striker,90.0,0.9999611285147314,0.8999912539158146,86.0,0.9560731132075472,91.0,0.9999157681940701,70.0,0.866576819407008,80.0,0.9699292452830188,45.0,0.29274764150943394,88.0,0.9994946091644205
4-2-3-1,sqrt,0.25,0,LB,42,252145,Nuno Mendes,Left Back,86.0,0.99502880398078,0.8589311928558677,95.0,0.9995788409703504,65.0,0.7434299191374663,76.0,0.9648332210242587,82.0,0.984332884097035,80.0,0.9880390835579514,77.0,0.8747051886792453
4-2-3-1,sqrt,0.25,1,CB1,4,203376,Virgil van Dijk,Center Back,90.0,0.9961802750195612,0.8991405618794013,73.0,0.612449460916442,60.0,0.5613207547169812,72.0,0.910377358490566,72.0,0.8008338948787062,90.0,1.0,87.0,0.9988207547169812
4-2-3-1,sqrt,0.25,2,CB2,31,207865,Marquinhos,Center Back,87.0,0.9802460611648384,0.8657035183033523,78.0,0.7868092991913747,56.0,0.4365734501347709,75.0,0.9548096361185984,74.0,0.8688510781671159,89.0,0.9999157681940701,80.0,0.948997641509434
4-2-3-1,sqrt,0.25,3,RB,8,235212,Achraf Hakimi,Right Back,89.0,0.8337612402261589,0.8530118759503204,92.0,0.9960832210242587,79.0,0.985427897574124,82.0,0.993766846361186,83.0,0.9884181266846361,82.0,0.9939353099730458,79.0,0.928108153638814
4-2-3-1,sqrt,0.25,4,DM1,29,256079,Moisés Caicedo,Defensive Midfielder,87.0,0.9827188664274614,0.8662413534479729,71.0,0.5314605795148248,64.0,0.7079262129380054,78.0,0.9788999326145552,81.0,0.9784787735849056,84.0,0.9973466981132075,82.0,0.9767941374663073
4-2-3-1,sqrt,0.25,5,DM2,62,215914,N'Golo Kanté,Defensive Midfielder,85.0,0.9692898560025314,0.8434740944005379,77.0,0.7560646900269542,65.0,0.7434299191374663,73.0,0.9278554582210242,80.0,0.9699292452830188,85.0,0.9983995956873315,79.0,0.928108153638814
4-2-3-1,sqrt,0.25,6,AM,20,256790,Jamal Musiala,Attacking Midfielder,88.0,0.92995252531437,0.8645895555691614,80.0,0.8408018867924528,82.0,0.9946512803234502,80.0,0.9884181266846361,90.0,0.9993682614555256,66.0,0.742798180592992,65.0,0.3587853773584906
4-2-3-1,sqrt,0.25,7,LW,15,238794,Vini Jr.,Left Winger,89.0,0.804790673085482,0.8465659247615198,95.0,0.9995788409703504,84.0,0.9978520889487871,81.0,0.9917452830188679,91.0,0.9997894204851752,29.0,0.10335242587601078,69.0,0.5345771563342318
4-2-3-1,sqrt,0.25,8,RW,0,209331,Mohamed Salah,Right Midfielder,91.0,0.6368583257414466,0.827385269106179,89.0,0.9816374663072777,88.0,0.9994103773584906,86.0,0.998862870619946,90.0,0.9993682614555256,45.0,0.29274764150943394,76.0,0.8431182614555256
4-2-3-1,sqrt,0.25,9,ST,6,239085,Erling Haaland,Striker,90.0,0.9999611285147314,0.8999912539158146,86.0,0.9560731132075472,91.0,0.9999157681940701,70.0,0.866576819407008,80.0,0.9699292452830188,45.0,0.29274764150943394,88.0,0.9994946091644205
4-2-3-1,sqrt,0.5,0,LB,42,252145,Nuno Mendes,Left Back,86.0,0.99502880398078,0.8589311928558677,95.0,0.9995788409703504,65.0,0.7434299191374663,76.0,0.9648332210242587,82.0,0.984332884097035,80.0,0.9880390835579514,77.0,0.8747051886792453
4-2-3-1,sqrt,0.5,1,CB1,4,203376,Virgil van Dijk,Center Back,90.0,0.9961802750195612,0.8991405618794013,73.0,0.612449460916442,60.0,0.5613207547169812,72.0,0.910377358490566,72.0,0.8008338948787062,90.0,1.0,87.0,0.9988207547169812
4-2-3-1,sqrt,0.5,2,CB2,31,207865,Marquinhos,Center Back,87.0,0.9802460611648384,0.8657035183033523,78.0,0.7868092991913747,56.0,0.4365734501347709,75.0,0.9548096361185984,74.0,0.8688510781671159,89.0,0.9999157681940701,80.0,0.948997641509434
4-2-3-1,sqrt,0.5,3,RB,8,235212,Achraf Hakimi,Right Back,89.0,0.8337612402261589,0.8530118759503204,92.0,0.9960832210242587,79.0,0.985427897574124,82.0,0.993766846361186,83.0,0.9884181266846361,82.0,0.9939353099730458,79.0,0.928108153638814
4-2-3-1,sqrt,0.5,4,DM1,29,256079,Moisés Caicedo,Defensive Midfielder,87.0,0.9827188664274614,0.8662413534479729,71.0,0.5314605795148248,64.0,0.7079262129380054,78.0,0.9788999326145552,81.0,0.9784787735849056,84.0,0.9973466981132075,82.0,0.9767941374663073
4-2-3-1,sqrt,0.5,5,DM2,62,215914,N'Golo Kanté,Defensive Midfielder,85.0,0.9692898560025314,0.8434740944005379,77.0,0.7560646900269542,65.0,0.7434299191374663,73.0,0.9278554582210242,80.0,0.9699292452830188,85.0,0.9983995956873315,79.0,0.928108153638814
4-2-3-1,sqrt,0.5,6,AM,20,256790,Jamal Musiala,Attacking Midfielder,88.0,0.92995252531437,0.8645895555691614,80.0,0.8408018867924528,82.0,0.9946512803234502,80.0,0.9884181266846361,90.0,0.9993682614555256,66.0,0.742798180592992,65.0,0.3587853773584906
4-2-3-1,sqrt,0.5,7,LW,15,238794,Vini Jr.,Left Winger,89.0,0.804790673085482,0.8465659247615198,95.0,0.9995788409703504,84.0,0.9978520889487871,81.0,0.9917452830188679,91.0,0.9997894204851752,29.0,0.10335242587601078,69.0,0.5345771563342318
4-2-3-1,sqrt,0.5,8,RW,0,209331,Mohamed Salah,Right Midfielder,91.0,0.6368583257414466,0.827385269106179,89.0,0.9816374663072777,88.0,0.9994103773584906,86.0,0.998862870619946,90.0,0.9993682614555256,45.0,0.29274764150943394,76.0,0.8431182614555256
4-2-3-1,sqrt,0.5,9,ST,6,239085,Erling Haaland,Striker,90.0,0.9999611285147314,0.8999912539158146,86.0,0.9560731132075472,91.0,0.9999157681940701,70.0,0.866576819407008,80.0,0.9699292452830188,45.0,0.29274764150943394,88.0,0.9994946091644205
4-2-3-1,sqrt,1.0,0,LB,42,252145,Nuno Mendes,Left Back,86.0,0.99502880398078,0.8589311928558677,95.0,0.9995788409703504,65.0,0.7434299191374663,76.0,0.9648332210242587,82.0,0.984332884097035,80.0,0.9880390835579514,77.0,0.8747051886792453
4-2-3-1,sqrt,1.0,1,CB1,4,203376,Virgil van Dijk,Center Back,90.0,0.9961802750195612,0.8991405618794013,73.0,0.612449460916442,60.0,0.5613207547169812,72.0,0.910377358490566,72.0,0.8008338948787062,90.0,1.0,87.0,0.9988207547169812
4-2-3-1,sqrt,1.0,2,CB2,31,207865,Marquinhos,Center Back,87.0,0.9802460611648384,0.8657035183033523,78.0,0.7868092991913747,56.0,0.4365734501347709,75.0,0.9548096361185984,74.0,0.8688510781671159,89.0,0.9999157681940701,80.0,0.948997641509434
4-2-3-1,sqrt,1.0,3,RB,8,235212,Achraf Hakimi,Right Back,89.0,0.8337612402261589,0.8530118759503204,92.0,0.9960832210242587,79.0,0.985427897574124,82.0,0.993766846361186,83.0,0.9884181266846361,82.0,0.9939353099730458,79.0,0.928108153638814
4-2-3-1,sqrt,1.0,4,DM1,29,256079,Moisés Caicedo,Defensive Midfielder,87.0,0.9827188664274614,0.8662413534479729,71.0,0.5314605795148248,64.0,0.7079262129380054,78.0,0.9788999326145552,81.0,0.9784787735849056,84.0,0.9973466981132075,82.0,0.9767941374663073
4-2-3-1,sqrt,1.0,5,DM2,62,215914,N'Golo Kanté,Defensive Midfielder,85.0,0.9692898560025314,0.8434740944005379,77.0,0.7560646900269542,65.0,0.7434299191374663,73.0,0.9278554582210242,80.0,0.9699292452830188,85.0,0.9983995956873315,79.0,0.928108153638814
4-2-3-1,sqrt,1.0,6,AM,20,256790,Jamal Musiala,Attacking Midfielder,88.0,0.92995252531437,0.8645895555691614,80.0,0.8408018867924528,82.0,0.9946512803234502,80.0,0.9884181266846361,90.0,0.9993682614555256,66.0,0.742798180592992,65.0,0.3587853773584906
4-2-3-1,sqrt,1.0,7,LW,15,238794,Vini Jr.,Left Winger,89.0,0.804790673085482,0.8465659247615198,95.0,0.9995788409703504,84.0,0.9978520889487871,81.0,0.9917452830188679,91.0,0.9997894204851752,29.0,0.10335242587601078,69.0,0.5345771563342318
4-2-3-1,sqrt,1.0,8,RW,0,209331,Mohamed Salah,Right Midfielder,91.0,0.6368583257414466,0.827385269106179,89.0,0.9816374663072777,88.0,0.9994103773584906,86.0,0.998862870619946,90.0,0.9993682614555256,45.0,0.29274764150943394,76.0,0.8431182614555256
4-2-3-1,sqrt,1.0,9,ST,6,239085,Erling Haaland,Striker,90.0,0.9999611285147314,0.8999912539158146,86.0,0.9560731132075472,91.0,0.9999157681940701,70.0,0.866576819407008,80.0,0.9699292452830188,45.0,0.29274764150943394,88.0,0.9994946091644205
4-2-3-1,log,0.0,0,LB,42,252145,Nuno Mendes,Left Back,86.0,0.99502880398078,0.8589311928558677,95.0,0.9995788409703504,65.0,0.7434299191374663,76.0,0.9648332210242587,82.0,0.984332884097035,80.0,0.9880390835579514,77.0,0.8747051886792453
4-2-3-1,log,0.0,1,CB1,21,232580,Gabriel,Center Back,88.0,0.9997095821450804,0.8799361080719177,64.0,0.2726162398921833,44.0,0.23269036388140163,64.0,0.66661051212938,65.0,0.44326987870619944,88.0,0.9997894204851752,84.0,0.991661051212938
4-2-3-1,log,0.0,2,CB2,4,203376,Virgil van Dijk,Center Back,90.0,0.9961802750195612,0.8991405618794013,73.0,0.612449460916442,60.0,0.5613207547169812,72.0,0.910377358490566,72.0,0.8008338948787062,90.0,1.0,87.0,0.9988207547169812
4-2-3-1,log,0.0,3,RB,8,235212,Achraf Hakimi,Right Back,89.0,0.8337612402261589,0.8530118759503204,92.0,0.9960832210242587,79.0,0.985427897574124,82.0,0.993766846361186,83.0,0.9884181266846361,82.0,0.9939353099730458,79.0,0.928108153638814
4-2-3-1,log,0.0,4,DM1,29,256079,Moisés Caicedo,Defensive Midfielder,87.0,0.9827188664274614,0.8662413534479729,71.0,0.5314605795148248,64.0,0.7079262129380054,78.0,0.9788999326145552,81.0,0.9784787735849056,84.0,0.9973466981132075,82.0,0.9767941374663073
4-2-3-1,log,0.0,5,DM2,62,215914,N'Golo Kanté,Defensive Midfielder,85.0,0.9692898560025314,0.8434740944005379,77.0,0.7560646900269542,65.0,0.7434299191374663,73.0,0.9278554582210242,80.0,0.9699292452830188,85.0,0.9983995956873315,79.0,0.928108153638814
4-2-3-1,log,0.0,6,AM,20,256790,Jamal Musiala,Attacking Midfielder,88.0,0.92995252531437,0.8645895555691614,80.0,0.8408018867924528,82.0,0.9946512803234502,80.0,0.9884181266846361,90.0,0.9993682614555256,66.0,0.742798180592992,65.0,0.3587853773584906
4-2-3-1,log,0.0,7,LW,15,238794,Vini Jr.,Left Winger,89.0,0.804790673085482,0.8465659247615198,95.0,0.9995788409703504,84.0,0.9978520889487871,81.0,0.9917452830188679,91.0,0.9997894204851752,29.0,0.10335242587601078,69.0,0.5345771563342318
4-2-3-1,log,0.0,8,RW,0,209331,Mohamed Salah,Right Midfielder,91.0,0.6368583257414466,0.827385269106179,89.0,0.9816374663072777,88.0,0.9994103773584906,86.0,0.998862870619946,90.0,0.9993682614555256,45.0,0.29274764150943394,76.0,0.8431182614555256
4-2-3-1,log,0.0,9,ST,6,239085,Erling Haaland,Striker,90.0,0.9999611285147314,0.8999912539158146,86.0,0.9560731132075472,91.0,0.9999157681940701,70.0,0.866576819407008,80.0,0.9699292452830188,45.0,0.29274764150943394,88.0,0.9994946091644205
4-2-3-1,log,0.05,0,LB,42,252145,Nuno Mendes,Left Back,86.0,0.99502880398078,0.8589311928558677,95.0,0.9995788409703504,65.0,0.7434299191374663,76.0,0.9648332210242587,82.0,0.984332884097035,80.0,0.9880390835579514,77.0,0.8747051886792453
4-2-3-1,log,0.05,1,CB1,4,203376,Virgil van Dijk,Center Back,90.0,0.9961802750195612,0.8991405618794013,73.0,0.612449460916442,60.0,0.5613207547169812,72.0,0.910377358490566,72.0,0.8008338948787062,90.0,1.0,87.0,0.9988207547169812
4-2-3-1,log,0.05,2,CB2,21,232580,Gabriel,Center Back,88.0,0.9997095821450804,0.8799361080719177,64.0,0.2726162398921833,44.0,0.23269036388140163,64.0,0.66661051212938,65.0,0.44326987870619944,88.0,0.9997894204851752,84.0,0.991661051212938
4-2-3-1,log,0.05,3,RB,8,235212,Achraf Hakimi,Right Back,89.0,0.8337612402261589,0.8530118759503204,92.0,0.9960832210242587,79.0,0.985427897574124,82.0,0.993766846361186,83.0,0.9884181266846361,82.0,0.9939353099730458,79.0,0.928108153638814
4-2-3-1,log,0.05,4,DM1,29,256079,Moisés Caicedo,Defensive Midfielder,87.0,0.9827188664274614,0.8662413534479729,71.0,0.5314605795148248,64.0,0.7079262129380054,78.0,0.9788999326145552,81.0,0.9784787735849056,84.0,0.9973466981132075,82.0,0.9767941374663073
4-2-3-1,log,0.05,5,DM2,62,215914,N'Golo Kanté,Defensive Midfielder,85.0,0.9692898560025314,0.8434740944005379,77.0,0.7560646900269542,65.0,0.7434299191374663,73.0,0.9278554582210242,80.0,0.9699292452830188,85.0,0.9983995956873315,79.0,0.928108153638814
4-2-3-1,log,0.05,6,AM,20,256790,Jamal Musiala,Attacking Midfielder,88.0,0.92995252531437,0.8645895555691614,80.0,0.8408018867924528,82.0,0.9946512803234502,80.0,0.9884181266846361,90.0,0.9993682614555256,66.0,0.742798180592992,65.0,0.3587853773584906
4-2-3-1,log,0.05,7,LW,15,238794,Vini Jr.,Left Winger,89.0,0.804790673085482,0.8465659247615198,95.0,0.9995788409703504,84.0,0.9978520889487871,81.0,0.9917452830188679,91.0,0.9997894204851752,29.0,0.10335242587601078,69.0,0.5345771563342318
4-2-3-1,log,0.05,8,RW,0,209331,Mohamed Salah,Right Midfielder,91.0,0.6368583257414466,0.827385269106179,89.0,0.9816374663072777,88.0,0.9994103773584906,86.0,0.998862870619946,90.0,0.9993682614555256,45.0,0.29274764150943394,76.0,0.8431182614555256
4-2-3-1,log,0.05,9,ST,6,239085,Erling Haaland,Striker,90.0,0.9999611285147314,0.8999912539158146,86.0,0.9560731132075472,91.0,0.9999157681940701,70.0,0.866576819407008,80.0,0.9699292452830188,45.0,0.29274764150943394,88.0,0.9994946091644205
4-2-3-1,log,0.1,0,LB,42,252145,Nuno Mendes,Left Back,86.0,0.99502880398078,0.8589311928558677,95.0,0.9995788409703504,65.0,0.7434299191374663,76.0,0.9648332210242587,82.0,0.984332884097035,80.0,0.9880390835579514,77.0,0.8747051886792453
4-2-3-1,log,0.1,1,CB1,4,203376,Virgil van Dijk,Center Back,90.0,0.9961802750195612,0.8991405618794013,73.0,0.612449460916442,60.0,0.5613207547169812,72.0,0.910377358490566,72.0,0.8008338948787062,90.0,1.0,87.0,0.9988207547169812
4-2-3-1,log,0.1,2,CB2,21,232580,Gabriel,Center Back,88.0,0.9997095821450804,0.8799361080719177,64.0,0.2726162398921833,44.0,0.23269036388140163,64.0,0.66661051212938,65.0,0.44326987870619944,88.0,0.9997894204851752,84.0,0.991661051212938
4-2-3-1,log,0.1,3,RB,8,235212,Achraf Hakimi,Right Back,89.0,0.8337612402261589,0.8530118759503204,92.0,0.9960832210242587,79.0,0.985427897574124,82.0,0.993766846361186,83.0,0.9884181266846361,82.0,0.9939353099730458,79.0,0.928108153638814
4-2-3-1,log,0.1,4,DM1,29,256079,Moisés Caicedo,Defensive Midfielder,87.0,0.9827188664274614,0.8662413534479729,71.0,0.5314605795148248,64.0,0.7079262129380054,78.0,0.9788999326145552,81.0,0.9784787735849056,84.0,0.9973466981132075,82.0,0.9767941374663073
4-2-3-1,log,0.1,5,DM2,62,215914,N'Golo Kanté,Defensive Midfielder,85.0,0.9692898560025314,0.8434740944005379,77.0,0.7560646900269542,65.0,0.7434299191374663,73.0,0.9278554582210242,80.0,0.9699292452830188,85.0,0.9983995956873315,79.0,0.928108153638814
4-2-3-1,log,0.1,6,AM,20,256790,Jamal Musiala,Attacking Midfielder,88.0,0.92995252531437,0.8645895555691614,80.0,0.8408018867924528,82.0,0.9946512803234502,80.0,0.9884181266846361,90.0,0.9993682614555256,66.0,0.742798180592992,65.0,0.3587853773584906
4-2-3-1,log,0.1,7,LW,15,238794,Vini Jr.,Left Winger,89.0,0.804790673085482,0.8465659247615198,95.0,0.9995788409703504,84.0,0.9978520889487871,81.0,0.9917452830188679,91.0,0.9997894204851752,29.0,0.10335242587601078,69.0,0.5345771563342318
4-2-3-1,log,0.1,8,RW,0,209331,Mohamed Salah,Right Midfielder,91.0,0.6368583257414466,0.827385269106179,89.0,0.9816374663072777,88.0,0.9994103773584906,86.0,0.998862870619946,90.0,0.9993682614555256,45.0,0.29274764150943394,76.0,0.8431182614555256
4-2-3-1,log,0.1,9,ST,6,239085,Erling Haaland,Striker,90.0,0.9999611285147314,0.8999912539158146,86.0,0.9560731132075472,91.0,0.9999157681940701,70.0,0.866576819407008,80.0,0.9699292452830188,45.0,0.29274764150943394,88.0,0.9994946091644205
4-2-3-1,log,0.25,0,LB,42,252145,Nuno Mendes,Left Back,86.0,0.99502880398078,0.8589311928558677,95.0,0.9995788409703504,65.0,0.7434299191374663,76.0,0.9648332210242587,82.0,0.984332884097035,80.0,0.9880390835579514,77.0,0.8747051886792453
4-2-3-1,log,0.25,1,CB1,4,203376,Virgil van Dijk,Center Back,90.0,0.9961802750195612,0.8991405618794013,73.0,0.612449460916442,60.0,0.5613207547169812,72.0,0.910377358490566,72.0,0.8008338948787062,90.0,1.0,87.0,0.9988207547169812
4-2-3-1,log,0.25,2,CB2,31,207865,Marquinhos,Center Back,87.0,0.9802460611648384,0.8657035183033523,78.0,0.7868092991913747,56.0,0.4365734501347709,75.0,0.9548096361185984,74.0,0.8688510781671159,89.0,0.9999157681940701,80.0,0.948997641509434
4-2-3-1,log,0.25,3,RB,8,235212,Achraf Hakimi,Right Back,89.0,0.8337612402261589,0.8530118759503204,92.0,0.9960832210242587,79.0,0.985427897574124,82.0,0.993766846361186,83.0,0.9884181266846361,82.0,0.9939353099730458,79.0,0.928108153638814
4-2-3-1,log,0.25,4,DM1,29,256079,Moisés Caicedo,Defensive Midfielder,87.0,0.9827188664274614,0.8662413534479729,71.0,0.5314605795148248,64.0,0.7079262129380054,78.0,0.9788999326145552,81.0,0.9784787735849056,84.0,0.9973466981132075,82.0,0.9767941374663073
4-2-3-1,log,0.25,5,DM2,62,215914,N'Golo Kanté,Defensive Midfielder,85.0,0.9692898560025314,0.8434740944005379,77.0,0.7560646900269542,65.0,0.7434299191374663,73.0,0.9278554582210242,80.0,0.9699292452830188,85.0,0.9983995956873315,79.0,0.928108153638814
4-2-3-1,log,0.25,6,AM,20,256790,Jamal Musiala,Attacking Midfielder,88.0,0.92995252531437,0.8645895555691614,80.0,0.8408018867924528,82.0,0.9946512803234502,80.0,0.9884181266846361,90.0,0.9993682614555256,66.0,0.742798180592992,65.0,0.3587853773584906
4-2-3-1,log,0.25,7,LW,15,238794,Vini Jr.,Left Winger,89.0,0.804790673085482,0.8465659247615198,95.0,0.9995788409703504,84.0,0.9978520889487871,81.0,0.9917452830188679,91.0,0.9997894204851752,29.0,0.10335242587601078,69.0,0.5345771563342318
4-2-3-1,log,0.25,8,RW,0,209331,Mohamed Salah,Right Midfielder,91.0,0.6368583257414466,0.827385269106179,89.0,0.9816374663072777,88.0,0.9994103773584906,86.0,0.998862870619946,90.0,0.9993682614555256,45.0,0.29274764150943394,76.0,0.8431182614555256
4-2-3-1,log,0.25,9,ST,6,239085,Erling Haaland,Striker,90.0,0.9999611285147314,0.8999912539158146,86.0,0.9560731132075472,91.0,0.9999157681940701,70.0,0.866576819407008,80.0,0.9699292452830188,45.0,0.29274764150943394,88.0,0.9994946091644205
4-2-3-1,log,0.5,0,LB,42,252145,Nuno Mendes,Left Back,86.0,0.99502880398078,0.8589311928558677,95.0,0.9995788409703504,65.0,0.7434299191374663,76.0,0.9648332210242587,82.0,0.984332884097035,80.0,0.9880390835579514,77.0,0.8747051886792453
4-2-3-1,log,0.5,1,CB1,4,203376,Virgil van Dijk,Center Back,90.0,0.9961802750195612,0.8991405618794013,73.0,0.612449460916442,60.0,0.5613207547169812,72.0,0.910377358490566,72.0,0.8008338948787062,90.0,1.0,87.0,0.9988207547169812
4-2-3-1,log,0.5,2,CB2,31,207865,Marquinhos,Center Back,87.0,0.9802460611648384,0.8657035183033523,78.0,0.7868092991913747,56.0,0.4365734501347709,75.0,0.9548096361185984,74.0,0.8688510781671159,89.0,0.9999157681940701,80.0,0.948997641509434
4-2-3-1,log,0.5,3,RB,8,235212,Achraf Hakimi,Right Back,89.0,0.8337612402261589,0.8530118759503204,92.0,0.9960832210242587,79.0,0.985427897574124,82.0,0.993766846361186,83.0,0.9884181266846361,82.0,0.9939353099730458,79.0,0.928108153638814
4-2-3-1,log,0.5,4,DM1,29,256079,Moisés Caicedo,Defensive Midfielder,87.0,0.9827188664274614,0.8662413534479729,71.0,0.5314605795148248,64.0,0.7079262129380054,78.0,0.9788999326145552,81.0,0.9784787735849056,84.0,0.9973466981132075,82.0,0.9767941374663073
4-2-3-1,log,0.5,5,DM2,62,215914,N'Golo Kanté,Defensive Midfielder,85.0,0.9692898560025314,0.8434740944005379,77.0,0.7560646900269542,65.0,0.7434299191374663,73.0,0.9278554582210242,80.0,0.9699292452830188,85.0,0.9983995956873315,79.0,0.928108153638814
4-2-3-1,log,0.5,6,AM,20,256790,Jamal Musiala,Attacking Midfielder,88.0,0.92995252531437,0.8645895555691614,80.0,0.8408018867924528,82.0,0.9946512803234502,80.0,0.9884181266846361,90.0,0.9993682614555256,66.0,0.742798180592992,65.0,0.3587853773584906
4-2-3-1,log,0.5,7,LW,15,238794,Vini Jr.,Left Winger,89.0,0.804790673085482,0.8465659247615198,95.0,0.9995788409703504,84.0,0.9978520889487871,81.0,0.9917452830188679,91.0,0.9997894204851752,29.0,0.10335242587601078,69.0,0.5345771563342318
4-2-3-1,log,0.5,8,RW,0,209331,Mohamed Salah,Right Midfielder,91.0,0.6368583257414466,0.827385269106179,89.0,0.9816374663072777,88.0,0.9994103773584906,86.0,0.998862870619946,90.0,0.9993682614555256,45.0,0.29274764150943394,76.0,0.8431182614555256
4-2-3-1,log,0.5,9,ST,6,239085,Erling Haaland,Striker,90.0,0.9999611285147314,0.8999912539158146,86.0,0.9560731132075472,91.0,0.9999157681940701,70.0,0.866576819407008,80.0,0.9699292452830188,45.0,0.29274764150943394,88.0,0.9994946091644205
4-2-3-1,log,1.0,0,LB,42,252145,Nuno Mendes,Left Back,86.0,0.99502880398078,0.8589311928558677,95.0,0.9995788409703504,65.0,0.7434299191374663,76.0,0.9648332210242587,82.0,0.984332884097035,80.0,0.9880390835579514,77.0,0.8747051886792453
4-2-3-1,log,1.0,1,CB1,4,203376,Virgil van Dijk,Center Back,90.0,0.9961802750195612,0.8991405618794013,73.0,0.612449460916442,60.0,0.5613207547169812,72.0,0.910377358490566,72.0,0.8008338948787062,90.0,1.0,87.0,0.9988207547169812
4-2-3-1,log,1.0,2,CB2,31,207865,Marquinhos,Center Back,87.0,0.9802460611648384,0.8657035183033523,78.0,0.7868092991913747,56.0,0.4365734501347709,75.0,0.9548096361185984,74.0,0.8688510781671159,89.0,0.9999157681940701,80.0,0.948997641509434
4-2-3-1,log,1.0,3,RB,8,235212,Achraf Hakimi,Right Back,89.0,0.8337612402261589,0.8530118759503204,92.0,0.9960832210242587,79.0,0.985427897574124,82.0,0.993766846361186,83.0,0.9884181266846361,82.0,0.9939353099730458,79.0,0.928108153638814
4-2-3-1,log,1.0,4,DM1,29,256079,Moisés Caicedo,Defensive Midfielder,87.0,0.9827188664274614,0.8662413534479729,71.0,0.5314605795148248,64.0,0.7079262129380054,78.0,0.9788999326145552,81.0,0.9784787735849056,84.0,0.9973466981132075,82.0,0.9767941374663073
4-2-3-1,log,1.0,5,DM2,62,215914,N'Golo Kanté,Defensive Midfielder,85.0,0.9692898560025314,0.8434740944005379,77.0,0.7560646900269542,65.0,0.7434299191374663,73.0,0.9278554582210242,80.0,0.9699292452830188,85.0,0.9983995956873315,79.0,0.928108153638814
4-2-3-1,log,1.0,6,AM,20,256790,Jamal Musiala,Attacking Midfielder,88.0,0.92995252531437,0.8645895555691614,80.0,0.8408018867924528,82.0,0.9946512803234502,80.0,0.9884181266846361,90.0,0.9993682614555256,66.0,0.742798180592992,65.0,0.3587853773584906
4-2-3-1,log,1.0,7,LW,15,238794,Vini Jr.,Left Winger,89.0,0.804790673085482,0.8465659247615198,95.0,0.9995788409703504,84.0,0.9978520889487871,81.0,0.9917452830188679,91.0,0.9997894204851752,29.0,0.10335242587601078,69.0,0.5345771563342318
4-2-3-1,log,1.0,8,RW,0,209331,Mohamed Salah,Right Midfielder,91.0,0.6368583257414466,0.827385269106179,89.0,0.9816374663072777,88.0,0.9994103773584906,86.0,0.998862870619946,90.0,0.9993682614555256,45.0,0.29274764150943394,76.0,0.8431182614555256
4-2-3-1,log,1.0,9,ST,6,239085,Erling Haaland,Striker,90.0,0.9999611285147314,0.8999912539158146,86.0,0.9560731132075472,91.0,0.9999157681940701,70.0,0.866576819407008,80.0,0.9699292452830188,45.0,0.29274764150943394,88.0,0.9994946091644205
4-2-3-1,exp,0.0,0,LB,42,252145,Nuno Mendes,Left Back,86.0,0.99502880398078,0.8589311928558677,95.0,0.9995788409703504,65.0,0.7434299191374663,76.0,0.9648332210242587,82.0,0.984332884097035,80.0,0.9880390835579514,77.0,0.8747051886792453
4-2-3-1,exp,0.0,1,CB1,21,232580,Gabriel,Center Back,88.0,0.9997095821450804,0.8799361080719177,64.0,0.2726162398921833,44.0,0.23269036388140163,64.0,0.66661051212938,65.0,0.44326987870619944,88.0,0.9997894204851752,84.0,0.991661051212938
4-2-3-1,exp,0.0,2,CB2,4,203376,Virgil van Dijk,Center Back,90.0,0.9961802750195612,0.8991405618794013,73.0,0.612449460916442,60.0,0.5613207547169812,72.0,0.910377358490566,72.0,0.8008338948787062,90.0,1.0,87.0,0.9988207547169812
4-2-3-1,exp,0.0,3,RB,8,235212,Achraf Hakimi,Right Back,89.0,0.8337612402261589,0.8530118759503204,92.0,0.9960832210242587,79.0,0.985427897574124,82.0,0.993766846361186,83.0,0.9884181266846361,82.0,0.9939353099730458,79.0,0.928108153638814
4-2-3-1,exp,0.0,4,DM1,29,256079,Moisés Caicedo,Defensive Midfielder,87.0,0.9827188664274614,0.8662413534479729,71.0,0.5314605795148248,64.0,0.7079262129380054,78.0,0.9788999326145552,81.0,0.9784787735849056,84.0,0.9973466981132075,82.0,0.9767941374663073
4-2-3-1,exp,0.0,5,DM2,62,215914,N'Golo Kanté,Defensive Midfielder,85.0,0.9692898560025314,0.8434740944005379,77.0,0.7560646900269542,65.0,0.7434299191374663,73.0,0.9278554582210242,80.0,0.9699292452830188,85.0,0.9983995956873315,79.0,0.928108153638814
4-2-3-1,exp,0.0,6,AM,20,256790,Jamal Musiala,Attacking Midfielder,88.0,0.92995252531437,0.8645895555691614,80.0,0.8408018867924528,82.0,0.9946512803234502,80.0,0.9884181266846361,90.0,0.9993682614555256,66.0,0.742798180592992,65.0,0.3587853773584906
4-2-3-1,exp,0.0,7,LW,15,238794,Vini Jr.,Left Winger,89.0,0.804790673085482,0.8465659247615198,95.0,0.9995788409703504,84.0,0.9978520889487871,81.0,0.9917452830188679,91.0,0.9997894204851752,29.0,0.10335242587601078,69.0,0.5345771563342318
4-2-3-1,exp,0.0,8,RW,0,209331,Mohamed Salah,Right Midfielder,91.0,0.6368583257414466,0.827385269106179,89.0,0.9816374663072777,88.0,0.9994103773584906,86.0,0.998862870619946,90.0,0.9993682614555256,45.0,0.29274764150943394,76.0,0.8431182614555256
4-2-3-1,exp,0.0,9,ST,6,239085,Erling Haaland,Striker,90.0,0.9999611285147314,0.8999912539158146,86.0,0.9560731132075472,91.0,0.9999157681940701,70.0,0.866576819407008,80.0,0.9699292452830188,45.0,0.29274764150943394,88.0,0.9994946091644205
4-2-3-1,exp,0.05,0,LB,42,252145,Nuno Mendes,Left Back,86.0,0.99502880398078,0.8589311928558677,95.0,0.9995788409703504,65.0,0.7434299191374663,76.0,0.9648332210242587,82.0,0.984332884097035,80.0,0.9880390835579514,77.0,0.8747051886792453
4-2-3-1,exp,0.05,1,CB1,4,203376,Virgil van Dijk,Center Back,90.0,0.9961802750195612,0.8991405618794013,73.0,0.612449460916442,60.0,0.5613207547169812,72.0,0.910377358490566,72.0,0.8008338948787062,90.0,1.0,87.0,0.9988207547169812
4-2-3-1,exp,0.05,2,CB2,21,232580,Gabriel,Center Back,88.0,0.9997095821450804,0.8799361080719177,64.0,0.2726162398921833,44.0,0.23269036388140163,64.0,0.66661051212938,65.0,0.44326987870619944,88.0,0.9997894204851752,84.0,0.991661051212938
4-2-3-1,exp,0.05,3,RB,8,235212,Achraf Hakimi,Right Back,89.0,0.8337612402261589,0.8530118759503204,92.0,0.9960832210242587,79.0,0.985427897574124,82.0,0.993766846361186,83.0,0.9884181266846361,82.0,0.9939353099730458,79.0,0.928108153638814
4-2-3-1,exp,0.05,4,DM1,29,256079,Moisés Caicedo,Defensive Midfielder,87.0,0.9827188664274614,0.8662413534479729,71.0,0.5314605795148248,64.0,0.7079262129380054,78.0,0.9788999326145552,81.0,0.9784787735849056,84.0,0.9973466981132075,82.0,0.9767941374663073
4-2-3-1,exp,0.05,5,DM2,62,215914,N'Golo Kanté,Defensive Midfielder,85.0,0.9692898560025314,0.8434740944005379,77.0,0.7560646900269542,65.0,0.7434299191374663,73.0,0.9278554582210242,80.0,0.9699292452830188,85.0,0.9983995956873315,79.0,0.928108153638814
4-2-3-1,exp,0.05,6,AM,20,256790,Jamal Musiala,Attacking Midfielder,88.0,0.92995252531437,0.8645895555691614,80.0,0.8408018867924528,82.0,0.9946512803234502,80.0,0.9884181266846361,90.0,0.9993682614555256,66.0,0.742798180592992,65.0,0.3587853773584906
4-2-3-1,exp,0.05,7,LW,15,238794,Vini Jr.,Left Winger,89.0,0.804790673085482,0.8465659247615198,95.0,0.9995788409703504,84.0,0.9978520889487871,81.0,0.9917452830188679,91.0,0.9997894204851752,29.0,0.10335242587601078,69.0,0.5345771563342318
4-2-3-1,exp,0.05,8,RW,0,209331,Mohamed Salah,Right Midfielder,91.0,0.6368583257414466,0.827385269106179,89.0,0.9816374663072777,88.0,0.9994103773584906,86.0,0.998862870619946,90.0,0.9993682614555256,45.0,0.29274764150943394,76.0,0.8431182614555256
4-2-3-1,exp,0.05,9,ST,6,239085,Erling Haaland,Striker,90.0,0.9999611285147314,0.8999912539158146,86.0,0.9560731132075472,91.0,0.9999157681940701,70.0,0.866576819407008,80.0,0.9699292452830188,45.0,0.29274764150943394,88.0,0.9994946091644205
4-2-3-1,exp,0.1,0,LB,42,252145,Nuno Mendes,Left Back,86.0,0.99502880398078,0.8589311928558677,95.0,0.9995788409703504,65.0,0.7434299191374663,76.0,0.9648332210242587,82.0,0.984332884097035,80.0,0.9880390835579514,77.0,0.8747051886792453
4-2-3-1,exp,0.1,1,CB1,4,203376,Virgil van Dijk,Center Back,90.0,0.9961802750195612,0.8991405618794013,73.0,0.612449460916442,60.0,0.5613207547169812,72.0,0.910377358490566,72.0,0.8008338948787062,90.0,1.0,87.0,0.9988207547169812
4-2-3-1,exp,0.1,2,CB2,21,232580,Gabriel,Center Back,88.0,0.9997095821450804,0.8799361080719177,64.0,0.2726162398921833,44.0,0.23269036388140163,64.0,0.66661051212938,65.0,0.44326987870619944,88.0,0.9997894204851752,84.0,0.991661051212938
4-2-3-1,exp,0.1,3,RB,8,235212,Achraf Hakimi,Right Back,89.0,0.8337612402261589,0.8530118759503204,92.0,0.9960832210242587,79.0,0.985427897574124,82.0,0.993766846361186,83.0,0.9884181266846361,82.0,0.9939353099730458,79.0,0.928108153638814
4-2-3-1,exp,0.1,4,DM1,29,256079,Moisés Caicedo,Defensive Midfielder,87.0,0.9827188664274614,0.8662413534479729,71.0,0.5314605795148248,64.0,0.7079262129380054,78.0,0.9788999326145552,81.0,0.9784787735849056,84.0,0.9973466981132075,82.0,0.9767941374663073
4-2-3-1,exp,0.1,5,DM2,62,215914,N'Golo Kanté,Defensive Midfielder,85.0,0.9692898560025314,0.8434740944005379,77.0,0.7560646900269542,65.0,0.7434299191374663,73.0,0.9278554582210242,80.0,0.9699292452830188,85.0,0.9983995956873315,79.0,0.928108153638814
4-2-3-1,exp,0.1,6,AM,20,256790,Jamal Musiala,Attacking Midfielder,88.0,0.92995252531437,0.8645895555691614,80.0,0.8408018867924528,82.0,0.9946512803234502,80.0,0.9884181266846361,90.0,0.9993682614555256,66.0,0.742798180592992,65.0,0.3587853773584906
4-2-3-1,exp,0.1,7,LW,15,238794,Vini Jr.,Left Winger,89.0,0.804790673085482,0.8465659247615198,95.0,0.9995788409703504,84.0,0.9978520889487871,81.0,0.9917452830188679,91.0,0.9997894204851752,29.0,0.10335242587601078,69.0,0.5345771563342318
4-2-3-1,exp,0.1,8,RW,0,209331,Mohamed Salah,Right Midfielder,91.0,0.6368583257414466,0.827385269106179,89.0,0.9816374663072777,88.0,0.9994103773584906,86.0,0.998862870619946,90.0,0.9993682614555256,45.0,0.29274764150943394,76.0,0.8431182614555256
4-2-3-1,exp,0.1,9,ST,6,239085,Erling Haaland,Striker,90.0,0.9999611285147314,0.8999912539158146,86.0,0.9560731132075472,91.0,0.9999157681940701,70.0,0.866576819407008,80.0,0.9699292452830188,45.0,0.29274764150943394,88.0,0.9994946091644205
4-2-3-1,exp,0.25,0,LB,42,252145,Nuno Mendes,Left Back,86.0,0.99502880398078,0.8589311928558677,95.0,0.9995788409703504,65.0,0.7434299191374663,76.0,0.9648332210242587,82.0,0.984332884097035,80.0,0.9880390835579514,77.0,0.8747051886792453
4-2-3-1,exp,0.25,1,CB1,4,203376,Virgil van Dijk,Center Back,90.0,0.9961802750195612,0.8991405618794013,73.0,0.612449460916442,60.0,0.5613207547169812,72.0,0.910377358490566,72.0,0.8008338948787062,90.0,1.0,87.0,0.9988207547169812
4-2-3-1,exp,0.25,2,CB2,21,232580,Gabriel,Center Back,88.0,0.9997095821450804,0.8799361080719177,64.0,0.2726162398921833,44.0,0.23269036388140163,64.0,0.66661051212938,65.0,0.44326987870619944,88.0,0.9997894204851752,84.0,0.991661051212938
4-2-3-1,exp,0.25,3,RB,8,235212,Achraf Hakimi,Right Back,89.0,0.8337612402261589,0.8530118759503204,92.0,0.9960832210242587,79.0,0.985427897574124,82.0,0.993766846361186,83.0,0.9884181266846361,82.0,0.9939353099730458,79.0,0.928108153638814
4-2-3-1,exp,0.25,4,DM1,29,256079,Moisés Caicedo,Defensive Midfielder,87.0,0.9827188664274614,0.8662413534479729,71.0,0.5314605795148248,64.0,0.7079262129380054,78.0,0.9788999326145552,81.0,0.9784787735849056,84.0,0.9973466981132075,82.0,0.9767941374663073
4-2-3-1,exp,0.25,5,DM2,62,215914,N'Golo Kanté,Defensive Midfielder,85.0,0.9692898560025314,0.8434740944005379,77.0,0.7560646900269542,65.0,0.7434299191374663,73.0,0.9278554582210242,80.0,0.9699292452830188,85.0,0.9983995956873315,79.0,0.928108153638814
4-2-3-1,exp,0.25,6,AM,20,256790,Jamal Musiala,Attacking Midfielder,88.0,0.92995252531437,0.8645895555691614,80.0,0.8408018867924528,82.0,0.9946512803234502,80.0,0.9884181266846361,90.0,0.9993682614555256,66.0,0.742798180592992,65.0,0.3587853773584906
4-2-3-1,exp,0.25,7,LW,15,238794,Vini Jr.,Left Winger,89.0,0.804790673085482,0.8465659247615198,95.0,0.9995788409703504,84.0,0.9978520889487871,81.0,0.9917452830188679,91.0,0.9997894204851752,29.0,0.10335242587601078,69.0,0.5345771563342318
4-2-3-1,exp,0.25,8,RW,0,209331,Mohamed Salah,Right Midfielder,91.0,0.6368583257414466,0.827385269106179,89.0,0.9816374663072777,88.0,0.9994103773584906,86.0,0.998862870619946,90.0,0.9993682614555256,45.0,0.29274764150943394,76.0,0.8431182614555256
4-2-3-1,exp,0.25,9,ST,6,239085,Erling Haaland,Striker,90.0,0.9999611285147314,0.8999912539158146,86.0,0.9560731132075472,91.0,0.9999157681940701,70.0,0.866576819407008,80.0,0.9699292452830188,45.0,0.29274764150943394,88.0,0.9994946091644205
4-2-3-1,exp,0.5,0,LB,42,252145,Nuno Mendes,Left Back,86.0,0.99502880398078,0.8589311928558677,95.0,0.9995788409703504,65.0,0.7434299191374663,76.0,0.9648332210242587,82.0,0.984332884097035,80.0,0.9880390835579514,77.0,0.8747051886792453
4-2-3-1,exp,0.5,1,CB1,4,203376,Virgil van Dijk,Center Back,90.0,0.9961802750195612,0.8991405618794013,73.0,0.612449460916442,60.0,0.5613207547169812,72.0,0.910377358490566,72.0,0.8008338948787062,90.0,1.0,87.0,0.9988207547169812
4-2-3-1,exp,0.5,2,CB2,31,207865,Marquinhos,Center Back,87.0,0.9802460611648384,0.8657035183033523,78.0,0.7868092991913747,56.0,0.4365734501347709,75.0,0.9548096361185984,74.0,0.8688510781671159,89.0,0.9999157681940701,80.0,0.948997641509434
4-2-3-1,exp,0.5,3,RB,8,235212,Achraf Hakimi,Right Back,89.0,0.8337612402261589,0.8530118759503204,92.0,0.9960832210242587,79.0,0.985427897574124,82.0,0.993766846361186,83.0,0.9884181266846361,82.0,0.9939353099730458,79.0,0.928108153638814
4-2-3-1,exp,0.5,4,DM1,29,256079,Moisés Caicedo,Defensive Midfielder,87.0,0.9827188664274614,0.8662413534479729,71.0,0.5314605795148248,64.0,0.7079262129380054,78.0,0.9788999326145552,81.0,0.9784787735849056,84.0,0.9973466981132075,82.0,0.9767941374663073
4-2-3-1,exp,0.5,5,DM2,62,215914,N'Golo Kanté,Defensive Midfielder,85.0,0.9692898560025314,0.8434740944005379,77.0,0.7560646900269542,65.0,0.7434299191374663,73.0,0.9278554582210242,80.0,0.9699292452830188,85.0,0.9983995956873315,79.0,0.928108153638814
4-2-3-1,exp,0.5,6,AM,20,256790,Jamal Musiala,Attacking Midfielder,88.0,0.92995252531437,0.8645895555691614,80.0,0.8408018867924528,82.0,0.9946512803234502,80.0,0.9884181266846361,90.0,0.9993682614555256,66.0,0.742798180592992,65.0,0.3587853773584906
4-2-3-1,exp,0.5,7,LW,15,238794,Vini Jr.,Left Winger,89.0,0.804790673085482,0.8465659247615198,95.0,0.9995788409703504,84.0,0.9978520889487871,81.0,0.9917452830188679,91.0,0.9997894204851752,29.0,0.10335242587601078,69.0,0.5345771563342318
4-2-3-1,exp,0.5,8,RW,0,209331,Mohamed Salah,Right Midfielder,91.0,0.6368583257414466,0.827385269106179,89.0,0.9816374663072777,88.0,0.9994103773584906,86.0,0.998862870619946,90.0,0.9993682614555256,45.0,0.29274764150943394,76.0,0.8431182614555256
4-2-3-1,exp,0.5,9,ST,6,239085,Erling Haaland,Striker,90.0,0.9999611285147314,0.8999912539158146,86.0,0.9560731132075472,91.0,0.9999157681940701,70.0,0.866576819407008,80.0,0.9699292452830188,45.0,0.29274764150943394,88.0,0.9994946091644205
4-2-3-1,exp,1.0,0,LB,42,252145,Nuno Mendes,Left Back,86.0,0.99502880398078,0.8589311928558677,95.0,0.9995788409703504,65.0,0.7434299191374663,76.0,0.9648332210242587,82.0,0.984332884097035,80.0,0.9880390835579514,77.0,0.8747051886792453
4-2-3-1,exp,1.0,1,CB1,4,203376,Virgil van Dijk,Center Back,90.0,0.9961802750195612,0.8991405618794013,73.0,0.612449460916442,60.0,0.5613207547169812,72.0,0.910377358490566,72.0,0.8008338948787062,90.0,1.0,87.0,0.9988207547169812
4-2-3-1,exp,1.0,2,CB2,31,207865,Marquinhos,Center Back,87.0,0.9802460611648384,0.8657035183033523,78.0,0.7868092991913747,56.0,0.4365734501347709,75.0,0.9548096361185984,74.0,0.8688510781671159,89.0,0.9999157681940701,80.0,0.948997641509434
4-2-3-1,exp,1.0,3,RB,8,235212,Achraf Hakimi,Right Back,89.0,0.8337612402261589,0.8530118759503204,92.0,0.9960832210242587,79.0,0.985427897574124,82.0,0.993766846361186,83.0,0.9884181266846361,82.0,0.9939353099730458,79.0,0.928108153638814
4-2-3-1,exp,1.0,4,DM1,29,256079,Moisés Caicedo,Defensive Midfielder,87.0,0.9827188664274614,0.8662413534479729,71.0,0.5314605795148248,64.0,0.7079262129380054,78.0,0.9788999326145552,81.0,0.9784787735849056,84.0,0.9973466981132075,82.0,0.9767941374663073
4-2-3-1,exp,1.0,5,DM2,62,215914,N'Golo Kanté,Defensive Midfielder,85.0,0.9692898560025314,0.8434740944005379,77.0,0.7560646900269542,65.0,0.7434299191374663,73.0,0.9278554582210242,80.0,0.9699292452830188,85.0,0.9983995956873315,79.0,0.928108153638814
4-2-3-1,exp,1.0,6,AM,20,256790,Jamal Musiala,Attacking Midfielder,88.0,0.92995252531437,0.8645895555691614,80.0,0.8408018867924528,82.0,0.9946512803234502,80.0,0.9884181266846361,90.0,0.9993682614555256,66.0,0.742798180592992,65.0,0.3587853773584906
4-2-3-1,exp,1.0,7,LW,15,238794,Vini Jr.,Left Winger,89.0,0.804790673085482,0.8465659247615198,95.0,0.9995788409703504,84.0,0.9978520889487871,81.0,0.9917452830188679,91.0,0.9997894204851752,29.0,0.10335242587601078,69.0,0.5345771563342318
4-2-3-1,exp,1.0,8,RW,0,209331,Mohamed Salah,Right Midfielder,91.0,0.6368583257414466,0.827385269106179,89.0,0.9816374663072777,88.0,0.9994103773584906,86.0,0.998862870619946,90.0,0.9993682614555256,45.0,0.29274764150943394,76.0,0.8431182614555256
4-2-3-1,exp,1.0,9,ST,6,239085,Erling Haaland,Striker,90.0,0.9999611285147314,0.8999912539158146,86.0,0.9560731132075472,91.0,0.9999157681940701,70.0,0.866576819407008,80.0,0.9699292452830188,45.0,0.29274764150943394,88.0,0.9994946091644205
4-4-2,sqrt,0.0,0,LB,42,252145,Nuno Mendes,Left Back,86.0,0.99502880398078,0.8589311928558677,95.0,0.9995788409703504,65.0,0.7434299191374663,76.0,0.9648332210242587,82.0,0.984332884097035,80.0,0.9880390835579514,77.0,0.8747051886792453
4-4-2,sqrt,0.0,1,CB1,4,203376,Virgil van Dijk,Center Back,90.0,0.9961802750195612,0.8991405618794013,73.0,0.612449460916442,60.0,0.5613207547169812,72.0,0.910377358490566,72.0,0.8008338948787062,90.0,1.0,87.0,0.9988207547169812
4-4-2,sqrt,0.0,2,CB2,21,232580,Gabriel,Center Back,88.0,0.9997095821450804,0.8799361080719177,64.0,0.2726162398921833,44.0,0.23269036388140163,64.0,0.66661051212938,65.0,0.44326987870619944,88.0,0.9997894204851752,84.0,0.991661051212938
4-4-2,sqrt,0.0,3,RB,8,235212,Achraf Hakimi,Right Back,89.0,0.8337612402261589,0.8530118759503204,92.0,0.9960832210242587,79.0,0.985427897574124,82.0,0.993766846361186,83.0,0.9884181266846361,82.0,0.9939353099730458,79.0,0.928108153638814
4-4-2,sqrt,0.0,4,LM,468,257980,Dan Ndoye,Left Midfielder,79.0,0.6956324948037924,0.729887417723749,89.0,0.9816374663072777,72.0,0.9205272911051213,70.0,0.866576819407008,81.0,0.9784787735849056,62.0,0.5725235849056604,68.0,0.48850235849056606
4-4-2,sqrt,0.0,5,CM1,10,255253,Vitinha,Central Midfielder,89.0,0.795899749002126,0.8445876941529731,72.0,0.5712601078167115,80.0,0.9888814016172507,86.0,0.998862870619946,90.0,0.9993682614555256,75.0,0.9551886792452831,70.0,0.5805677223719676
4-4-2,sqrt,0.0,6,CM2,11,251854,Pedri,Central Midfielder,89.0,0.8770553125530485,0.8626448070430534,77.0,0.7560646900269542,73.0,0.9365313342318059,85.0,0.9979363207547169,91.0,0.9997894204851752,78.0,0.9791947439353099,77.0,0.8747051886792453
4-4-2,sqrt,0.0,7,RM,22,246669,Bukayo Saka,Right Winger,88.0,0.4636782264920498,0.7620092098282509,84.0,0.9312247304582211,82.0,0.9946512803234502,85.0,0.9979363207547169,88.0,0.9985680592991913,60.0,0.49503032345013476,73.0,0.719802897574124
4-4-2,sqrt,0.0,8,ST1,13,202126,Harry Kane,Striker,89.0,0.9841806203997862,0.8864801880389525,64.0,0.2726162398921833,92.0,1.0,83.0,0.9952830188679245,82.0,0.984332884097035,48.0,0.31620619946091644,82.0,0.9767941374663073
4-4-2,sqrt,0.0,9,ST2,6,239085,Erling Haaland,Striker,90.0,0.9999611285147314,0.8999912539158146,86.0,0.9560731132075472,91.0,0.9999157681940701,70.0,0.866576819407008,80.0,0.9699292452830188,45.0,0.29274764150943394,88.0,0.9994946091644205
4-4-2,sqrt,0.05,0,LB,42,252145,Nuno Mendes,Left Back,86.0,0.99502880398078,0.8589311928558677,95.0,0.9995788409703504,65.0,0.7434299191374663,76.0,0.9648332210242587,82.0,0.984332884097035,80.0,0.9880390835579514,77.0,0.8747051886792453
4-4-2,sqrt,0.05,1,CB1,21,232580,Gabriel,Center Back,88.0,0.9997095821450804,0.8799361080719177,64.0,0.2726162398921833,44.0,0.23269036388140163,64.0,0.66661051212938,65.0,0.44326987870619944,88.0,0.9997894204851752,84.0,0.991661051212938
4-4-2,sqrt,0.05,2,CB2,4,203376,Virgil van Dijk,Center Back,90.0,0.9961802750195612,0.8991405618794013,73.0,0.612449460916442,60.0,0.5613207547169812,72.0,0.910377358490566,72.0,0.8008338948787062,90.0,1.0,87.0,0.9988207547169812
4-4-2,sqrt,0.05,3,RB,8,235212,Achraf Hakimi,Right Back,89.0,0.8337612402261589,0.8530118759503204,92.0,0.9960832210242587,79.0,0.985427897574124,82.0,0.993766846361186,83.0,0.9884181266846361,82.0,0.9939353099730458,79.0,0.928108153638814
4-4-2,sqrt,0.05,4,LM,468,257980,Dan Ndoye,Left Midfielder,79.0,0.6956324948037924,0.729887417723749,89.0,0.9816374663072777,72.0,0.9205272911051213,70.0,0.866576819407008,81.0,0.9784787735849056,62.0,0.5725235849056604,68.0,0.48850235849056606
4-4-2,sqrt,0.05,5,CM1,10,255253,Vitinha,Central Midfielder,89.0,0.795899749002126,0.8445876941529731,72.0,0.5712601078167115,80.0,0.9888814016172507,86.0,0.998862870619946,90.0,0.9993682614555256,75.0,0.9551886792452831,70.0,0.5805677223719676
4-4-2,sqrt,0.05,6,CM2,11,251854,Pedri,Central Midfielder,89.0,0.8770553125530485,0.8626448070430534,77.0,0.7560646900269542,73.0,0.9365313342318059,85.0,0.9979363207547169,91.0,0.9997894204851752,78.0,0.9791947439353099,77.0,0.8747051886792453
4-4-2,sqrt,0.05,7,RM,22,246669,Bukayo Saka,Right Winger,88.0,0.4636782264920498,0.7620092098282509,84.0,0.9312247304582211,82.0,0.9946512803234502,85.0,0.9979363207547169,88.0,0.9985680592991913,60.0,0.49503032345013476,73.0,0.719802897574124
4-4-2,sqrt,0.05,8,ST1,6,239085,Erling Haaland,Striker,90.0,0.9999611285147314,0.8999912539158146,86.0,0.9560731132075472,91.0,0.9999157681940701,70.0,0.866576819407008,80.0,0.9699292452830188,45.0,0.29274764150943394,88.0,0.9994946091644205
4-4-2,sqrt,0.05,9,ST2,13,202126,Harry Kane,Striker,89.0,0.9841806203997862,0.8864801880389525,64.0,0.2726162398921833,92.0,1.0,83.0,0.9952830188679245,82.0,0.984332884097035,48.0,0.31620619946091644,82.0,0.9767941374663073
4-4-2,sqrt,0.1,0,LB,42,252145,Nuno Mendes,Left Back,86.0,0.99502880398078,0.8589311928558677,95.0,0.9995788409703504,65.0,0.7434299191374663,76.0,0.9648332210242587,82.0,0.984332884097035,80.0,0.9880390835579514,77.0,0.8747051886792453
4-4-2,sqrt,0.1,1,CB1,21,232580,Gabriel,Center Back,88.0,0.9997095821450804,0.8799361080719177,64.0,0.2726162398921833,44.0,0.23269036388140163,64.0,0.66661051212938,65.0,0.44326987870619944,88.0,0.9997894204851752,84.0,0.991661051212938
4-4-2,sqrt,0.1,2,CB2,4,203376,Virgil van Dijk,Center Back,90.0,0.9961802750195612,0.8991405618794013,73.0,0.612449460916442,60.0,0.5613207547169812,72.0,0.910377358490566,72.0,0.8008338948787062,90.0,1.0,87.0,0.9988207547169812
4-4-2,sqrt,0.1,3,RB,8,235212,Achraf Hakimi,Right Back,89.0,0.8337612402261589,0.8530118759503204,92.0,0.9960832210242587,79.0,0.985427897574124,82.0,0.993766846361186,83.0,0.9884181266846361,82.0,0.9939353099730458,79.0,0.928108153638814
4-4-2,sqrt,0.1,4,LM,468,257980,Dan Ndoye,Left Midfielder,79.0,0.6956324948037924,0.729887417723749,89.0,0.9816374663072777,72.0,0.9205272911051213,70.0,0.866576819407008,81.0,0.9784787735849056,62.0,0.5725235849056604,68.0,0.48850235849056606
4-4-2,sqrt,0.1,5,CM1,10,255253,Vitinha,Central Midfielder,89.0,0.795899749002126,0.8445876941529731,72.0,0.5712601078167115,80.0,0.9888814016172507,86.0,0.998862870619946,90.0,0.9993682614555256,75.0,0.9551886792452831,70.0,0.5805677223719676
4-4-2,sqrt,0.1,6,CM2,11,251854,Pedri,Central Midfielder,89.0,0.8770553125530485,0.8626448070430534,77.0,0.7560646900269542,73.0,0.9365313342318059,85.0,0.9979363207547169,91.0,0.9997894204851752,78.0,0.9791947439353099,77.0,0.8747051886792453
4-4-2,sqrt,0.1,7,RM,22,246669,Bukayo Saka,Right Winger,88.0,0.4636782264920498,0.7620092098282509,84.0,0.9312247304582211,82.0,0.9946512803234502,85.0,0.9979363207547169,88.0,0.9985680592991913,60.0,0.49503032345013476,73.0,0.719802897574124
4-4-2,sqrt,0.1,8,ST1,6,239085,Erling Haaland,Striker,90.0,0.9999611285147314,0.8999912539158146,86.0,0.9560731132075472,91.0,0.9999157681940701,70.0,0.866576819407008,80.0,0.9699292452830188,45.0,0.29274764150943394,88.0,0.9994946091644205
4-4-2,sqrt,0.1,9,ST2,13,202126,Harry Kane,Striker,89.0,0.9841806203997862,0.8864801880389525,64.0,0.2726162398921833,92.0,1.0,83.0,0.9952830188679245,82.0,0.984332884097035,48.0,0.31620619946091644,82.0,0.9767941374663073
4-4-2,sqrt,0.25,0,LB,42,252145,Nuno Mendes,Left Back,86.0,0.99502880398078,0.8589311928558677,95.0,0.9995788409703504,65.0,0.7434299191374663,76.0,0.9648332210242587,82.0,0.984332884097035,80.0,0.9880390835579514,77.0,0.8747051886792453
4-4-2,sqrt,0.25,1,CB1,31,207865,Marquinhos,Center Back,87.0,0.9802460611648384,0.8657035183033523,78.0,0.7868092991913747,56.0,0.4365734501347709,75.0,0.9548096361185984,74.0,0.8688510781671159,89.0,0.9999157681940701,80.0,0.948997641509434
4-4-2,sqrt,0.25,2,CB2,4,203376,Virgil van Dijk,Center Back,90.0,0.9961802750195612,0.8991405618794013,73.0,0.612449460916442,60.0,0.5613207547169812,72.0,0.910377358490566,72.0,0.8008338948787062,90.0,1.0,87.0,0.9988207547169812
4-4-2,sqrt,0.25,3,RB,8,235212,Achraf Hakimi,Right Back,89.0,0.8337612402261589,0.8530118759503204,92.0,0.9960832210242587,79.0,0.985427897574124,82.0,0.993766846361186,83.0,0.9884181266846361,82.0,0.9939353099730458,79.0,0.928108153638814
4-4-2,sqrt,0.25,4,LM,7,233419,Raphinha,Left Midfielder,89.0,0.2559999929925542,0.7244599984408433,91.0,0.9929666442048517,84.0,0.9978520889487871,85.0,0.9979363207547169,87.0,0.9975151617250674,53.0,0.3545737870619946,75.0,0.8055087601078167
4-4-2,sqrt,0.25,5,CM1,10,255253,Vitinha,Central Midfielder,89.0,0.795899749002126,0.8445876941529731,72.0,0.5712601078167115,80.0,0.9888814016172507,86.0,0.998862870619946,90.0,0.9993682614555256,75.0,0.9551886792452831,70.0,0.5805677223719676
4-4-2,sqrt,0.25,6,CM2,11,251854,Pedri,Central Midfielder,89.0,0.8770553125530485,0.8626448070430534,77.0,0.7560646900269542,73.0,0.9365313342318059,85.0,0.9979363207547169,91.0,0.9997894204851752,78.0,0.9791947439353099,77.0,0.8747051886792453
4-4-2,sqrt,0.25,7,RM,22,246669,Bukayo Saka,Right Winger,88.0,0.4636782264920498,0.7620092098282509,84.0,0.9312247304582211,82.0,0.9946512803234502,85.0,0.9979363207547169,88.0,0.9985680592991913,60.0,0.49503032345013476,73.0,0.719802897574124
4-4-2,sqrt,0.25,8,ST1,6,239085,Erling Haaland,Striker,90.0,0.9999611285147314,0.8999912539158146,86.0,0.9560731132075472,91.0,0.9999157681940701,70.0,0.866576819407008,80.0,0.9699292452830188,45.0,0.29274764150943394,88.0,0.9994946091644205
4-4-2,sqrt,0.25,9,ST2,18,231478,Lautaro Martínez,Striker,88.0,0.9957760401692644,0.8790707288372382,81.0,0.867713948787062,88.0,0.9994103773584906,75.0,0.9548096361185984,84.0,0.9919137466307277,51.0,0.33878032345013476,83.0,0.9852594339622641
4-4-2,sqrt,0.5,0,LB,42,252145,Nuno Mendes,Left Back,86.0,0.99502880398078,0.8589311928558677,95.0,0.9995788409703504,65.0,0.7434299191374663,76.0,0.9648332210242587,82.0,0.984332884097035,80.0,0.9880390835579514,77.0,0.8747051886792453
4-4-2,sqrt,0.5,1,CB1,4,203376,Virgil van Dijk,Center Back,90.0,0.9961802750195612,0.8991405618794013,73.0,0.612449460916442,60.0,0.5613207547169812,72.0,0.910377358490566,72.0,0.8008338948787062,90.0,1.0,87.0,0.9988207547169812
4-4-2,sqrt,0.5,2,CB2,31,207865,Marquinhos,Center Back,87.0,0.9802460611648384,0.8657035183033523,78.0,0.7868092991913747,56.0,0.4365734501347709,75.0,0.9548096361185984,74.0,0.8688510781671159,89.0,0.9999157681940701,80.0,0.948997641509434
4-4-2,sqrt,0.5,3,RB,8,235212,Achraf Hakimi,Right Back,89.0,0.8337612402261589,0.8530118759503204,92.0,0.9960832210242587,79.0,0.985427897574124,82.0,0.993766846361186,83.0,0.9884181266846361,82.0,0.9939353099730458,79.0,0.928108153638814
4-4-2,sqrt,0.5,4,LM,7,233419,Raphinha,Left Midfielder,89.0,0.2559999929925542,0.7244599984408433,91.0,0.9929666442048517,84.0,0.9978520889487871,85.0,0.9979363207547169,87.0,0.9975151617250674,53.0,0.3545737870619946,75.0,0.8055087601078167
4-4-2,sqrt,0.5,5,CM1,11,251854,Pedri,Central Midfielder,89.0,0.8770553125530485,0.8626448070430534,77.0,0.7560646900269542,73.0,0.9365313342318059,85.0,0.9979363207547169,91.0,0.9997894204851752,78.0,0.9791947439353099,77.0,0.8747051886792453
4-4-2,sqrt,0.5,6,CM2,14,239053,Federico Valverde,Central Midfielder,89.0,0.6911176064634604,0.82127366743812,88.0,0.9748146900269542,84.0,0.9978520889487871,84.0,0.9966307277628033,84.0,0.9919137466307277,83.0,0.995788409703504,85.0,0.9954093665768194
4-4-2,sqrt,0.5,7,RM,22,246669,Bukayo Saka,Right Winger,88.0,0.4636782264920498,0.7620092098282509,84.0,0.9312247304582211,82.0,0.9946512803234502,85.0,0.9979363207547169,88.0,0.9985680592991913,60.0,0.49503032345013476,73.0,0.719802897574124
4-4-2,sqrt,0.5,8,ST1,6,239085,Erling Haaland,Striker,90.0,0.9999611285147314,0.8999912539158146,86.0,0.9560731132075472,91.0,0.9999157681940701,70.0,0.866576819407008,80.0,0.9699292452830188,45.0,0.29274764150943394,88.0,0.9994946091644205
4-4-2,sqrt,0.5,9,ST2,18,231478,Lautaro Martínez,Striker,88.0,0.9957760401692644,0.8790707288372382,81.0,0.867713948787062,88.0,0.9994103773584906,75.0,0.9548096361185984,84.0,0.9919137466307277,51.0,0.33878032345013476,83.0,0.9852594339622641
4-4-2,sqrt,1.0,0,LB,42,252145,Nuno Mendes,Left Back,86.0,0.99502880398078,0.8589311928558677,95.0,0.9995788409703504,65.0,0.7434299191374663,76.0,0.9648332210242587,82.0,0.984332884097035,80.0,0.9880390835579514,77.0,0.8747051886792453
4-4-2,sqrt,1.0,1,CB1,31,207865,Marquinhos,Center Back,87.0,0.9802460611648384,0.8657035183033523,78.0,0.7868092991913747,56.0,0.4365734501347709,75.0,0.9548096361185984,74.0,0.8688510781671159,89.0,0.9999157681940701,80.0,0.948997641509434
4-4-2,sqrt,1.0,2,CB2,4,203376,Virgil van Dijk,Center Back,90.0,0.9961802750195612,0.8991405618794013,73.0,0.612449460916442,60.0,0.5613207547169812,72.0,0.910377358490566,72.0,0.8008338948787062,90.0,1.0,87.0,0.9988207547169812
4-4-2,sqrt,1.0,3,RB,8,235212,Achraf Hakimi,Right Back,89.0,0.8337612402261589,0.8530118759503204,92.0,0.9960832210242587,79.0,0.985427897574124,82.0,0.993766846361186,83.0,0.9884181266846361,82.0,0.9939353099730458,79.0,0.928108153638814
4-4-2,sqrt,1.0,4,LM,255,208574,Filip Kostić,Left Midfielder,81.0,0.5011509877199201,0.7089830750132838,82.0,0.8927307951482479,76.0,0.968707884097035,81.0,0.9917452830188679,80.0,0.9699292452830188,70.0,0.8735259433962265,77.0,0.8747051886792453
4-4-2,sqrt,1.0,5,CM1,14,239053,Federico Valverde,Central Midfielder,89.0,0.6911176064634604,0.82127366743812,88.0,0.9748146900269542,84.0,0.9978520889487871,84.0,0.9966307277628033,84.0,0.9919137466307277,83.0,0.995788409703504,85.0,0.9954093665768194
4-4-2,sqrt,1.0,6,CM2,11,251854,Pedri,Central Midfielder,89.0,0.8770553125530485,0.8626448070430534,77.0,0.7560646900269542,73.0,0.9365313342318059,85.0,0.9979363207547169,91.0,0.9997894204851752,78.0,0.9791947439353099,77.0,0.8747051886792453
4-4-2,sqrt,1.0,7,RM,22,246669,Bukayo Saka,Right Winger,88.0,0.4636782264920498,0.7620092098282509,84.0,0.9312247304582211,82.0,0.9946512803234502,85.0,0.9979363207547169,88.0,0.9985680592991913,60.0,0.49503032345013476,73.0,0.719802897574124
4-4-2,sqrt,1.0,8,ST1,6,239085,Erling Haaland,Striker,90.0,0.9999611285147314,0.8999912539158146,86.0,0.9560731132075472,91.0,0.9999157681940701,70.0,0.866576819407008,80.0,0.9699292452830188,45.0,0.29274764150943394,88.0,0.9994946091644205
4-4-2,sqrt,1.0,9,ST2,18,231478,Lautaro Martínez,Striker,88.0,0.9957760401692644,0.8790707288372382,81.0,0.867713948787062,88.0,0.9994103773584906,75.0,0.9548096361185984,84.0,0.9919137466307277,51.0,0.33878032345013476,83.0,0.9852594339622641
4-4-2,log,0.0,0,LB,42,252145,Nuno Mendes,Left Back,86.0,0.99502880398078,0.8589311928558677,95.0,0.9995788409703504,65.0,0.7434299191374663,76.0,0.9648332210242587,82.0,0.984332884097035,80.0,0.9880390835579514,77.0,0.8747051886792453
4-4-2,log,0.0,1,CB1,4,203376,Virgil van Dijk,Center Back,90.0,0.9961802750195612,0.8991405618794013,73.0,0.612449460916442,60.0,0.5613207547169812,72.0,0.910377358490566,72.0,0.8008338948787062,90.0,1.0,87.0,0.9988207547169812
4-4-2,log,0.0,2,CB2,21,232580,Gabriel,Center Back,88.0,0.9997095821450804,0.8799361080719177,64.0,0.2726162398921833,44.0,0.23269036388140163,64.0,0.66661051212938,65.0,0.44326987870619944,88.0,0.9997894204851752,84.0,0.991661051212938
4-4-2,log,0.0,3,RB,8,235212,Achraf Hakimi,Right Back,89.0,0.8337612402261589,0.8530118759503204,92.0,0.9960832210242587,79.0,0.985427897574124,82.0,0.993766846361186,83.0,0.9884181266846361,82.0,0.9939353099730458,79.0,0.928108153638814
4-4-2,log,0.0,4,LM,468,257980,Dan Ndoye,Left Midfielder,79.0,0.6956324948037924,0.729887417723749,89.0,0.9816374663072777,72.0,0.9205272911051213,70.0,0.866576819407008,81.0,0.9784787735849056,62.0,0.5725235849056604,68.0,0.48850235849056606
4-4-2,log,0.0,5,CM1,10,255253,Vitinha,Central Midfielder,89.0,0.795899749002126,0.8445876941529731,72.0,0.5712601078167115,80.0,0.9888814016172507,86.0,0.998862870619946,90.0,0.9993682614555256,75.0,0.9551886792452831,70.0,0.5805677223719676
4-4-2,log,0.0,6,CM2,11,251854,Pedri,Central Midfielder,89.0,0.8770553125530485,0.8626448070430534,77.0,0.7560646900269542,73.0,0.9365313342318059,85.0,0.9979363207547169,91.0,0.9997894204851752,78.0,0.9791947439353099,77.0,0.8747051886792453
4-4-2,log,0.0,7,RM,22,246669,Bukayo Saka,Right Winger,88.0,0.4636782264920498,0.7620092098282509,84.0,0.9312247304582211,82.0,0.9946512803234502,85.0,0.9979363207547169,88.0,0.9985680592991913,60.0,0.49503032345013476,73.0,0.719802897574124
4-4-2,log,0.0,8,ST1,13,202126,Harry Kane,Striker,89.0,0.9841806203997862,0.8864801880389525,64.0,0.2726162398921833,92.0,1.0,83.0,0.9952830188679245,82.0,0.984332884097035,48.0,0.31620619946091644,82.0,0.9767941374663073
4-4-2,log,0.0,9,ST2,6,239085,Erling Haaland,Striker,90.0,0.9999611285147314,0.8999912539158146,86.0,0.9560731132075472,91.0,0.9999157681940701,70.0,0.866576819407008,80.0,0.9699292452830188,45.0,0.29274764150943394,88.0,0.9994946091644205
4-4-2,log,0.05,0,LB,42,252145,Nuno Mendes,Left Back,86.0,0.99502880398078,0.8589311928558677,95.0,0.9995788409703504,65.0,0.7434299191374663,76.0,0.9648332210242587,82.0,0.984332884097035,80.0,0.9880390835579514,77.0,0.8747051886792453
4-4-2,log,0.05,1,CB1,21,232580,Gabriel,Center Back,88.0,0.9997095821450804,0.8799361080719177,64.0,0.2726162398921833,44.0,0.23269036388140163,64.0,0.66661051212938,65.0,0.44326987870619944,88.0,0.9997894204851752,84.0,0.991661051212938
4-4-2,log,0.05,2,CB2,4,203376,Virgil van Dijk,Center Back,90.0,0.9961802750195612,0.8991405618794013,73.0,0.612449460916442,60.0,0.5613207547169812,72.0,0.910377358490566,72.0,0.8008338948787062,90.0,1.0,87.0,0.9988207547169812
4-4-2,log,0.05,3,RB,8,235212,Achraf Hakimi,Right Back,89.0,0.8337612402261589,0.8530118759503204,92.0,0.9960832210242587,79.0,0.985427897574124,82.0,0.993766846361186,83.0,0.9884181266846361,82.0,0.9939353099730458,79.0,0.928108153638814
4-4-2,log,0.05,4,LM,468,257980,Dan Ndoye,Left Midfielder,79.0,0.6956324948037924,0.729887417723749,89.0,0.9816374663072777,72.0,0.9205272911051213,70.0,0.866576819407008,81.0,0.9784787735849056,62.0,0.5725235849056604,68.0,0.48850235849056606
4-4-2,log,0.05,5,CM1,10,255253,Vitinha,Central Midfielder,89.0,0.795899749002126,0.8445876941529731,72.0,0.5712601078167115,80.0,0.9888814016172507,86.0,0.998862870619946,90.0,0.9993682614555256,75.0,0.9551886792452831,70.0,0.5805677223719676
4-4-2,log,0.05,6,CM2,11,251854,Pedri,Central Midfielder,89.0,0.8770553125530485,0.8626448070430534,77.0,0.7560646900269542,73.0,0.9365313342318059,85.0,0.9979363207547169,91.0,0.9997894204851752,78.0,0.9791947439353099,77.0,0.8747051886792453
4-4-2,log,0.05,7,RM,22,246669,Bukayo Saka,Right Winger,88.0,0.4636782264920498,0.7620092098282509,84.0,0.9312247304582211,82.0,0.9946512803234502,85.0,0.9979363207547169,88.0,0.9985680592991913,60.0,0.49503032345013476,73.0,0.719802897574124
4-4-2,log,0.05,8,ST1,6,239085,Erling Haaland,Striker,90.0,0.9999611285147314,0.8999912539158146,86.0,0.9560731132075472,91.0,0.9999157681940701,70.0,0.866576819407008,80.0,0.9699292452830188,45.0,0.29274764150943394,88.0,0.9994946091644205
4-4-2,log,0.05,9,ST2,13,202126,Harry Kane,Striker,89.0,0.9841806203997862,0.8864801880389525,64.0,0.2726162398921833,92.0,1.0,83.0,0.9952830188679245,82.0,0.984332884097035,48.0,0.31620619946091644,82.0,0.9767941374663073
4-4-2,log,0.1,0,LB,42,252145,Nuno Mendes,Left Back,86.0,0.99502880398078,0.8589311928558677,95.0,0.9995788409703504,65.0,0.7434299191374663,76.0,0.9648332210242587,82.0,0.984332884097035,80.0,0.9880390835579514,77.0,0.8747051886792453
4-4-2,log,0.1,1,CB1,21,232580,Gabriel,Center Back,88.0,0.9997095821450804,0.8799361080719177,64.0,0.2726162398921833,44.0,0.23269036388140163,64.0,0.66661051212938,65.0,0.44326987870619944,88.0,0.9997894204851752,84.0,0.991661051212938
4-4-2,log,0.1,2,CB2,4,203376,Virgil van Dijk,Center Back,90.0,0.9961802750195612,0.8991405618794013,73.0,0.612449460916442,60.0,0.5613207547169812,72.0,0.910377358490566,72.0,0.8008338948787062,90.0,1.0,87.0,0.9988207547169812
4-4-2,log,0.1,3,RB,8,235212,Achraf Hakimi,Right Back,89.0,0.8337612402261589,0.8530118759503204,92.0,0.9960832210242587,79.0,0.985427897574124,82.0,0.993766846361186,83.0,0.9884181266846361,82.0,0.9939353099730458,79.0,0.928108153638814
4-4-2,log,0.1,4,LM,468,257980,Dan Ndoye,Left Midfielder,79.0,0.6956324948037924,0.729887417723749,89.0,0.9816374663072777,72.0,0.9205272911051213,70.0,0.866576819407008,81.0,0.9784787735849056,62.0,0.5725235849056604,68.0,0.48850235849056606
4-4-2,log,0.1,5,CM1,10,255253,Vitinha,Central Midfielder,89.0,0.795899749002126,0.8445876941529731,72.0,0.5712601078167115,80.0,0.9888814016172507,86.0,0.998862870619946,90.0,0.9993682614555256,75.0,0.9551886792452831,70.0,0.5805677223719676
4-4-2,log,0.1,6,CM2,11,251854,Pedri,Central Midfielder,89.0,0.8770553125530485,0.8626448070430534,77.0,0.7560646900269542,73.0,0.9365313342318059,85.0,0.9979363207547169,91.0,0.9997894204851752,78.0,0.9791947439353099,77.0,0.8747051886792453
4-4-2,log,0.1,7,RM,22,246669,Bukayo Saka,Right Winger,88.0,0.4636782264920498,0.7620092098282509,84.0,0.9312247304582211,82.0,0.9946512803234502,85.0,0.9979363207547169,88.0,0.9985680592991913,60.0,0.49503032345013476,73.0,0.719802897574124
4-4-2,log,0.1,8,ST1,6,239085,Erling Haaland,Striker,90.0,0.9999611285147314,0.8999912539158146,86.0,0.9560731132075472,91.0,0.9999157681940701,70.0,0.866576819407008,80.0,0.9699292452830188,45.0,0.29274764150943394,88.0,0.9994946091644205
4-4-2,log,0.1,9,ST2,13,202126,Harry Kane,Striker,89.0,0.9841806203997862,0.8864801880389525,64.0,0.2726162398921833,92.0,1.0,83.0,0.9952830188679245,82.0,0.984332884097035,48.0,0.31620619946091644,82.0,0.9767941374663073
4-4-2,log,0.25,0,LB,42,252145,Nuno Mendes,Left Back,86.0,0.99502880398078,0.8589311928558677,95.0,0.9995788409703504,65.0,0.7434299191374663,76.0,0.9648332210242587,82.0,0.984332884097035,80.0,0.9880390835579514,77.0,0.8747051886792453
4-4-2,log,0.25,1,CB1,31,207865,Marquinhos,Center Back,87.0,0.9802460611648384,0.8657035183033523,78.0,0.7868092991913747,56.0,0.4365734501347709,75.0,0.9548096361185984,74.0,0.8688510781671159,89.0,0.9999157681940701,80.0,0.948997641509434
4-4-2,log,0.25,2,CB2,4,203376,Virgil van Dijk,Center Back,90.0,0.9961802750195612,0.8991405618794013,73.0,0.612449460916442,60.0,0.5613207547169812,72.0,0.910377358490566,72.0,0.8008338948787062,90.0,1.0,87.0,0.9988207547169812
4-4-2,log,0.25,3,RB,8,235212,Achraf Hakimi,Right Back,89.0,0.8337612402261589,0.8530118759503204,92.0,0.9960832210242587,79.0,0.985427897574124,82.0,0.993766846361186,83.0,0.9884181266846361,82.0,0.9939353099730458,79.0,0.928108153638814
4-4-2,log,0.25,4,LM,7,233419,Raphinha,Left Midfielder,89.0,0.2559999929925542,0.7244599984408433,91.0,0.9929666442048517,84.0,0.9978520889487871,85.0,0.9979363207547169,87.0,0.9975151617250674,53.0,0.3545737870619946,75.0,0.8055087601078167
4-4-2,log,0.25,5,CM1,10,255253,Vitinha,Central Midfielder,89.0,0.795899749002126,0.8445876941529731,72.0,0.5712601078167115,80.0,0.9888814016172507,86.0,0.998862870619946,90.0,0.9993682614555256,75.0,0.9551886792452831,70.0,0.5805677223719676
4-4-2,log,0.25,6,CM2,11,251854,Pedri,Central Midfielder,89.0,0.8770553125530485,0.8626448070430534,77.0,0.7560646900269542,73.0,0.9365313342318059,85.0,0.9979363207547169,91.0,0.9997894204851752,78.0,0.9791947439353099,77.0,0.8747051886792453
4-4-2,log,0.25,7,RM,22,246669,Bukayo Saka,Right Winger,88.0,0.4636782264920498,0.7620092098282509,84.0,0.9312247304582211,82.0,0.9946512803234502,85.0,0.9979363207547169,88.0,0.9985680592991913,60.0,0.49503032345013476,73.0,0.719802897574124
4-4-2,log,0.25,8,ST1,6,239085,Erling Haaland,Striker,90.0,0.9999611285147314,0.8999912539158146,86.0,0.9560731132075472,91.0,0.9999157681940701,70.0,0.866576819407008,80.0,0.9699292452830188,45.0,0.29274764150943394,88.0,0.9994946091644205
4-4-2,log,0.25,9,ST2,18,231478,Lautaro Martínez,Striker,88.0,0.9957760401692644,0.8790707288372382,81.0,0.867713948787062,88.0,0.9994103773584906,75.0,0.9548096361185984,84.0,0.9919137466307277,51.0,0.33878032345013476,83.0,0.9852594339622641
4-4-2,log,0.5,0,LB,42,252145,Nuno Mendes,Left Back,86.0,0.99502880398078,0.8589311928558677,95.0,0.9995788409703504,65.0,0.7434299191374663,76.0,0.9648332210242587,82.0,0.984332884097035,80.0,0.9880390835579514,77.0,0.8747051886792453
4-4-2,log,0.5,1,CB1,31,207865,Marquinhos,Center Back,87.0,0.9802460611648384,0.8657035183033523,78.0,0.7868092991913747,56.0,0.4365734501347709,75.0,0.9548096361185984,74.0,0.8688510781671159,89.0,0.9999157681940701,80.0,0.948997641509434
4-4-2,log,0.5,2,CB2,4,203376,Virgil van Dijk,Center Back,90.0,0.9961802750195612,0.8991405618794013,73.0,0.612449460916442,60.0,0.5613207547169812,72.0,0.910377358490566,72.0,0.8008338948787062,90.0,1.0,87.0,0.9988207547169812
4-4-2,log,0.5,3,RB,8,235212,Achraf Hakimi,Right Back,89.0,0.8337612402261589,0.8530118759503204,92.0,0.9960832210242587,79.0,0.985427897574124,82.0,0.993766846361186,83.0,0.9884181266846361,82.0,0.9939353099730458,79.0,0.928108153638814
4-4-2,log,0.5,4,LM,255,208574,Filip Kostić,Left Midfielder,81.0,0.5011509877199201,0.7089830750132838,82.0,0.8927307951482479,76.0,0.968707884097035,81.0,0.9917452830188679,80.0,0.9699292452830188,70.0,0.8735259433962265,77.0,0.8747051886792453
4-4-2,log,0.5,5,CM1,14,239053,Federico Valverde,Central Midfielder,89.0,0.6911176064634604,0.82127366743812,88.0,0.9748146900269542,84.0,0.9978520889487871,84.0,0.9966307277628033,84.0,0.9919137466307277,83.0,0.995788409703504,85.0,0.9954093665768194
4-4-2,log,0.5,6,CM2,11,251854,Pedri,Central Midfielder,89.0,0.8770553125530485,0.8626448070430534,77.0,0.7560646900269542,73.0,0.9365313342318059,85.0,0.9979363207547169,91.0,0.9997894204851752,78.0,0.9791947439353099,77.0,0.8747051886792453
4-4-2,log,0.5,7,RM,22,246669,Bukayo Saka,Right Winger,88.0,0.4636782264920498,0.7620092098282509,84.0,0.9312247304582211,82.0,0.9946512803234502,85.0,0.9979363207547169,88.0,0.9985680592991913,60.0,0.49503032345013476,73.0,0.719802897574124
4-4-2,log,0.5,8,ST1,6,239085,Erling Haaland,Striker,90.0,0.9999611285147314,0.8999912539158146,86.0,0.9560731132075472,91.0,0.9999157681940701,70.0,0.866576819407008,80.0,0.9699292452830188,45.0,0.29274764150943394,88.0,0.9994946091644205
4-4-2,log,0.5,9,ST2,18,231478,Lautaro Martínez,Striker,88.0,0.9957760401692644,0.8790707288372382,81.0,0.867713948787062,88.0,0.9994103773584906,75.0,0.9548096361185984,84.0,0.9919137466307277,51.0,0.33878032345013476,83.0,0.9852594339622641
4-4-2,log,1.0,0,LB,42,252145,Nuno Mendes,Left Back,86.0,0.99502880398078,0.8589311928558677,95.0,0.9995788409703504,65.0,0.7434299191374663,76.0,0.9648332210242587,82.0,0.984332884097035,80.0,0.9880390835579514,77.0,0.8747051886792453
4-4-2,log,1.0,1,CB1,31,207865,Marquinhos,Center Back,87.0,0.9802460611648384,0.8657035183033523,78.0,0.7868092991913747,56.0,0.4365734501347709,75.0,0.9548096361185984,74.0,0.8688510781671159,89.0,0.9999157681940701,80.0,0.948997641509434
4-4-2,log,1.0,2,CB2,4,203376,Virgil van Dijk,Center Back,90.0,0.9961802750195612,0.8991405618794013,73.0,0.612449460916442,60.0,0.5613207547169812,72.0,0.910377358490566,72.0,0.8008338948787062,90.0,1.0,87.0,0.9988207547169812
4-4-2,log,1.0,3,RB,8,235212,Achraf Hakimi,Right Back,89.0,0.8337612402261589,0.8530118759503204,92.0,0.9960832210242587,79.0,0.985427897574124,82.0,0.993766846361186,83.0,0.9884181266846361,82.0,0.9939353099730458,79.0,0.928108153638814
4-4-2,log,1.0,4,LM,255,208574,Filip Kostić,Left Midfielder,81.0,0.5011509877199201,0.7089830750132838,82.0,0.8927307951482479,76.0,0.968707884097035,81.0,0.9917452830188679,80.0,0.9699292452830188,70.0,0.8735259433962265,77.0,0.8747051886792453
4-4-2,log,1.0,5,CM1,14,239053,Federico Valverde,Central Midfielder,89.0,0.6911176064634604,0.82127366743812,88.0,0.9748146900269542,84.0,0.9978520889487871,84.0,0.9966307277628033,84.0,0.9919137466307277,83.0,0.995788409703504,85.0,0.9954093665768194
4-4-2,log,1.0,6,CM2,11,251854,Pedri,Central Midfielder,89.0,0.8770553125530485,0.8626448070430534,77.0,0.7560646900269542,73.0,0.9365313342318059,85.0,0.9979363207547169,91.0,0.9997894204851752,78.0,0.9791947439353099,77.0,0.8747051886792453
4-4-2,log,1.0,7,RM,22,246669,Bukayo Saka,Right Winger,88.0,0.4636782264920498,0.7620092098282509,84.0,0.9312247304582211,82.0,0.9946512803234502,85.0,0.9979363207547169,88.0,0.9985680592991913,60.0,0.49503032345013476,73.0,0.719802897574124
4-4-2,log,1.0,8,ST1,6,239085,Erling Haaland,Striker,90.0,0.9999611285147314,0.8999912539158146,86.0,0.9560731132075472,91.0,0.9999157681940701,70.0,0.866576819407008,80.0,0.9699292452830188,45.0,0.29274764150943394,88.0,0.9994946091644205
4-4-2,log,1.0,9,ST2,18,231478,Lautaro Martínez,Striker,88.0,0.9957760401692644,0.8790707288372382,81.0,0.867713948787062,88.0,0.9994103773584906,75.0,0.9548096361185984,84.0,0.9919137466307277,51.0,0.33878032345013476,83.0,0.9852594339622641
4-4-2,exp,0.0,0,LB,42,252145,Nuno Mendes,Left Back,86.0,0.99502880398078,0.8589311928558677,95.0,0.9995788409703504,65.0,0.7434299191374663,76.0,0.9648332210242587,82.0,0.984332884097035,80.0,0.9880390835579514,77.0,0.8747051886792453
4-4-2,exp,0.0,1,CB1,4,203376,Virgil van Dijk,Center Back,90.0,0.9961802750195612,0.8991405618794013,73.0,0.612449460916442,60.0,0.5613207547169812,72.0,0.910377358490566,72.0,0.8008338948787062,90.0,1.0,87.0,0.9988207547169812
4-4-2,exp,0.0,2,CB2,21,232580,Gabriel,Center Back,88.0,0.9997095821450804,0.8799361080719177,64.0,0.2726162398921833,44.0,0.23269036388140163,64.0,0.66661051212938,65.0,0.44326987870619944,88.0,0.9997894204851752,84.0,0.991661051212938
4-4-2,exp,0.0,3,RB,8,235212,Achraf Hakimi,Right Back,89.0,0.8337612402261589,0.8530118759503204,92.0,0.9960832210242587,79.0,0.985427897574124,82.0,0.993766846361186,83.0,0.9884181266846361,82.0,0.9939353099730458,79.0,0.928108153638814
4-4-2,exp,0.0,4,LM,468,257980,Dan Ndoye,Left Midfielder,79.0,0.6956324948037924,0.729887417723749,89.0,0.9816374663072777,72.0,0.9205272911051213,70.0,0.866576819407008,81.0,0.9784787735849056,62.0,0.5725235849056604,68.0,0.48850235849056606
4-4-2,exp,0.0,5,CM1,10,255253,Vitinha,Central Midfielder,89.0,0.795899749002126,0.8445876941529731,72.0,0.5712601078167115,80.0,0.9888814016172507,86.0,0.998862870619946,90.0,0.9993682614555256,75.0,0.9551886792452831,70.0,0.5805677223719676
4-4-2,exp,0.0,6,CM2,11,251854,Pedri,Central Midfielder,89.0,0.8770553125530485,0.8626448070430534,77.0,0.7560646900269542,73.0,0.9365313342318059,85.0,0.9979363207547169,91.0,0.9997894204851752,78.0,0.9791947439353099,77.0,0.8747051886792453
4-4-2,exp,0.0,7,RM,22,246669,Bukayo Saka,Right Winger,88.0,0.4636782264920498,0.7620092098282509,84.0,0.9312247304582211,82.0,0.9946512803234502,85.0,0.9979363207547169,88.0,0.9985680592991913,60.0,0.49503032345013476,73.0,0.719802897574124
4-4-2,exp,0.0,8,ST1,13,202126,Harry Kane,Striker,89.0,0.9841806203997862,0.8864801880389525,64.0,0.2726162398921833,92.0,1.0,83.0,0.9952830188679245,82.0,0.984332884097035,48.0,0.31620619946091644,82.0,0.9767941374663073
4-4-2,exp,0.0,9,ST2,6,239085,Erling Haaland,Striker,90.0,0.9999611285147314,0.8999912539158146,86.0,0.9560731132075472,91.0,0.9999157681940701,70.0,0.866576819407008,80.0,0.9699292452830188,45.0,0.29274764150943394,88.0,0.9994946091644205
4-4-2,exp,0.05,0,LB,42,252145,Nuno Mendes,Left Back,86.0,0.99502880398078,0.8589311928558677,95.0,0.9995788409703504,65.0,0.7434299191374663,76.0,0.9648332210242587,82.0,0.984332884097035,80.0,0.9880390835579514,77.0,0.8747051886792453
4-4-2,exp,0.05,1,CB1,21,232580,Gabriel,Center Back,88.0,0.9997095821450804,0.8799361080719177,64.0,0.2726162398921833,44.0,0.23269036388140163,64.0,0.66661051212938,65.0,0.44326987870619944,88.0,0.9997894204851752,84.0,0.991661051212938
4-4-2,exp,0.05,2,CB2,4,203376,Virgil van Dijk,Center Back,90.0,0.9961802750195612,0.8991405618794013,73.0,0.612449460916442,60.0,0.5613207547169812,72.0,0.910377358490566,72.0,0.8008338948787062,90.0,1.0,87.0,0.9988207547169812
4-4-2,exp,0.05,3,RB,8,235212,Achraf Hakimi,Right Back,89.0,0.8337612402261589,0.8530118759503204,92.0,0.9960832210242587,79.0,0.985427897574124,82.0,0.993766846361186,83.0,0.9884181266846361,82.0,0.9939353099730458,79.0,0.928108153638814
4-4-2,exp,0.05,4,LM,468,257980,Dan Ndoye,Left Midfielder,79.0,0.6956324948037924,0.729887417723749,89.0,0.9816374663072777,72.0,0.9205272911051213,70.0,0.866576819407008,81.0,0.9784787735849056,62.0,0.5725235849056604,68.0,0.48850235849056606
4-4-2,exp,0.05,5,CM1,10,255253,Vitinha,Central Midfielder,89.0,0.795899749002126,0.8445876941529731,72.0,0.5712601078167115,80.0,0.9888814016172507,86.0,0.998862870619946,90.0,0.9993682614555256,75.0,0.9551886792452831,70.0,0.5805677223719676
4-4-2,exp,0.05,6,CM2,11,251854,Pedri,Central Midfielder,89.0,0.8770553125530485,0.8626448070430534,77.0,0.7560646900269542,73.0,0.9365313342318059,85.0,0.9979363207547169,91.0,0.9997894204851752,78.0,0.9791947439353099,77.0,0.8747051886792453
4-4-2,exp,0.05,7,RM,22,246669,Bukayo Saka,Right Winger,88.0,0.4636782264920498,0.7620092098282509,84.0,0.9312247304582211,82.0,0.9946512803234502,85.0,0.9979363207547169,88.0,0.9985680592991913,60.0,0.49503032345013476,73.0,0.719802897574124
4-4-2,exp,0.05,8,ST1,6,239085,Erling Haaland,Striker,90.0,0.9999611285147314,0.8999912539158146,86.0,0.9560731132075472,91.0,0.9999157681940701,70.0,0.866576819407008,80.0,0.9699292452830188,45.0,0.29274764150943394,88.0,0.9994946091644205
4-4-2,exp,0.05,9,ST2,13,202126,Harry Kane,Striker,89.0,0.9841806203997862,0.8864801880389525,64.0,0.2726162398921833,92.0,1.0,83.0,0.9952830188679245,82.0,0.984332884097035,48.0,0.31620619946091644,82.0,0.9767941374663073
4-4-2,exp,0.1,0,LB,42,252145,Nuno Mendes,Left Back,86.0,0.99502880398078,0.8589311928558677,95.0,0.9995788409703504,65.0,0.7434299191374663,76.0,0.9648332210242587,82.0,0.984332884097035,80.0,0.9880390835579514,77.0,0.8747051886792453
4-4-2,exp,0.1,1,CB1,21,232580,Gabriel,Center Back,88.0,0.9997095821450804,0.8799361080719177,64.0,0.2726162398921833,44.0,0.23269036388140163,64.0,0.66661051212938,65.0,0.44326987870619944,88.0,0.9997894204851752,84.0,0.991661051212938
4-4-2,exp,0.1,2,CB2,4,203376,Virgil van Dijk,Center Back,90.0,0.9961802750195612,0.8991405618794013,73.0,0.612449460916442,60.0,0.5613207547169812,72.0,0.910377358490566,72.0,0.8008338948787062,90.0,1.0,87.0,0.9988207547169812
4-4-2,exp,0.1,3,RB,8,235212,Achraf Hakimi,Right Back,89.0,0.8337612402261589,0.8530118759503204,92.0,0.9960832210242587,79.0,0.985427897574124,82.0,0.993766846361186,83.0,0.9884181266846361,82.0,0.9939353099730458,79.0,0.928108153638814
4-4-2,exp,0.1,4,LM,468,257980,Dan Ndoye,Left Midfielder,79.0,0.6956324948037924,0.729887417723749,89.0,0.9816374663072777,72.0,0.9205272911051213,70.0,0.866576819407008,81.0,0.9784787735849056,62.0,0.5725235849056604,68.0,0.48850235849056606
4-4-2,exp,0.1,5,CM1,10,255253,Vitinha,Central Midfielder,89.0,0.795899749002126,0.8445876941529731,72.0,0.5712601078167115,80.0,0.9888814016172507,86.0,0.998862870619946,90.0,0.9993682614555256,75.0,0.9551886792452831,70.0,0.5805677223719676
4-4-2,exp,0.1,6,CM2,11,251854,Pedri,Central Midfielder,89.0,0.8770553125530485,0.8626448070430534,77.0,0.7560646900269542,73.0,0.9365313342318059,85.0,0.9979363207547169,91.0,0.9997894204851752,78.0,0.9791947439353099,77.0,0.8747051886792453
4-4-2,exp,0.1,7,RM,22,246669,Bukayo Saka,Right Winger,88.0,0.4636782264920498,0.7620092098282509,84.0,0.9312247304582211,82.0,0.9946512803234502,85.0,0.9979363207547169,88.0,0.9985680592991913,60.0,0.49503032345013476,73.0,0.719802897574124
4-4-2,exp,0.1,8,ST1,6,239085,Erling Haaland,Striker,90.0,0.9999611285147314,0.8999912539158146,86.0,0.9560731132075472,91.0,0.9999157681940701,70.0,0.866576819407008,80.0,0.9699292452830188,45.0,0.29274764150943394,88.0,0.9994946091644205
4-4-2,exp,0.1,9,ST2,13,202126,Harry Kane,Striker,89.0,0.9841806203997862,0.8864801880389525,64.0,0.2726162398921833,92.0,1.0,83.0,0.9952830188679245,82.0,0.984332884097035,48.0,0.31620619946091644,82.0,0.9767941374663073
4-4-2,exp,0.25,0,LB,42,252145,Nuno Mendes,Left Back,86.0,0.99502880398078,0.8589311928558677,95.0,0.9995788409703504,65.0,0.7434299191374663,76.0,0.9648332210242587,82.0,0.984332884097035,80.0,0.9880390835579514,77.0,0.8747051886792453
4-4-2,exp,0.25,1,CB1,21,232580,Gabriel,Center Back,88.0,0.9997095821450804,0.8799361080719177,64.0,0.2726162398921833,44.0,0.23269036388140163,64.0,0.66661051212938,65.0,0.44326987870619944,88.0,0.9997894204851752,84.0,0.991661051212938
4-4-2,exp,0.25,2,CB2,4,203376,Virgil van Dijk,Center Back,90.0,0.9961802750195612,0.8991405618794013,73.0,0.612449460916442,60.0,0.5613207547169812,72.0,0.910377358490566,72.0,0.8008338948787062,90.0,1.0,87.0,0.9988207547169812
4-4-2,exp,0.25,3,RB,8,235212,Achraf Hakimi,Right Back,89.0,0.8337612402261589,0.8530118759503204,92.0,0.9960832210242587,79.0,0.985427897574124,82.0,0.993766846361186,83.0,0.9884181266846361,82.0,0.9939353099730458,79.0,0.928108153638814
4-4-2,exp,0.25,4,LM,468,257980,Dan Ndoye,Left Midfielder,79.0,0.6956324948037924,0.729887417723749,89.0,0.9816374663072777,72.0,0.9205272911051213,70.0,0.866576819407008,81.0,0.9784787735849056,62.0,0.5725235849056604,68.0,0.48850235849056606
4-4-2,exp,0.25,5,CM1,10,255253,Vitinha,Central Midfielder,89.0,0.795899749002126,0.8445876941529731,72.0,0.5712601078167115,80.0,0.9888814016172507,86.0,0.998862870619946,90.0,0.9993682614555256,75.0,0.9551886792452831,70.0,0.5805677223719676
4-4-2,exp,0.25,6,CM2,11,251854,Pedri,Central Midfielder,89.0,0.8770553125530485,0.8626448070430534,77.0,0.7560646900269542,73.0,0.9365313342318059,85.0,0.9979363207547169,91.0,0.9997894204851752,78.0,0.9791947439353099,77.0,0.8747051886792453
4-4-2,exp,0.25,7,RM,22,246669,Bukayo Saka,Right Winger,88.0,0.4636782264920498,0.7620092098282509,84.0,0.9312247304582211,82.0,0.9946512803234502,85.0,0.9979363207547169,88.0,0.9985680592991913,60.0,0.49503032345013476,73.0,0.719802897574124
4-4-2,exp,0.25,8,ST1,6,239085,Erling Haaland,Striker,90.0,0.9999611285147314,0.8999912539158146,86.0,0.9560731132075472,91.0,0.9999157681940701,70.0,0.866576819407008,80.0,0.9699292452830188,45.0,0.29274764150943394,88.0,0.9994946091644205
4-4-2,exp,0.25,9,ST2,18,231478,Lautaro Martínez,Striker,88.0,0.9957760401692644,0.8790707288372382,81.0,0.867713948787062,88.0,0.9994103773584906,75.0,0.9548096361185984,84.0,0.9919137466307277,51.0,0.33878032345013476,83.0,0.9852594339622641
4-4-2,exp,0.5,0,LB,42,252145,Nuno Mendes,Left Back,86.0,0.99502880398078,0.8589311928558677,95.0,0.9995788409703504,65.0,0.7434299191374663,76.0,0.9648332210242587,82.0,0.984332884097035,80.0,0.9880390835579514,77.0,0.8747051886792453
4-4-2,exp,0.5,1,CB1,31,207865,Marquinhos,Center Back,87.0,0.9802460611648384,0.8657035183033523,78.0,0.7868092991913747,56.0,0.4365734501347709,75.0,0.9548096361185984,74.0,0.8688510781671159,89.0,0.9999157681940701,80.0,0.948997641509434
4-4-2,exp,0.5,2,CB2,4,203376,Virgil van Dijk,Center Back,90.0,0.9961802750195612,0.8991405618794013,73.0,0.612449460916442,60.0,0.5613207547169812,72.0,0.910377358490566,72.0,0.8008338948787062,90.0,1.0,87.0,0.9988207547169812
4-4-2,exp,0.5,3,RB,8,235212,Achraf Hakimi,Right Back,89.0,0.8337612402261589,0.8530118759503204,92.0,0.9960832210242587,79.0,0.985427897574124,82.0,0.993766846361186,83.0,0.9884181266846361,82.0,0.9939353099730458,79.0,0.928108153638814
4-4-2,exp,0.5,4,LM,7,233419,Raphinha,Left Midfielder,89.0,0.2559999929925542,0.7244599984408433,91.0,0.9929666442048517,84.0,0.9978520889487871,85.0,0.9979363207547169,87.0,0.9975151617250674,53.0,0.3545737870619946,75.0,0.8055087601078167
4-4-2,exp,0.5,5,CM1,10,255253,Vitinha,Central Midfielder,89.0,0.795899749002126,0.8445876941529731,72.0,0.5712601078167115,80.0,0.9888814016172507,86.0,0.998862870619946,90.0,0.9993682614555256,75.0,0.9551886792452831,70.0,0.5805677223719676
4-4-2,exp,0.5,6,CM2,11,251854,Pedri,Central Midfielder,89.0,0.8770553125530485,0.8626448070430534,77.0,0.7560646900269542,73.0,0.9365313342318059,85.0,0.9979363207547169,91.0,0.9997894204851752,78.0,0.9791947439353099,77.0,0.8747051886792453
4-4-2,exp,0.5,7,RM,22,246669,Bukayo Saka,Right Winger,88.0,0.4636782264920498,0.7620092098282509,84.0,0.9312247304582211,82.0,0.9946512803234502,85.0,0.9979363207547169,88.0,0.9985680592991913,60.0,0.49503032345013476,73.0,0.719802897574124
4-4-2,exp,0.5,8,ST1,18,231478,Lautaro Martínez,Striker,88.0,0.9957760401692644,0.8790707288372382,81.0,0.867713948787062,88.0,0.9994103773584906,75.0,0.9548096361185984,84.0,0.9919137466307277,51.0,0.33878032345013476,83.0,0.9852594339622641
4-4-2,exp,0.5,9,ST2,6,239085,Erling Haaland,Striker,90.0,0.9999611285147314,0.8999912539158146,86.0,0.9560731132075472,91.0,0.9999157681940701,70.0,0.866576819407008,80.0,0.9699292452830188,45.0,0.29274764150943394,88.0,0.9994946091644205
4-4-2,exp,1.0,0,LB,42,252145,Nuno Mendes,Left Back,86.0,0.99502880398078,0.8589311928558677,95.0,0.9995788409703504,65.0,0.7434299191374663,76.0,0.9648332210242587,82.0,0.984332884097035,80.0,0.9880390835579514,77.0,0.8747051886792453
4-4-2,exp,1.0,1,CB1,31,207865,Marquinhos,Center Back,87.0,0.9802460611648384,0.8657035183033523,78.0,0.7868092991913747,56.0,0.4365734501347709,75.0,0.9548096361185984,74.0,0.8688510781671159,89.0,0.9999157681940701,80.0,0.948997641509434
4-4-2,exp,1.0,2,CB2,4,203376,Virgil van Dijk,Center Back,90.0,0.9961802750195612,0.8991405618794013,73.0,0.612449460916442,60.0,0.5613207547169812,72.0,0.910377358490566,72.0,0.8008338948787062,90.0,1.0,87.0,0.9988207547169812
4-4-2,exp,1.0,3,RB,8,235212,Achraf Hakimi,Right Back,89.0,0.8337612402261589,0.8530118759503204,92.0,0.9960832210242587,79.0,0.985427897574124,82.0,0.993766846361186,83.0,0.9884181266846361,82.0,0.9939353099730458,79.0,0.928108153638814
4-4-2,exp,1.0,4,LM,255,208574,Filip Kostić,Left Midfielder,81.0,0.5011509877199201,0.7089830750132838,82.0,0.8927307951482479,76.0,0.968707884097035,81.0,0.9917452830188679,80.0,0.9699292452830188,70.0,0.8735259433962265,77.0,0.8747051886792453
4-4-2,exp,1.0,5,CM1,14,239053,Federico Valverde,Central Midfielder,89.0,0.6911176064634604,0.82127366743812,88.0,0.9748146900269542,84.0,0.9978520889487871,84.0,0.9966307277628033,84.0,0.9919137466307277,83.0,0.995788409703504,85.0,0.9954093665768194
4-4-2,exp,1.0,6,CM2,11,251854,Pedri,Central Midfielder,89.0,0.8770553125530485,0.8626448070430534,77.0,0.7560646900269542,73.0,0.9365313342318059,85.0,0.9979363207547169,91.0,0.9997894204851752,78.0,0.9791947439353099,77.0,0.8747051886792453
4-4-2,exp,1.0,7,RM,22,246669,Bukayo Saka,Right Winger,88.0,0.4636782264920498,0.7620092098282509,84.0,0.9312247304582211,82.0,0.9946512803234502,85.0,0.9979363207547169,88.0,0.9985680592991913,60.0,0.49503032345013476,73.0,0.719802897574124
4-4-2,exp,1.0,8,ST1,6,239085,Erling Haaland,Striker,90.0,0.9999611285147314,0.8999912539158146,86.0,0.9560731132075472,91.0,0.9999157681940701,70.0,0.866576819407008,80.0,0.9699292452830188,45.0,0.29274764150943394,88.0,0.9994946091644205
4-4-2,exp,1.0,9,ST2,18,231478,Lautaro Martínez,Striker,88.0,0.9957760401692644,0.8790707288372382,81.0,0.867713948787062,88.0,0.9994103773584906,75.0,0.9548096361185984,84.0,0.9919137466307277,51.0,0.33878032345013476,83.0,0.9852594339622641
4-1-2-1-2,sqrt,0.0,0,LB,42,252145,Nuno Mendes,Left Back,86.0,0.99502880398078,0.8589311928558677,95.0,0.9995788409703504,65.0,0.7434299191374663,76.0,0.9648332210242587,82.0,0.984332884097035,80.0,0.9880390835579514,77.0,0.8747051886792453
4-1-2-1-2,sqrt,0.0,1,CB1,4,203376,Virgil van Dijk,Center Back,90.0,0.9961802750195612,0.8991405618794013,73.0,0.612449460916442,60.0,0.5613207547169812,72.0,0.910377358490566,72.0,0.8008338948787062,90.0,1.0,87.0,0.9988207547169812
4-1-2-1-2,sqrt,0.0,2,CB2,21,232580,Gabriel,Center Back,88.0,0.9997095821450804,0.8799361080719177,64.0,0.2726162398921833,44.0,0.23269036388140163,64.0,0.66661051212938,65.0,0.44326987870619944,88.0,0.9997894204851752,84.0,0.991661051212938
4-1-2-1-2,sqrt,0.0,3,RB,8,235212,Achraf Hakimi,Right Back,89.0,0.8337612402261589,0.8530118759503204,92.0,0.9960832210242587,79.0,0.985427897574124,82.0,0.993766846361186,83.0,0.9884181266846361,82.0,0.9939353099730458,79.0,0.928108153638814
4-1-2-1-2,sqrt,0.0,4,DM,29,256079,Moisés Caicedo,Defensive Midfielder,87.0,0.9827188664274614,0.8662413534479729,71.0,0.5314605795148248,64.0,0.7079262129380054,78.0,0.9788999326145552,81.0,0.9784787735849056,84.0,0.9973466981132075,82.0,0.9767941374663073
4-1-2-1-2,sqrt,0.0,5,CM1,10,255253,Vitinha,Central Midfielder,89.0,0.795899749002126,0.8445876941529731,72.0,0.5712601078167115,80.0,0.9888814016172507,86.0,0.998862870619946,90.0,0.9993682614555256,75.0,0.9551886792452831,70.0,0.5805677223719676
4-1-2-1-2,sqrt,0.0,6,CM2,11,251854,Pedri,Central Midfielder,89.0,0.8770553125530485,0.8626448070430534,77.0,0.7560646900269542,73.0,0.9365313342318059,85.0,0.9979363207547169,91.0,0.9997894204851752,78.0,0.9791947439353099,77.0,0.8747051886792453
4-1-2-1-2,sqrt,0.0,7,AM,20,256790,Jamal Musiala,Attacking Midfielder,88.0,0.92995252531437,0.8645895555691614,80.0,0.8408018867924528,82.0,0.9946512803234502,80.0,0.9884181266846361,90.0,0.9993682614555256,66.0,0.742798180592992,65.0,0.3587853773584906
4-1-2-1-2,sqrt,0.0,8,ST1,13,202126,Harry Kane,Striker,89.0,0.9841806203997862,0.8864801880389525,64.0,0.2726162398921833,92.0,1.0,83.0,0.9952830188679245,82.0,0.984332884097035,48.0,0.31620619946091644,82.0,0.9767941374663073
4-1-2-1-2,sqrt,0.0,9,ST2,6,239085,Erling Haaland,Striker,90.0,0.9999611285147314,0.8999912539158146,86.0,0.9560731132075472,91.0,0.9999157681940701,70.0,0.866576819407008,80.0,0.9699292452830188,45.0,0.29274764150943394,88.0,0.9994946091644205
4-1-2-1-2,sqrt,0.05,0,LB,42,252145,Nuno Mendes,Left Back,86.0,0.99502880398078,0.8589311928558677,95.0,0.9995788409703504,65.0,0.7434299191374663,76.0,0.9648332210242587,82.0,0.984332884097035,80.0,0.9880390835579514,77.0,0.8747051886792453
4-1-2-1-2,sqrt,0.05,1,CB1,4,203376,Virgil van Dijk,Center Back,90.0,0.9961802750195612,0.8991405618794013,73.0,0.612449460916442,60.0,0.5613207547169812,72.0,0.910377358490566,72.0,0.8008338948787062,90.0,1.0,87.0,0.9988207547169812
4-1-2-1-2,sqrt,0.05,2,CB2,21,232580,Gabriel,Center Back,88.0,0.9997095821450804,0.8799361080719177,64.0,0.2726162398921833,44.0,0.23269036388140163,64.0,0.66661051212938,65.0,0.44326987870619944,88.0,0.9997894204851752,84.0,0.991661051212938
4-1-2-1-2,sqrt,0.05,3,RB,8,235212,Achraf Hakimi,Right Back,89.0,0.8337612402261589,0.8530118759503204,92.0,0.9960832210242587,79.0,0.985427897574124,82.0,0.993766846361186,83.0,0.9884181266846361,82.0,0.9939353099730458,79.0,0.928108153638814
4-1-2-1-2,sqrt,0.05,4,DM,29,256079,Moisés Caicedo,Defensive Midfielder,87.0,0.9827188664274614,0.8662413534479729,71.0,0.5314605795148248,64.0,0.7079262129380054,78.0,0.9788999326145552,81.0,0.9784787735849056,84.0,0.9973466981132075,82.0,0.9767941374663073
4-1-2-1-2,sqrt,0.05,5,CM1,11,251854,Pedri,Central Midfielder,89.0,0.8770553125530485,0.8626448070430534,77.0,0.7560646900269542,73.0,0.9365313342318059,85.0,0.9979363207547169,91.0,0.9997894204851752,78.0,0.9791947439353099,77.0,0.8747051886792453
4-1-2-1-2,sqrt,0.05,6,CM2,10,255253,Vitinha,Central Midfielder,89.0,0.795899749002126,0.8445876941529731,72.0,0.5712601078167115,80.0,0.9888814016172507,86.0,0.998862870619946,90.0,0.9993682614555256,75.0,0.9551886792452831,70.0,0.5805677223719676
4-1-2-1-2,sqrt,0.05,7,AM,20,256790,Jamal Musiala,Attacking Midfielder,88.0,0.92995252531437,0.8645895555691614,80.0,0.8408018867924528,82.0,0.9946512803234502,80.0,0.9884181266846361,90.0,0.9993682614555256,66.0,0.742798180592992,65.0,0.3587853773584906
4-1-2-1-2,sqrt,0.05,8,ST1,6,239085,Erling Haaland,Striker,90.0,0.9999611285147314,0.8999912539158146,86.0,0.9560731132075472,91.0,0.9999157681940701,70.0,0.866576819407008,80.0,0.9699292452830188,45.0,0.29274764150943394,88.0,0.9994946091644205
4-1-2-1-2,sqrt,0.05,9,ST2,13,202126,Harry Kane,Striker,89.0,0.9841806203997862,0.8864801880389525,64.0,0.2726162398921833,92.0,1.0,83.0,0.9952830188679245,82.0,0.984332884097035,48.0,0.31620619946091644,82.0,0.9767941374663073
4-1-2-1-2,sqrt,0.1,0,LB,42,252145,Nuno Mendes,Left Back,86.0,0.99502880398078,0.8589311928558677,95.0,0.9995788409703504,65.0,0.7434299191374663,76.0,0.9648332210242587,82.0,0.984332884097035,80.0,0.9880390835579514,77.0,0.8747051886792453
4-1-2-1-2,sqrt,0.1,1,CB1,4,203376,Virgil van Dijk,Center Back,90.0,0.9961802750195612,0.8991405618794013,73.0,0.612449460916442,60.0,0.5613207547169812,72.0,0.910377358490566,72.0,0.8008338948787062,90.0,1.0,87.0,0.9988207547169812
4-1-2-1-2,sqrt,0.1,2,CB2,21,232580,Gabriel,Center Back,88.0,0.9997095821450804,0.8799361080719177,64.0,0.2726162398921833,44.0,0.23269036388140163,64.0,0.66661051212938,65.0,0.44326987870619944,88.0,0.9997894204851752,84.0,0.991661051212938
4-1-2-1-2,sqrt,0.1,3,RB,8,235212,Achraf Hakimi,Right Back,89.0,0.8337612402261589,0.8530118759503204,92.0,0.9960832210242587,79.0,0.985427897574124,82.0,0.993766846361186,83.0,0.9884181266846361,82.0,0.9939353099730458,79.0,0.928108153638814
4-1-2-1-2,sqrt,0.1,4,DM,29,256079,Moisés Caicedo,Defensive Midfielder,87.0,0.9827188664274614,0.8662413534479729,71.0,0.5314605795148248,64.0,0.7079262129380054,78.0,0.9788999326145552,81.0,0.9784787735849056,84.0,0.9973466981132075,82.0,0.9767941374663073
4-1-2-1-2,sqrt,0.1,5,CM1,11,251854,Pedri,Central Midfielder,89.0,0.8770553125530485,0.8626448070430534,77.0,0.7560646900269542,73.0,0.9365313342318059,85.0,0.9979363207547169,91.0,0.9997894204851752,78.0,0.9791947439353099,77.0,0.8747051886792453
4-1-2-1-2,sqrt,0.1,6,CM2,10,255253,Vitinha,Central Midfielder,89.0,0.795899749002126,0.8445876941529731,72.0,0.5712601078167115,80.0,0.9888814016172507,86.0,0.998862870619946,90.0,0.9993682614555256,75.0,0.9551886792452831,70.0,0.5805677223719676
4-1-2-1-2,sqrt,0.1,7,AM,20,256790,Jamal Musiala,Attacking Midfielder,88.0,0.92995252531437,0.8645895555691614,80.0,0.8408018867924528,82.0,0.9946512803234502,80.0,0.9884181266846361,90.0,0.9993682614555256,66.0,0.742798180592992,65.0,0.3587853773584906
4-1-2-1-2,sqrt,0.1,8,ST1,6,239085,Erling Haaland,Striker,90.0,0.9999611285147314,0.8999912539158146,86.0,0.9560731132075472,91.0,0.9999157681940701,70.0,0.866576819407008,80.0,0.9699292452830188,45.0,0.29274764150943394,88.0,0.9994946091644205
4-1-2-1-2,sqrt,0.1,9,ST2,13,202126,Harry Kane,Striker,89.0,0.9841806203997862,0.8864801880389525,64.0,0.2726162398921833,92.0,1.0,83.0,0.9952830188679245,82.0,0.984332884097035,48.0,0.31620619946091644,82.0,0.9767941374663073
4-1-2-1-2,sqrt,0.25,0,LB,42,252145,Nuno Mendes,Left Back,86.0,0.99502880398078,0.8589311928558677,95.0,0.9995788409703504,65.0,0.7434299191374663,76.0,0.9648332210242587,82.0,0.984332884097035,80.0,0.9880390835579514,77.0,0.8747051886792453
4-1-2-1-2,sqrt,0.25,1,CB1,4,203376,Virgil van Dijk,Center Back,90.0,0.9961802750195612,0.8991405618794013,73.0,0.612449460916442,60.0,0.5613207547169812,72.0,0.910377358490566,72.0,0.8008338948787062,90.0,1.0,87.0,0.9988207547169812
4-1-2-1-2,sqrt,0.25,2,CB2,31,207865,Marquinhos,Center Back,87.0,0.9802460611648384,0.8657035183033523,78.0,0.7868092991913747,56.0,0.4365734501347709,75.0,0.9548096361185984,74.0,0.8688510781671159,89.0,0.9999157681940701,80.0,0.948997641509434
4-1-2-1-2,sqrt,0.25,3,RB,8,235212,Achraf Hakimi,Right Back,89.0,0.8337612402261589,0.8530118759503204,92.0,0.9960832210242587,79.0,0.985427897574124,82.0,0.993766846361186,83.0,0.9884181266846361,82.0,0.9939353099730458,79.0,0.928108153638814
4-1-2-1-2,sqrt,0.25,4,DM,29,256079,Moisés Caicedo,Defensive Midfielder,87.0,0.9827188664274614,0.8662413534479729,71.0,0.5314605795148248,64.0,0.7079262129380054,78.0,0.9788999326145552,81.0,0.9784787735849056,84.0,0.9973466981132075,82.0,0.9767941374663073
4-1-2-1-2,sqrt,0.25,5,CM1,11,251854,Pedri,Central Midfielder,89.0,0.8770553125530485,0.8626448070430534,77.0,0.7560646900269542,73.0,0.9365313342318059,85.0,0.9979363207547169,91.0,0.9997894204851752,78.0,0.9791947439353099,77.0,0.8747051886792453
4-1-2-1-2,sqrt,0.25,6,CM2,10,255253,Vitinha,Central Midfielder,89.0,0.795899749002126,0.8445876941529731,72.0,0.5712601078167115,80.0,0.9888814016172507,86.0,0.998862870619946,90.0,0.9993682614555256,75.0,0.9551886792452831,70.0,0.5805677223719676
4-1-2-1-2,sqrt,0.25,7,AM,20,256790,Jamal Musiala,Attacking Midfielder,88.0,0.92995252531437,0.8645895555691614,80.0,0.8408018867924528,82.0,0.9946512803234502,80.0,0.9884181266846361,90.0,0.9993682614555256,66.0,0.742798180592992,65.0,0.3587853773584906
4-1-2-1-2,sqrt,0.25,8,ST1,6,239085,Erling Haaland,Striker,90.0,0.9999611285147314,0.8999912539158146,86.0,0.9560731132075472,91.0,0.9999157681940701,70.0,0.866576819407008,80.0,0.9699292452830188,45.0,0.29274764150943394,88.0,0.9994946091644205
4-1-2-1-2,sqrt,0.25,9,ST2,18,231478,Lautaro Martínez,Striker,88.0,0.9957760401692644,0.8790707288372382,81.0,0.867713948787062,88.0,0.9994103773584906,75.0,0.9548096361185984,84.0,0.9919137466307277,51.0,0.33878032345013476,83.0,0.9852594339622641
4-1-2-1-2,sqrt,0.5,0,LB,42,252145,Nuno Mendes,Left Back,86.0,0.99502880398078,0.8589311928558677,95.0,0.9995788409703504,65.0,0.7434299191374663,76.0,0.9648332210242587,82.0,0.984332884097035,80.0,0.9880390835579514,77.0,0.8747051886792453
4-1-2-1-2,sqrt,0.5,1,CB1,31,207865,Marquinhos,Center Back,87.0,0.9802460611648384,0.8657035183033523,78.0,0.7868092991913747,56.0,0.4365734501347709,75.0,0.9548096361185984,74.0,0.8688510781671159,89.0,0.9999157681940701,80.0,0.948997641509434
4-1-2-1-2,sqrt,0.5,2,CB2,4,203376,Virgil van Dijk,Center Back,90.0,0.9961802750195612,0.8991405618794013,73.0,0.612449460916442,60.0,0.5613207547169812,72.0,0.910377358490566,72.0,0.8008338948787062,90.0,1.0,87.0,0.9988207547169812
4-1-2-1-2,sqrt,0.5,3,RB,8,235212,Achraf Hakimi,Right Back,89.0,0.8337612402261589,0.8530118759503204,92.0,0.9960832210242587,79.0,0.985427897574124,82.0,0.993766846361186,83.0,0.9884181266846361,82.0,0.9939353099730458,79.0,0.928108153638814
4-1-2-1-2,sqrt,0.5,4,DM,29,256079,Moisés Caicedo,Defensive Midfielder,87.0,0.9827188664274614,0.8662413534479729,71.0,0.5314605795148248,64.0,0.7079262129380054,78.0,0.9788999326145552,81.0,0.9784787735849056,84.0,0.9973466981132075,82.0,0.9767941374663073
4-1-2-1-2,sqrt,0.5,5,CM1,14,239053,Federico Valverde,Central Midfielder,89.0,0.6911176064634604,0.82127366743812,88.0,0.9748146900269542,84.0,0.9978520889487871,84.0,0.9966307277628033,84.0,0.9919137466307277,83.0,0.995788409703504,85.0,0.9954093665768194
4-1-2-1-2,sqrt,0.5,6,CM2,11,251854,Pedri,Central Midfielder,89.0,0.8770553125530485,0.8626448070430534,77.0,0.7560646900269542,73.0,0.9365313342318059,85.0,0.9979363207547169,91.0,0.9997894204851752,78.0,0.9791947439353099,77.0,0.8747051886792453
4-1-2-1-2,sqrt,0.5,7,AM,20,256790,Jamal Musiala,Attacking Midfielder,88.0,0.92995252531437,0.8645895555691614,80.0,0.8408018867924528,82.0,0.9946512803234502,80.0,0.9884181266846361,90.0,0.9993682614555256,66.0,0.742798180592992,65.0,0.3587853773584906
4-1-2-1-2,sqrt,0.5,8,ST1,6,239085,Erling Haaland,Striker,90.0,0.9999611285147314,0.8999912539158146,86.0,0.9560731132075472,91.0,0.9999157681940701,70.0,0.866576819407008,80.0,0.9699292452830188,45.0,0.29274764150943394,88.0,0.9994946091644205
4-1-2-1-2,sqrt,0.5,9,ST2,18,231478,Lautaro Martínez,Striker,88.0,0.9957760401692644,0.8790707288372382,81.0,0.867713948787062,88.0,0.9994103773584906,75.0,0.9548096361185984,84.0,0.9919137466307277,51.0,0.33878032345013476,83.0,0.9852594339622641
4-1-2-1-2,sqrt,1.0,0,LB,42,252145,Nuno Mendes,Left Back,86.0,0.99502880398078,0.8589311928558677,95.0,0.9995788409703504,65.0,0.7434299191374663,76.0,0.9648332210242587,82.0,0.984332884097035,80.0,0.9880390835579514,77.0,0.8747051886792453
4-1-2-1-2,sqrt,1.0,1,CB1,31,207865,Marquinhos,Center Back,87.0,0.9802460611648384,0.8657035183033523,78.0,0.7868092991913747,56.0,0.4365734501347709,75.0,0.9548096361185984,74.0,0.8688510781671159,89.0,0.9999157681940701,80.0,0.948997641509434
4-1-2-1-2,sqrt,1.0,2,CB2,4,203376,Virgil van Dijk,Center Back,90.0,0.9961802750195612,0.8991405618794013,73.0,0.612449460916442,60.0,0.5613207547169812,72.0,0.910377358490566,72.0,0.8008338948787062,90.0,1.0,87.0,0.9988207547169812
4-1-2-1-2,sqrt,1.0,3,RB,8,235212,Achraf Hakimi,Right Back,89.0,0.8337612402261589,0.8530118759503204,92.0,0.9960832210242587,79.0,0.985427897574124,82.0,0.993766846361186,83.0,0.9884181266846361,82.0,0.9939353099730458,79.0,0.928108153638814
4-1-2-1-2,sqrt,1.0,4,DM,29,256079,Moisés Caicedo,Defensive Midfielder,87.0,0.9827188664274614,0.8662413534479729,71.0,0.5314605795148248,64.0,0.7079262129380054,78.0,0.9788999326145552,81.0,0.9784787735849056,84.0,0.9973466981132075,82.0,0.9767941374663073
4-1-2-1-2,sqrt,1.0,5,CM1,14,239053,Federico Valverde,Central Midfielder,89.0,0.6911176064634604,0.82127366743812,88.0,0.9748146900269542,84.0,0.9978520889487871,84.0,0.9966307277628033,84.0,0.9919137466307277,83.0,0.995788409703504,85.0,0.9954093665768194
4-1-2-1-2,sqrt,1.0,6,CM2,11,251854,Pedri,Central Midfielder,89.0,0.8770553125530485,0.8626448070430534,77.0,0.7560646900269542,73.0,0.9365313342318059,85.0,0.9979363207547169,91.0,0.9997894204851752,78.0,0.9791947439353099,77.0,0.8747051886792453
4-1-2-1-2,sqrt,1.0,7,AM,20,256790,Jamal Musiala,Attacking Midfielder,88.0,0.92995252531437,0.8645895555691614,80.0,0.8408018867924528,82.0,0.9946512803234502,80.0,0.9884181266846361,90.0,0.9993682614555256,66.0,0.742798180592992,65.0,0.3587853773584906
4-1-2-1-2,sqrt,1.0,8,ST1,6,239085,Erling Haaland,Striker,90.0,0.9999611285147314,0.8999912539158146,86.0,0.9560731132075472,91.0,0.9999157681940701,70.0,0.866576819407008,80.0,0.9699292452830188,45.0,0.29274764150943394,88.0,0.9994946091644205
4-1-2-1-2,sqrt,1.0,9,ST2,18,231478,Lautaro Martínez,Striker,88.0,0.9957760401692644,0.8790707288372382,81.0,0.867713948787062,88.0,0.9994103773584906,75.0,0.9548096361185984,84.0,0.9919137466307277,51.0,0.33878032345013476,83.0,0.9852594339622641
4-1-2-1-2,log,0.0,0,LB,42,252145,Nuno Mendes,Left Back,86.0,0.99502880398078,0.8589311928558677,95.0,0.9995788409703504,65.0,0.7434299191374663,76.0,0.9648332210242587,82.0,0.984332884097035,80.0,0.9880390835579514,77.0,0.8747051886792453
4-1-2-1-2,log,0.0,1,CB1,4,203376,Virgil van Dijk,Center Back,90.0,0.9961802750195612,0.8991405618794013,73.0,0.612449460916442,60.0,0.5613207547169812,72.0,0.910377358490566,72.0,0.8008338948787062,90.0,1.0,87.0,0.9988207547169812
4-1-2-1-2,log,0.0,2,CB2,21,232580,Gabriel,Center Back,88.0,0.9997095821450804,0.8799361080719177,64.0,0.2726162398921833,44.0,0.23269036388140163,64.0,0.66661051212938,65.0,0.44326987870619944,88.0,0.9997894204851752,84.0,0.991661051212938
4-1-2-1-2,log,0.0,3,RB,8,235212,Achraf Hakimi,Right Back,89.0,0.8337612402261589,0.8530118759503204,92.0,0.9960832210242587,79.0,0.985427897574124,82.0,0.993766846361186,83.0,0.9884181266846361,82.0,0.9939353099730458,79.0,0.928108153638814
4-1-2-1-2,log,0.0,4,DM,29,256079,Moisés Caicedo,Defensive Midfielder,87.0,0.9827188664274614,0.8662413534479729,71.0,0.5314605795148248,64.0,0.7079262129380054,78.0,0.9788999326145552,81.0,0.9784787735849056,84.0,0.9973466981132075,82.0,0.9767941374663073
4-1-2-1-2,log,0.0,5,CM1,10,255253,Vitinha,Central Midfielder,89.0,0.795899749002126,0.8445876941529731,72.0,0.5712601078167115,80.0,0.9888814016172507,86.0,0.998862870619946,90.0,0.9993682614555256,75.0,0.9551886792452831,70.0,0.5805677223719676
4-1-2-1-2,log,0.0,6,CM2,11,251854,Pedri,Central Midfielder,89.0,0.8770553125530485,0.8626448070430534,77.0,0.7560646900269542,73.0,0.9365313342318059,85.0,0.9979363207547169,91.0,0.9997894204851752,78.0,0.9791947439353099,77.0,0.8747051886792453
4-1-2-1-2,log,0.0,7,AM,20,256790,Jamal Musiala,Attacking Midfielder,88.0,0.92995252531437,0.8645895555691614,80.0,0.8408018867924528,82.0,0.9946512803234502,80.0,0.9884181266846361,90.0,0.9993682614555256,66.0,0.742798180592992,65.0,0.3587853773584906
4-1-2-1-2,log,0.0,8,ST1,13,202126,Harry Kane,Striker,89.0,0.9841806203997862,0.8864801880389525,64.0,0.2726162398921833,92.0,1.0,83.0,0.9952830188679245,82.0,0.984332884097035,48.0,0.31620619946091644,82.0,0.9767941374663073
4-1-2-1-2,log,0.0,9,ST2,6,239085,Erling Haaland,Striker,90.0,0.9999611285147314,0.8999912539158146,86.0,0.9560731132075472,91.0,0.9999157681940701,70.0,0.866576819407008,80.0,0.9699292452830188,45.0,0.29274764150943394,88.0,0.9994946091644205
4-1-2-1-2,log,0.05,0,LB,42,252145,Nuno Mendes,Left Back,86.0,0.99502880398078,0.8589311928558677,95.0,0.9995788409703504,65.0,0.7434299191374663,76.0,0.9648332210242587,82.0,0.984332884097035,80.0,0.9880390835579514,77.0,0.8747051886792453
4-1-2-1-2,log,0.05,1,CB1,4,203376,Virgil van Dijk,Center Back,90.0,0.9961802750195612,0.8991405618794013,73.0,0.612449460916442,60.0,0.5613207547169812,72.0,0.910377358490566,72.0,0.8008338948787062,90.0,1.0,87.0,0.9988207547169812
4-1-2-1-2,log,0.05,2,CB2,21,232580,Gabriel,Center Back,88.0,0.9997095821450804,0.8799361080719177,64.0,0.2726162398921833,44.0,0.23269036388140163,64.0,0.66661051212938,65.0,0.44326987870619944,88.0,0.9997894204851752,84.0,0.991661051212938
4-1-2-1-2,log,0.05,3,RB,8,235212,Achraf Hakimi,Right Back,89.0,0.8337612402261589,0.8530118759503204,92.0,0.9960832210242587,79.0,0.985427897574124,82.0,0.993766846361186,83.0,0.9884181266846361,82.0,0.9939353099730458,79.0,0.928108153638814
4-1-2-1-2,log,0.05,4,DM,29,256079,Moisés Caicedo,Defensive Midfielder,87.0,0.9827188664274614,0.8662413534479729,71.0,0.5314605795148248,64.0,0.7079262129380054,78.0,0.9788999326145552,81.0,0.9784787735849056,84.0,0.9973466981132075,82.0,0.9767941374663073
4-1-2-1-2,log,0.05,5,CM1,11,251854,Pedri,Central Midfielder,89.0,0.8770553125530485,0.8626448070430534,77.0,0.7560646900269542,73.0,0.9365313342318059,85.0,0.9979363207547169,91.0,0.9997894204851752,78.0,0.9791947439353099,77.0,0.8747051886792453
4-1-2-1-2,log,0.05,6,CM2,10,255253,Vitinha,Central Midfielder,89.0,0.795899749002126,0.8445876941529731,72.0,0.5712601078167115,80.0,0.9888814016172507,86.0,0.998862870619946,90.0,0.9993682614555256,75.0,0.9551886792452831,70.0,0.5805677223719676
4-1-2-1-2,log,0.05,7,AM,20,256790,Jamal Musiala,Attacking Midfielder,88.0,0.92995252531437,0.8645895555691614,80.0,0.8408018867924528,82.0,0.9946512803234502,80.0,0.9884181266846361,90.0,0.9993682614555256,66.0,0.742798180592992,65.0,0.3587853773584906
4-1-2-1-2,log,0.05,8,ST1,6,239085,Erling Haaland,Striker,90.0,0.9999611285147314,0.8999912539158146,86.0,0.9560731132075472,91.0,0.9999157681940701,70.0,0.866576819407008,80.0,0.9699292452830188,45.0,0.29274764150943394,88.0,0.9994946091644205
4-1-2-1-2,log,0.05,9,ST2,13,202126,Harry Kane,Striker,89.0,0.9841806203997862,0.8864801880389525,64.0,0.2726162398921833,92.0,1.0,83.0,0.9952830188679245,82.0,0.984332884097035,48.0,0.31620619946091644,82.0,0.9767941374663073
4-1-2-1-2,log,0.1,0,LB,42,252145,Nuno Mendes,Left Back,86.0,0.99502880398078,0.8589311928558677,95.0,0.9995788409703504,65.0,0.7434299191374663,76.0,0.9648332210242587,82.0,0.984332884097035,80.0,0.9880390835579514,77.0,0.8747051886792453
4-1-2-1-2,log,0.1,1,CB1,4,203376,Virgil van Dijk,Center Back,90.0,0.9961802750195612,0.8991405618794013,73.0,0.612449460916442,60.0,0.5613207547169812,72.0,0.910377358490566,72.0,0.8008338948787062,90.0,1.0,87.0,0.9988207547169812
4-1-2-1-2,log,0.1,2,CB2,21,232580,Gabriel,Center Back,88.0,0.9997095821450804,0.8799361080719177,64.0,0.2726162398921833,44.0,0.23269036388140163,64.0,0.66661051212938,65.0,0.44326987870619944,88.0,0.9997894204851752,84.0,0.991661051212938
4-1-2-1-2,log,0.1,3,RB,8,235212,Achraf Hakimi,Right Back,89.0,0.8337612402261589,0.8530118759503204,92.0,0.9960832210242587,79.0,0.985427897574124,82.0,0.993766846361186,83.0,0.9884181266846361,82.0,0.9939353099730458,79.0,0.928108153638814
4-1-2-1-2,log,0.1,4,DM,29,256079,Moisés Caicedo,Defensive Midfielder,87.0,0.9827188664274614,0.8662413534479729,71.0,0.5314605795148248,64.0,0.7079262129380054,78.0,0.9788999326145552,81.0,0.9784787735849056,84.0,0.9973466981132075,82.0,0.9767941374663073
4-1-2-1-2,log,0.1,5,CM1,11,251854,Pedri,Central Midfielder,89.0,0.8770553125530485,0.8626448070430534,77.0,0.7560646900269542,73.0,0.9365313342318059,85.0,0.9979363207547169,91.0,0.9997894204851752,78.0,0.9791947439353099,77.0,0.8747051886792453
4-1-2-1-2,log,0.1,6,CM2,10,255253,Vitinha,Central Midfielder,89.0,0.795899749002126,0.8445876941529731,72.0,0.5712601078167115,80.0,0.9888814016172507,86.0,0.998862870619946,90.0,0.9993682614555256,75.0,0.9551886792452831,70.0,0.5805677223719676
4-1-2-1-2,log,0.1,7,AM,20,256790,Jamal Musiala,Attacking Midfielder,88.0,0.92995252531437,0.8645895555691614,80.0,0.8408018867924528,82.0,0.9946512803234502,80.0,0.9884181266846361,90.0,0.9993682614555256,66.0,0.742798180592992,65.0,0.3587853773584906
4-1-2-1-2,log,0.1,8,ST1,6,239085,Erling Haaland,Striker,90.0,0.9999611285147314,0.8999912539158146,86.0,0.9560731132075472,91.0,0.9999157681940701,70.0,0.866576819407008,80.0,0.9699292452830188,45.0,0.29274764150943394,88.0,0.9994946091644205
4-1-2-1-2,log,0.1,9,ST2,13,202126,Harry Kane,Striker,89.0,0.9841806203997862,0.8864801880389525,64.0,0.2726162398921833,92.0,1.0,83.0,0.9952830188679245,82.0,0.984332884097035,48.0,0.31620619946091644,82.0,0.9767941374663073
4-1-2-1-2,log,0.25,0,LB,42,252145,Nuno Mendes,Left Back,86.0,0.99502880398078,0.8589311928558677,95.0,0.9995788409703504,65.0,0.7434299191374663,76.0,0.9648332210242587,82.0,0.984332884097035,80.0,0.9880390835579514,77.0,0.8747051886792453
4-1-2-1-2,log,0.25,1,CB1,4,203376,Virgil van Dijk,Center Back,90.0,0.9961802750195612,0.8991405618794013,73.0,0.612449460916442,60.0,0.5613207547169812,72.0,0.910377358490566,72.0,0.8008338948787062,90.0,1.0,87.0,0.9988207547169812
4-1-2-1-2,log,0.25,2,CB2,31,207865,Marquinhos,Center Back,87.0,0.9802460611648384,0.8657035183033523,78.0,0.7868092991913747,56.0,0.4365734501347709,75.0,0.9548096361185984,74.0,0.8688510781671159,89.0,0.9999157681940701,80.0,0.948997641509434
4-1-2-1-2,log,0.25,3,RB,8,235212,Achraf Hakimi,Right Back,89.0,0.8337612402261589,0.8530118759503204,92.0,0.9960832210242587,79.0,0.985427897574124,82.0,0.993766846361186,83.0,0.9884181266846361,82.0,0.9939353099730458,79.0,0.928108153638814
4-1-2-1-2,log,0.25,4,DM,29,256079,Moisés Caicedo,Defensive Midfielder,87.0,0.9827188664274614,0.8662413534479729,71.0,0.5314605795148248,64.0,0.7079262129380054,78.0,0.9788999326145552,81.0,0.9784787735849056,84.0,0.9973466981132075,82.0,0.9767941374663073
4-1-2-1-2,log,0.25,5,CM1,11,251854,Pedri,Central Midfielder,89.0,0.8770553125530485,0.8626448070430534,77.0,0.7560646900269542,73.0,0.9365313342318059,85.0,0.9979363207547169,91.0,0.9997894204851752,78.0,0.9791947439353099,77.0,0.8747051886792453
4-1-2-1-2,log,0.25,6,CM2,10,255253,Vitinha,Central Midfielder,89.0,0.795899749002126,0.8445876941529731,72.0,0.5712601078167115,80.0,0.9888814016172507,86.0,0.998862870619946,90.0,0.9993682614555256,75.0,0.9551886792452831,70.0,0.5805677223719676
4-1-2-1-2,log,0.25,7,AM,20,256790,Jamal Musiala,Attacking Midfielder,88.0,0.92995252531437,0.8645895555691614,80.0,0.8408018867924528,82.0,0.9946512803234502,80.0,0.9884181266846361,90.0,0.9993682614555256,66.0,0.742798180592992,65.0,0.3587853773584906
4-1-2-1-2,log,0.25,8,ST1,6,239085,Erling Haaland,Striker,90.0,0.9999611285147314,0.8999912539158146,86.0,0.9560731132075472,91.0,0.9999157681940701,70.0,0.866576819407008,80.0,0.9699292452830188,45.0,0.29274764150943394,88.0,0.9994946091644205
4-1-2-1-2,log,0.25,9,ST2,18,231478,Lautaro Martínez,Striker,88.0,0.9957760401692644,0.8790707288372382,81.0,0.867713948787062,88.0,0.9994103773584906,75.0,0.9548096361185984,84.0,0.9919137466307277,51.0,0.33878032345013476,83.0,0.9852594339622641
4-1-2-1-2,log,0.5,0,LB,42,252145,Nuno Mendes,Left Back,86.0,0.99502880398078,0.8589311928558677,95.0,0.9995788409703504,65.0,0.7434299191374663,76.0,0.9648332210242587,82.0,0.984332884097035,80.0,0.9880390835579514,77.0,0.8747051886792453
4-1-2-1-2,log,0.5,1,CB1,31,207865,Marquinhos,Center Back,87.0,0.9802460611648384,0.8657035183033523,78.0,0.7868092991913747,56.0,0.4365734501347709,75.0,0.9548096361185984,74.0,0.8688510781671159,89.0,0.9999157681940701,80.0,0.948997641509434
4-1-2-1-2,log,0.5,2,CB2,4,203376,Virgil van Dijk,Center Back,90.0,0.9961802750195612,0.8991405618794013,73.0,0.612449460916442,60.0,0.5613207547169812,72.0,0.910377358490566,72.0,0.8008338948787062,90.0,1.0,87.0,0.9988207547169812
4-1-2-1-2,log,0.5,3,RB,8,235212,Achraf Hakimi,Right Back,89.0,0.8337612402261589,0.8530118759503204,92.0,0.9960832210242587,79.0,0.985427897574124,82.0,0.993766846361186,83.0,0.9884181266846361,82.0,0.9939353099730458,79.0,0.928108153638814
4-1-2-1-2,log,0.5,4,DM,29,256079,Moisés Caicedo,Defensive Midfielder,87.0,0.9827188664274614,0.8662413534479729,71.0,0.5314605795148248,64.0,0.7079262129380054,78.0,0.9788999326145552,81.0,0.9784787735849056,84.0,0.9973466981132075,82.0,0.9767941374663073
4-1-2-1-2,log,0.5,5,CM1,14,239053,Federico Valverde,Central Midfielder,89.0,0.6911176064634604,0.82127366743812,88.0,0.9748146900269542,84.0,0.9978520889487871,84.0,0.9966307277628033,84.0,0.9919137466307277,83.0,0.995788409703504,85.0,0.9954093665768194
4-1-2-1-2,log,0.5,6,CM2,11,251854,Pedri,Central Midfielder,89.0,0.8770553125530485,0.8626448070430534,77.0,0.7560646900269542,73.0,0.9365313342318059,85.0,0.9979363207547169,91.0,0.9997894204851752,78.0,0.9791947439353099,77.0,0.8747051886792453
4-1-2-1-2,log,0.5,7,AM,20,256790,Jamal Musiala,Attacking Midfielder,88.0,0.92995252531437,0.8645895555691614,80.0,0.8408018867924528,82.0,0.9946512803234502,80.0,0.9884181266846361,90.0,0.9993682614555256,66.0,0.742798180592992,65.0,0.3587853773584906
4-1-2-1-2,log,0.5,8,ST1,6,239085,Erling Haaland,Striker,90.0,0.9999611285147314,0.8999912539158146,86.0,0.9560731132075472,91.0,0.9999157681940701,70.0,0.866576819407008,80.0,0.9699292452830188,45.0,0.29274764150943394,88.0,0.9994946091644205
4-1-2-1-2,log,0.5,9,ST2,18,231478,Lautaro Martínez,Striker,88.0,0.9957760401692644,0.8790707288372382,81.0,0.867713948787062,88.0,0.9994103773584906,75.0,0.9548096361185984,84.0,0.9919137466307277,51.0,0.33878032345013476,83.0,0.9852594339622641
4-1-2-1-2,log,1.0,0,LB,42,252145,Nuno Mendes,Left Back,86.0,0.99502880398078,0.8589311928558677,95.0,0.9995788409703504,65.0,0.7434299191374663,76.0,0.9648332210242587,82.0,0.984332884097035,80.0,0.9880390835579514,77.0,0.8747051886792453
4-1-2-1-2,log,1.0,1,CB1,31,207865,Marquinhos,Center Back,87.0,0.9802460611648384,0.8657035183033523,78.0,0.7868092991913747,56.0,0.4365734501347709,75.0,0.9548096361185984,74.0,0.8688510781671159,89.0,0.9999157681940701,80.0,0.948997641509434
4-1-2-1-2,log,1.0,2,CB2,4,203376,Virgil van Dijk,Center Back,90.0,0.9961802750195612,0.8991405618794013,73.0,0.612449460916442,60.0,0.5613207547169812,72.0,0.910377358490566,72.0,0.8008338948787062,90.0,1.0,87.0,0.9988207547169812
4-1-2-1-2,log,1.0,3,RB,8,235212,Achraf Hakimi,Right Back,89.0,0.8337612402261589,0.8530118759503204,92.0,0.9960832210242587,79.0,0.985427897574124,82.0,0.993766846361186,83.0,0.9884181266846361,82.0,0.9939353099730458,79.0,0.928108153638814
4-1-2-1-2,log,1.0,4,DM,29,256079,Moisés Caicedo,Defensive Midfielder,87.0,0.9827188664274614,0.8662413534479729,71.0,0.5314605795148248,64.0,0.7079262129380054,78.0,0.9788999326145552,81.0,0.9784787735849056,84.0,0.9973466981132075,82.0,0.9767941374663073
4-1-2-1-2,log,1.0,5,CM1,14,239053,Federico Valverde,Central Midfielder,89.0,0.6911176064634604,0.82127366743812,88.0,0.9748146900269542,84.0,0.9978520889487871,84.0,0.9966307277628033,84.0,0.9919137466307277,83.0,0.995788409703504,85.0,0.9954093665768194
4-1-2-1-2,log,1.0,6,CM2,11,251854,Pedri,Central Midfielder,89.0,0.8770553125530485,0.8626448070430534,77.0,0.7560646900269542,73.0,0.9365313342318059,85.0,0.9979363207547169,91.0,0.9997894204851752,78.0,0.9791947439353099,77.0,0.8747051886792453
4-1-2-1-2,log,1.0,7,AM,20,256790,Jamal Musiala,Attacking Midfielder,88.0,0.92995252531437,0.8645895555691614,80.0,0.8408018867924528,82.0,0.9946512803234502,80.0,0.9884181266846361,90.0,0.9993682614555256,66.0,0.742798180592992,65.0,0.3587853773584906
4-1-2-1-2,log,1.0,8,ST1,6,239085,Erling Haaland,Striker,90.0,0.9999611285147314,0.8999912539158146,86.0,0.9560731132075472,91.0,0.9999157681940701,70.0,0.866576819407008,80.0,0.9699292452830188,45.0,0.29274764150943394,88.0,0.9994946091644205
4-1-2-1-2,log,1.0,9,ST2,18,231478,Lautaro Martínez,Striker,88.0,0.9957760401692644,0.8790707288372382,81.0,0.867713948787062,88.0,0.9994103773584906,75.0,0.9548096361185984,84.0,0.9919137466307277,51.0,0.33878032345013476,83.0,0.9852594339622641
4-1-2-1-2,exp,0.0,0,LB,42,252145,Nuno Mendes,Left Back,86.0,0.99502880398078,0.8589311928558677,95.0,0.9995788409703504,65.0,0.7434299191374663,76.0,0.9648332210242587,82.0,0.984332884097035,80.0,0.9880390835579514,77.0,0.8747051886792453
4-1-2-1-2,exp,0.0,1,CB1,4,203376,Virgil van Dijk,Center Back,90.0,0.9961802750195612,0.8991405618794013,73.0,0.612449460916442,60.0,0.5613207547169812,72.0,0.910377358490566,72.0,0.8008338948787062,90.0,1.0,87.0,0.9988207547169812
4-1-2-1-2,exp,0.0,2,CB2,21,232580,Gabriel,Center Back,88.0,0.9997095821450804,0.8799361080719177,64.0,0.2726162398921833,44.0,0.23269036388140163,64.0,0.66661051212938,65.0,0.44326987870619944,88.0,0.9997894204851752,84.0,0.991661051212938
4-1-2-1-2,exp,0.0,3,RB,8,235212,Achraf Hakimi,Right Back,89.0,0.8337612402261589,0.8530118759503204,92.0,0.9960832210242587,79.0,0.985427897574124,82.0,0.993766846361186,83.0,0.9884181266846361,82.0,0.9939353099730458,79.0,0.928108153638814
4-1-2-1-2,exp,0.0,4,DM,29,256079,Moisés Caicedo,Defensive Midfielder,87.0,0.9827188664274614,0.8662413534479729,71.0,0.5314605795148248,64.0,0.7079262129380054,78.0,0.9788999326145552,81.0,0.9784787735849056,84.0,0.9973466981132075,82.0,0.9767941374663073
4-1-2-1-2,exp,0.0,5,CM1,10,255253,Vitinha,Central Midfielder,89.0,0.795899749002126,0.8445876941529731,72.0,0.5712601078167115,80.0,0.9888814016172507,86.0,0.998862870619946,90.0,0.9993682614555256,75.0,0.9551886792452831,70.0,0.5805677223719676
4-1-2-1-2,exp,0.0,6,CM2,11,251854,Pedri,Central Midfielder,89.0,0.8770553125530485,0.8626448070430534,77.0,0.7560646900269542,73.0,0.9365313342318059,85.0,0.9979363207547169,91.0,0.9997894204851752,78.0,0.9791947439353099,77.0,0.8747051886792453
4-1-2-1-2,exp,0.0,7,AM,20,256790,Jamal Musiala,Attacking Midfielder,88.0,0.92995252531437,0.8645895555691614,80.0,0.8408018867924528,82.0,0.9946512803234502,80.0,0.9884181266846361,90.0,0.9993682614555256,66.0,0.742798180592992,65.0,0.3587853773584906
4-1-2-1-2,exp,0.0,8,ST1,13,202126,Harry Kane,Striker,89.0,0.9841806203997862,0.8864801880389525,64.0,0.2726162398921833,92.0,1.0,83.0,0.9952830188679245,82.0,0.984332884097035,48.0,0.31620619946091644,82.0,0.9767941374663073
4-1-2-1-2,exp,0.0,9,ST2,6,239085,Erling Haaland,Striker,90.0,0.9999611285147314,0.8999912539158146,86.0,0.9560731132075472,91.0,0.9999157681940701,70.0,0.866576819407008,80.0,0.9699292452830188,45.0,0.29274764150943394,88.0,0.9994946091644205
4-1-2-1-2,exp,0.05,0,LB,42,252145,Nuno Mendes,Left Back,86.0,0.99502880398078,0.8589311928558677,95.0,0.9995788409703504,65.0,0.7434299191374663,76.0,0.9648332210242587,82.0,0.984332884097035,80.0,0.9880390835579514,77.0,0.8747051886792453
4-1-2-1-2,exp,0.05,1,CB1,4,203376,Virgil van Dijk,Center Back,90.0,0.9961802750195612,0.8991405618794013,73.0,0.612449460916442,60.0,0.5613207547169812,72.0,0.910377358490566,72.0,0.8008338948787062,90.0,1.0,87.0,0.9988207547169812
4-1-2-1-2,exp,0.05,2,CB2,21,232580,Gabriel,Center Back,88.0,0.9997095821450804,0.8799361080719177,64.0,0.2726162398921833,44.0,0.23269036388140163,64.0,0.66661051212938,65.0,0.44326987870619944,88.0,0.9997894204851752,84.0,0.991661051212938
4-1-2-1-2,exp,0.05,3,RB,8,235212,Achraf Hakimi,Right Back,89.0,0.8337612402261589,0.8530118759503204,92.0,0.9960832210242587,79.0,0.985427897574124,82.0,0.993766846361186,83.0,0.9884181266846361,82.0,0.9939353099730458,79.0,0.928108153638814
4-1-2-1-2,exp,0.05,4,DM,29,256079,Moisés Caicedo,Defensive Midfielder,87.0,0.9827188664274614,0.8662413534479729,71.0,0.5314605795148248,64.0,0.7079262129380054,78.0,0.9788999326145552,81.0,0.9784787735849056,84.0,0.9973466981132075,82.0,0.9767941374663073
4-1-2-1-2,exp,0.05,5,CM1,11,251854,Pedri,Central Midfielder,89.0,0.8770553125530485,0.8626448070430534,77.0,0.7560646900269542,73.0,0.9365313342318059,85.0,0.9979363207547169,91.0,0.9997894204851752,78.0,0.9791947439353099,77.0,0.8747051886792453
4-1-2-1-2,exp,0.05,6,CM2,10,255253,Vitinha,Central Midfielder,89.0,0.795899749002126,0.8445876941529731,72.0,0.5712601078167115,80.0,0.9888814016172507,86.0,0.998862870619946,90.0,0.9993682614555256,75.0,0.9551886792452831,70.0,0.5805677223719676
4-1-2-1-2,exp,0.05,7,AM,20,256790,Jamal Musiala,Attacking Midfielder,88.0,0.92995252531437,0.8645895555691614,80.0,0.8408018867924528,82.0,0.9946512803234502,80.0,0.9884181266846361,90.0,0.9993682614555256,66.0,0.742798180592992,65.0,0.3587853773584906
4-1-2-1-2,exp,0.05,8,ST1,6,239085,Erling Haaland,Striker,90.0,0.9999611285147314,0.8999912539158146,86.0,0.9560731132075472,91.0,0.9999157681940701,70.0,0.866576819407008,80.0,0.9699292452830188,45.0,0.29274764150943394,88.0,0.9994946091644205
4-1-2-1-2,exp,0.05,9,ST2,13,202126,Harry Kane,Striker,89.0,0.9841806203997862,0.8864801880389525,64.0,0.2726162398921833,92.0,1.0,83.0,0.9952830188679245,82.0,0.984332884097035,48.0,0.31620619946091644,82.0,0.9767941374663073
4-1-2-1-2,exp,0.1,0,LB,42,252145,Nuno Mendes,Left Back,86.0,0.99502880398078,0.8589311928558677,95.0,0.9995788409703504,65.0,0.7434299191374663,76.0,0.9648332210242587,82.0,0.984332884097035,80.0,0.9880390835579514,77.0,0.8747051886792453
4-1-2-1-2,exp,0.1,1,CB1,4,203376,Virgil van Dijk,Center Back,90.0,0.9961802750195612,0.8991405618794013,73.0,0.612449460916442,60.0,0.5613207547169812,72.0,0.910377358490566,72.0,0.8008338948787062,90.0,1.0,87.0,0.9988207547169812
4-1-2-1-2,exp,0.1,2,CB2,21,232580,Gabriel,Center Back,88.0,0.9997095821450804,0.8799361080719177,64.0,0.2726162398921833,44.0,0.23269036388140163,64.0,0.66661051212938,65.0,0.44326987870619944,88.0,0.9997894204851752,84.0,0.991661051212938
4-1-2-1-2,exp,0.1,3,RB,8,235212,Achraf Hakimi,Right Back,89.0,0.8337612402261589,0.8530118759503204,92.0,0.9960832210242587,79.0,0.985427897574124,82.0,0.993766846361186,83.0,0.9884181266846361,82.0,0.9939353099730458,79.0,0.928108153638814
4-1-2-1-2,exp,0.1,4,DM,29,256079,Moisés Caicedo,Defensive Midfielder,87.0,0.9827188664274614,0.8662413534479729,71.0,0.5314605795148248,64.0,0.7079262129380054,78.0,0.9788999326145552,81.0,0.9784787735849056,84.0,0.9973466981132075,82.0,0.9767941374663073
4-1-2-1-2,exp,0.1,5,CM1,11,251854,Pedri,Central Midfielder,89.0,0.8770553125530485,0.8626448070430534,77.0,0.7560646900269542,73.0,0.9365313342318059,85.0,0.9979363207547169,91.0,0.9997894204851752,78.0,0.9791947439353099,77.0,0.8747051886792453
4-1-2-1-2,exp,0.1,6,CM2,10,255253,Vitinha,Central Midfielder,89.0,0.795899749002126,0.8445876941529731,72.0,0.5712601078167115,80.0,0.9888814016172507,86.0,0.998862870619946,90.0,0.9993682614555256,75.0,0.9551886792452831,70.0,0.5805677223719676
4-1-2-1-2,exp,0.1,7,AM,20,256790,Jamal Musiala,Attacking Midfielder,88.0,0.92995252531437,0.8645895555691614,80.0,0.8408018867924528,82.0,0.9946512803234502,80.0,0.9884181266846361,90.0,0.9993682614555256,66.0,0.742798180592992,65.0,0.3587853773584906
4-1-2-1-2,exp,0.1,8,ST1,6,239085,Erling Haaland,Striker,90.0,0.9999611285147314,0.8999912539158146,86.0,0.9560731132075472,91.0,0.9999157681940701,70.0,0.866576819407008,80.0,0.9699292452830188,45.0,0.29274764150943394,88.0,0.9994946091644205
4-1-2-1-2,exp,0.1,9,ST2,13,202126,Harry Kane,Striker,89.0,0.9841806203997862,0.8864801880389525,64.0,0.2726162398921833,92.0,1.0,83.0,0.9952830188679245,82.0,0.984332884097035,48.0,0.31620619946091644,82.0,0.9767941374663073
4-1-2-1-2,exp,0.25,0,LB,42,252145,Nuno Mendes,Left Back,86.0,0.99502880398078,0.8589311928558677,95.0,0.9995788409703504,65.0,0.7434299191374663,76.0,0.9648332210242587,82.0,0.984332884097035,80.0,0.9880390835579514,77.0,0.8747051886792453
4-1-2-1-2,exp,0.25,1,CB1,21,232580,Gabriel,Center Back,88.0,0.9997095821450804,0.8799361080719177,64.0,0.2726162398921833,44.0,0.23269036388140163,64.0,0.66661051212938,65.0,0.44326987870619944,88.0,0.9997894204851752,84.0,0.991661051212938
4-1-2-1-2,exp,0.25,2,CB2,4,203376,Virgil van Dijk,Center Back,90.0,0.9961802750195612,0.8991405618794013,73.0,0.612449460916442,60.0,0.5613207547169812,72.0,0.910377358490566,72.0,0.8008338948787062,90.0,1.0,87.0,0.9988207547169812
4-1-2-1-2,exp,0.25,3,RB,8,235212,Achraf Hakimi,Right Back,89.0,0.8337612402261589,0.8530118759503204,92.0,0.9960832210242587,79.0,0.985427897574124,82.0,0.993766846361186,83.0,0.9884181266846361,82.0,0.9939353099730458,79.0,0.928108153638814
4-1-2-1-2,exp,0.25,4,DM,29,256079,Moisés Caicedo,Defensive Midfielder,87.0,0.9827188664274614,0.8662413534479729,71.0,0.5314605795148248,64.0,0.7079262129380054,78.0,0.9788999326145552,81.0,0.9784787735849056,84.0,0.9973466981132075,82.0,0.9767941374663073
4-1-2-1-2,exp,0.25,5,CM1,10,255253,Vitinha,Central Midfielder,89.0,0.795899749002126,0.8445876941529731,72.0,0.5712601078167115,80.0,0.9888814016172507,86.0,0.998862870619946,90.0,0.9993682614555256,75.0,0.9551886792452831,70.0,0.5805677223719676
4-1-2-1-2,exp,0.25,6,CM2,11,251854,Pedri,Central Midfielder,89.0,0.8770553125530485,0.8626448070430534,77.0,0.7560646900269542,73.0,0.9365313342318059,85.0,0.9979363207547169,91.0,0.9997894204851752,78.0,0.9791947439353099,77.0,0.8747051886792453
4-1-2-1-2,exp,0.25,7,AM,20,256790,Jamal Musiala,Attacking Midfielder,88.0,0.92995252531437,0.8645895555691614,80.0,0.8408018867924528,82.0,0.9946512803234502,80.0,0.9884181266846361,90.0,0.9993682614555256,66.0,0.742798180592992,65.0,0.3587853773584906
4-1-2-1-2,exp,0.25,8,ST1,6,239085,Erling Haaland,Striker,90.0,0.9999611285147314,0.8999912539158146,86.0,0.9560731132075472,91.0,0.9999157681940701,70.0,0.866576819407008,80.0,0.9699292452830188,45.0,0.29274764150943394,88.0,0.9994946091644205
4-1-2-1-2,exp,0.25,9,ST2,18,231478,Lautaro Martínez,Striker,88.0,0.9957760401692644,0.8790707288372382,81.0,0.867713948787062,88.0,0.9994103773584906,75.0,0.9548096361185984,84.0,0.9919137466307277,51.0,0.33878032345013476,83.0,0.9852594339622641
4-1-2-1-2,exp,0.5,0,LB,42,252145,Nuno Mendes,Left Back,86.0,0.99502880398078,0.8589311928558677,95.0,0.9995788409703504,65.0,0.7434299191374663,76.0,0.9648332210242587,82.0,0.984332884097035,80.0,0.9880390835579514,77.0,0.8747051886792453
4-1-2-1-2,exp,0.5,1,CB1,31,207865,Marquinhos,Center Back,87.0,0.9802460611648384,0.8657035183033523,78.0,0.7868092991913747,56.0,0.4365734501347709,75.0,0.9548096361185984,74.0,0.8688510781671159,89.0,0.9999157681940701,80.0,0.948997641509434
4-1-2-1-2,exp,0.5,2,CB2,4,203376,Virgil van Dijk,Center Back,90.0,0.9961802750195612,0.8991405618794013,73.0,0.612449460916442,60.0,0.5613207547169812,72.0,0.910377358490566,72.0,0.8008338948787062,90.0,1.0,87.0,0.9988207547169812
4-1-2-1-2,exp,0.5,3,RB,8,235212,Achraf Hakimi,Right Back,89.0,0.8337612402261589,0.8530118759503204,92.0,0.9960832210242587,79.0,0.985427897574124,82.0,0.993766846361186,83.0,0.9884181266846361,82.0,0.9939353099730458,79.0,0.928108153638814
4-1-2-1-2,exp,0.5,4,DM,29,256079,Moisés Caicedo,Defensive Midfielder,87.0,0.9827188664274614,0.8662413534479729,71.0,0.5314605795148248,64.0,0.7079262129380054,78.0,0.9788999326145552,81.0,0.9784787735849056,84.0,0.9973466981132075,82.0,0.9767941374663073
4-1-2-1-2,exp,0.5,5,CM1,11,251854,Pedri,Central Midfielder,89.0,0.8770553125530485,0.8626448070430534,77.0,0.7560646900269542,73.0,0.9365313342318059,85.0,0.9979363207547169,91.0,0.9997894204851752,78.0,0.9791947439353099,77.0,0.8747051886792453
4-1-2-1-2,exp,0.5,6,CM2,10,255253,Vitinha,Central Midfielder,89.0,0.795899749002126,0.8445876941529731,72.0,0.5712601078167115,80.0,0.9888814016172507,86.0,0.998862870619946,90.0,0.9993682614555256,75.0,0.9551886792452831,70.0,0.5805677223719676
4-1-2-1-2,exp,0.5,7,AM,20,256790,Jamal Musiala,Attacking Midfielder,88.0,0.92995252531437,0.8645895555691614,80.0,0.8408018867924528,82.0,0.9946512803234502,80.0,0.9884181266846361,90.0,0.9993682614555256,66.0,0.742798180592992,65.0,0.3587853773584906
4-1-2-1-2,exp,0.5,8,ST1,6,239085,Erling Haaland,Striker,90.0,0.9999611285147314,0.8999912539158146,86.0,0.9560731132075472,91.0,0.9999157681940701,70.0,0.866576819407008,80.0,0.9699292452830188,45.0,0.29274764150943394,88.0,0.9994946091644205
4-1-2-1-2,exp,0.5,9,ST2,18,231478,Lautaro Martínez,Striker,88.0,0.9957760401692644,0.8790707288372382,81.0,0.867713948787062,88.0,0.9994103773584906,75.0,0.9548096361185984,84.0,0.9919137466307277,51.0,0.33878032345013476,83.0,0.9852594339622641
4-1-2-1-2,exp,1.0,0,LB,42,252145,Nuno Mendes,Left Back,86.0,0.99502880398078,0.8589311928558677,95.0,0.9995788409703504,65.0,0.7434299191374663,76.0,0.9648332210242587,82.0,0.984332884097035,80.0,0.9880390835579514,77.0,0.8747051886792453
4-1-2-1-2,exp,1.0,1,CB1,31,207865,Marquinhos,Center Back,87.0,0.9802460611648384,0.8657035183033523,78.0,0.7868092991913747,56.0,0.4365734501347709,75.0,0.9548096361185984,74.0,0.8688510781671159,89.0,0.9999157681940701,80.0,0.948997641509434
4-1-2-1-2,exp,1.0,2,CB2,4,203376,Virgil van Dijk,Center Back,90.0,0.9961802750195612,0.8991405618794013,73.0,0.612449460916442,60.0,0.5613207547169812,72.0,0.910377358490566,72.0,0.8008338948787062,90.0,1.0,87.0,0.9988207547169812
4-1-2-1-2,exp,1.0,3,RB,8,235212,Achraf Hakimi,Right Back,89.0,0.8337612402261589,0.8530118759503204,92.0,0.9960832210242587,79.0,0.985427897574124,82.0,0.993766846361186,83.0,0.9884181266846361,82.0,0.9939353099730458,79.0,0.928108153638814
4-1-2-1-2,exp,1.0,4,DM,29,256079,Moisés Caicedo,Defensive Midfielder,87.0,0.9827188664274614,0.8662413534479729,71.0,0.5314605795148248,64.0,0.7079262129380054,78.0,0.9788999326145552,81.0,0.9784787735849056,84.0,0.9973466981132075,82.0,0.9767941374663073
4-1-2-1-2,exp,1.0,5,CM1,14,239053,Federico Valverde,Central Midfielder,89.0,0.6911176064634604,0.82127366743812,88.0,0.9748146900269542,84.0,0.9978520889487871,84.0,0.9966307277628033,84.0,0.9919137466307277,83.0,0.995788409703504,85.0,0.9954093665768194
4-1-2-1-2,exp,1.0,6,CM2,11,251854,Pedri,Central Midfielder,89.0,0.8770553125530485,0.8626448070430534,77.0,0.7560646900269542,73.0,0.9365313342318059,85.0,0.9979363207547169,91.0,0.9997894204851752,78.0,0.9791947439353099,77.0,0.8747051886792453
4-1-2-1-2,exp,1.0,7,AM,20,256790,Jamal Musiala,Attacking Midfielder,88.0,0.92995252531437,0.8645895555691614,80.0,0.8408018867924528,82.0,0.9946512803234502,80.0,0.9884181266846361,90.0,0.9993682614555256,66.0,0.742798180592992,65.0,0.3587853773584906
4-1-2-1-2,exp,1.0,8,ST1,6,239085,Erling Haaland,Striker,90.0,0.9999611285147314,0.8999912539158146,86.0,0.9560731132075472,91.0,0.9999157681940701,70.0,0.866576819407008,80.0,0.9699292452830188,45.0,0.29274764150943394,88.0,0.9994946091644205
4-1-2-1-2,exp,1.0,9,ST2,18,231478,Lautaro Martínez,Striker,88.0,0.9957760401692644,0.8790707288372382,81.0,0.867713948787062,88.0,0.9994103773584906,75.0,0.9548096361185984,84.0,0.9919137466307277,51.0,0.33878032345013476,83.0,0.9852594339622641
3-5-2,sqrt,0.0,0,CB1,36,213331,Jonathan Tah,Center Back,87.0,0.9997990044585502,0.8699562834697346,63.0,0.24536725067385445,38.0,0.154144204851752,60.0,0.47224561994609165,63.0,0.33722203504043125,87.0,0.9995788409703504,86.0,0.9975151617250674
3-5-2,sqrt,0.0,1,CB2,21,232580,Gabriel,Center Back,88.0,0.9997095821450804,0.8799361080719177,64.0,0.2726162398921833,44.0,0.23269036388140163,64.0,0.66661051212938,65.0,0.44326987870619944,88.0,0.9997894204851752,84.0,0.991661051212938
3-5-2,sqrt,0.0,2,CB3,4,203376,Virgil van Dijk,Center Back,90.0,0.9961802750195612,0.8991405618794013,73.0,0.612449460916442,60.0,0.5613207547169812,72.0,0.910377358490566,72.0,0.8008338948787062,90.0,1.0,87.0,0.9988207547169812
3-5-2,sqrt,0.0,3,LWB,42,252145,Nuno Mendes,Left Back,86.0,0.99502880398078,0.8589311928558677,95.0,0.9995788409703504,65.0,0.7434299191374663,76.0,0.9648332210242587,82.0,0.984332884097035,80.0,0.9880390835579514,77.0,0.8747051886792453
3-5-2,sqrt,0.0,4,RWB,8,235212,Achraf Hakimi,Right Back,89.0,0.8337612402261589,0.8530118759503204,92.0,0.9960832210242587,79.0,0.985427897574124,82.0,0.993766846361186,83.0,0.9884181266846361,82.0,0.9939353099730458,79.0,0.928108153638814
3-5-2,sqrt,0.0,5,DM,29,256079,Moisés Caicedo,Defensive Midfielder,87.0,0.9827188664274614,0.8662413534479729,71.0,0.5314605795148248,64.0,0.7079262129380054,78.0,0.9788999326145552,81.0,0.9784787735849056,84.0,0.9973466981132075,82.0,0.9767941374663073
3-5-2,sqrt,0.0,6,CM1,10,255253,Vitinha,Central Midfielder,89.0,0.795899749002126,0.8445876941529731,72.0,0.5712601078167115,80.0,0.9888814016172507,86.0,0.998862870619946,90.0,0.9993682614555256,75.0,0.9551886792452831,70.0,0.5805677223719676
3-5-2,sqrt,0.0,7,CM2,11,251854,Pedri,Central Midfielder,89.0,0.8770553125530485,0.8626448070430534,77.0,0.7560646900269542,73.0,0.9365313342318059,85.0,0.9979363207547169,91.0,0.9997894204851752,78.0,0.9791947439353099,77.0,0.8747051886792453
3-5-2,sqrt,0.0,8,ST1,13,202126,Harry Kane,Striker,89.0,0.9841806203997862,0.8864801880389525,64.0,0.2726162398921833,92.0,1.0,83.0,0.9952830188679245,82.0,0.984332884097035,48.0,0.31620619946091644,82.0,0.9767941374663073
3-5-2,sqrt,0.0,9,ST2,6,239085,Erling Haaland,Striker,90.0,0.9999611285147314,0.8999912539158146,86.0,0.9560731132075472,91.0,0.9999157681940701,70.0,0.866576819407008,80.0,0.9699292452830188,45.0,0.29274764150943394,88.0,0.9994946091644205
3-5-2,sqrt,0.05,0,CB1,34,243715,William Saliba,Center Back,87.0,0.9987626893446114,0.869730884932453,77.0,0.7560646900269542,39.0,0.16682109164420486,68.0,0.8125842318059299,72.0,0.8008338948787062,87.0,0.9995788409703504,83.0,0.9852594339622641
3-5-2,sqrt,0.05,1,CB2,21,232580,Gabriel,Center Back,88.0,0.9997095821450804,0.8799361080719177,64.0,0.2726162398921833,44.0,0.23269036388140163,64.0,0.66661051212938,65.0,0.44326987870619944,88.0,0.9997894204851752,84.0,0.991661051212938
3-5-2,sqrt,0.05,2,CB3,4,203376,Virgil van Dijk,Center Back,90.0,0.9961802750195612,0.8991405618794013,73.0,0.612449460916442,60.0,0.5613207547169812,72.0,0.910377358490566,72.0,0.8008338948787062,90.0,1.0,87.0,0.9988207547169812
3-5-2,sqrt,0.05,3,LWB,42,252145,Nuno Mendes,Left Back,86.0,0.99502880398078,0.8589311928558677,95.0,0.9995788409703504,65.0,0.7434299191374663,76.0,0.9648332210242587,82.0,0.984332884097035,80.0,0.9880390835579514,77.0,0.8747051886792453
3-5-2,sqrt,0.05,4,RWB,8,235212,Achraf Hakimi,Right Back,89.0,0.8337612402261589,0.8530118759503204,92.0,0.9960832210242587,79.0,0.985427897574124,82.0,0.993766846361186,83.0,0.9884181266846361,82.0,0.9939353099730458,79.0,0.928108153638814
3-5-2,sqrt,0.05,5,DM,29,256079,Moisés Caicedo,Defensive Midfielder,87.0,0.9827188664274614,0.8662413534479729,71.0,0.5314605795148248,64.0,0.7079262129380054,78.0,0.9788999326145552,81.0,0.9784787735849056,84.0,0.9973466981132075,82.0,0.9767941374663073
3-5-2,sqrt,0.05,6,CM1,11,251854,Pedri,Central Midfielder,89.0,0.8770553125530485,0.8626448070430534,77.0,0.7560646900269542,73.0,0.9365313342318059,85.0,0.9979363207547169,91.0,0.9997894204851752,78.0,0.9791947439353099,77.0,0.8747051886792453
3-5-2,sqrt,0.05,7,CM2,10,255253,Vitinha,Central Midfielder,89.0,0.795899749002126,0.8445876941529731,72.0,0.5712601078167115,80.0,0.9888814016172507,86.0,0.998862870619946,90.0,0.9993682614555256,75.0,0.9551886792452831,70.0,0.5805677223719676
3-5-2,sqrt,0.05,8,ST1,13,202126,Harry Kane,Striker,89.0,0.9841806203997862,0.8864801880389525,64.0,0.2726162398921833,92.0,1.0,83.0,0.9952830188679245,82.0,0.984332884097035,48.0,0.31620619946091644,82.0,0.9767941374663073
3-5-2,sqrt,0.05,9,ST2,6,239085,Erling Haaland,Striker,90.0,0.9999611285147314,0.8999912539158146,86.0,0.9560731132075472,91.0,0.9999157681940701,70.0,0.866576819407008,80.0,0.9699292452830188,45.0,0.29274764150943394,88.0,0.9994946091644205
3-5-2,sqrt,0.1,0,CB1,31,207865,Marquinhos,Center Back,87.0,0.9802460611648384,0.8657035183033523,78.0,0.7868092991913747,56.0,0.4365734501347709,75.0,0.9548096361185984,74.0,0.8688510781671159,89.0,0.9999157681940701,80.0,0.948997641509434
3-5-2,sqrt,0.1,1,CB2,21,232580,Gabriel,Center Back,88.0,0.9997095821450804,0.8799361080719177,64.0,0.2726162398921833,44.0,0.23269036388140163,64.0,0.66661051212938,65.0,0.44326987870619944,88.0,0.9997894204851752,84.0,0.991661051212938
3-5-2,sqrt,0.1,2,CB3,4,203376,Virgil van Dijk,Center Back,90.0,0.9961802750195612,0.8991405618794013,73.0,0.612449460916442,60.0,0.5613207547169812,72.0,0.910377358490566,72.0,0.8008338948787062,90.0,1.0,87.0,0.9988207547169812
3-5-2,sqrt,0.1,3,LWB,42,252145,Nuno Mendes,Left Back,86.0,0.99502880398078,0.8589311928558677,95.0,0.9995788409703504,65.0,0.7434299191374663,76.0,0.9648332210242587,82.0,0.984332884097035,80.0,0.9880390835579514,77.0,0.8747051886792453
3-5-2,sqrt,0.1,4,RWB,8,235212,Achraf Hakimi,Right Back,89.0,0.8337612402261589,0.8530118759503204,92.0,0.9960832210242587,79.0,0.985427897574124,82.0,0.993766846361186,83.0,0.9884181266846361,82.0,0.9939353099730458,79.0,0.928108153638814
3-5-2,sqrt,0.1,5,DM,29,256079,Moisés Caicedo,Defensive Midfielder,87.0,0.9827188664274614,0.8662413534479729,71.0,0.5314605795148248,64.0,0.7079262129380054,78.0,0.9788999326145552,81.0,0.9784787735849056,84.0,0.9973466981132075,82.0,0.9767941374663073
3-5-2,sqrt,0.1,6,CM1,11,251854,Pedri,Central Midfielder,89.0,0.8770553125530485,0.8626448070430534,77.0,0.7560646900269542,73.0,0.9365313342318059,85.0,0.9979363207547169,91.0,0.9997894204851752,78.0,0.9791947439353099,77.0,0.8747051886792453
3-5-2,sqrt,0.1,7,CM2,10,255253,Vitinha,Central Midfielder,89.0,0.795899749002126,0.8445876941529731,72.0,0.5712601078167115,80.0,0.9888814016172507,86.0,0.998862870619946,90.0,0.9993682614555256,75.0,0.9551886792452831,70.0,0.5805677223719676
3-5-2,sqrt,0.1,8,ST1,13,202126,Harry Kane,Striker,89.0,0.9841806203997862,0.8864801880389525,64.0,0.2726162398921833,92.0,1.0,83.0,0.9952830188679245,82.0,0.984332884097035,48.0,0.31620619946091644,82.0,0.9767941374663073
3-5-2,sqrt,0.1,9,ST2,6,239085,Erling Haaland,Striker,90.0,0.9999611285147314,0.8999912539158146,86.0,0.9560731132075472,91.0,0.9999157681940701,70.0,0.866576819407008,80.0,0.9699292452830188,45.0,0.29274764150943394,88.0,0.9994946091644205
3-5-2,sqrt,0.25,0,CB1,31,207865,Marquinhos,Center Back,87.0,0.9802460611648384,0.8657035183033523,78.0,0.7868092991913747,56.0,0.4365734501347709,75.0,0.9548096361185984,74.0,0.8688510781671159,89.0,0.9999157681940701,80.0,0.948997641509434
3-5-2,sqrt,0.25,1,CB2,25,237383,Alessandro Bastoni,Center Back,87.0,0.9849969460502416,0.8667368357659275,74.0,0.6517014824797843,46.0,0.26014993261455527,75.0,0.9548096361185984,76.0,0.9156839622641509,88.0,0.9997894204851752,82.0,0.9767941374663073
3-5-2,sqrt,0.25,2,CB3,4,203376,Virgil van Dijk,Center Back,90.0,0.9961802750195612,0.8991405618794013,73.0,0.612449460916442,60.0,0.5613207547169812,72.0,0.910377358490566,72.0,0.8008338948787062,90.0,1.0,87.0,0.9988207547169812
3-5-2,sqrt,0.25,3,LWB,42,252145,Nuno Mendes,Left Back,86.0,0.99502880398078,0.8589311928558677,95.0,0.9995788409703504,65.0,0.7434299191374663,76.0,0.9648332210242587,82.0,0.984332884097035,80.0,0.9880390835579514,77.0,0.8747051886792453
3-5-2,sqrt,0.25,4,RWB,8,235212,Achraf Hakimi,Right Back,89.0,0.8337612402261589,0.8530118759503204,92.0,0.9960832210242587,79.0,0.985427897574124,82.0,0.993766846361186,83.0,0.9884181266846361,82.0,0.9939353099730458,79.0,0.928108153638814
3-5-2,sqrt,0.25,5,DM,29,256079,Moisés Caicedo,Defensive Midfielder,87.0,0.9827188664274614,0.8662413534479729,71.0,0.5314605795148248,64.0,0.7079262129380054,78.0,0.9788999326145552,81.0,0.9784787735849056,84.0,0.9973466981132075,82.0,0.9767941374663073
3-5-2,sqrt,0.25,6,CM1,11,251854,Pedri,Central Midfielder,89.0,0.8770553125530485,0.8626448070430534,77.0,0.7560646900269542,73.0,0.9365313342318059,85.0,0.9979363207547169,91.0,0.9997894204851752,78.0,0.9791947439353099,77.0,0.8747051886792453
3-5-2,sqrt,0.25,7,CM2,10,255253,Vitinha,Central Midfielder,89.0,0.795899749002126,0.8445876941529731,72.0,0.5712601078167115,80.0,0.9888814016172507,86.0,0.998862870619946,90.0,0.9993682614555256,75.0,0.9551886792452831,70.0,0.5805677223719676
3-5-2,sqrt,0.25,8,ST1,18,231478,Lautaro Martínez,Striker,88.0,0.9957760401692644,0.8790707288372382,81.0,0.867713948787062,88.0,0.9994103773584906,75.0,0.9548096361185984,84.0,0.9919137466307277,51.0,0.33878032345013476,83.0,0.9852594339622641
3-5-2,sqrt,0.25,9,ST2,6,239085,Erling Haaland,Striker,90.0,0.9999611285147314,0.8999912539158146,86.0,0.9560731132075472,91.0,0.9999157681940701,70.0,0.866576819407008,80.0,0.9699292452830188,45.0,0.29274764150943394,88.0,0.9994946091644205
3-5-2,sqrt,0.5,0,CB1,31,207865,Marquinhos,Center Back,87.0,0.9802460611648384,0.8657035183033523,78.0,0.7868092991913747,56.0,0.4365734501347709,75.0,0.9548096361185984,74.0,0.8688510781671159,89.0,0.9999157681940701,80.0,0.948997641509434
3-5-2,sqrt,0.5,1,CB2,25,237383,Alessandro Bastoni,Center Back,87.0,0.9849969460502416,0.8667368357659275,74.0,0.6517014824797843,46.0,0.26014993261455527,75.0,0.9548096361185984,76.0,0.9156839622641509,88.0,0.9997894204851752,82.0,0.9767941374663073
3-5-2,sqrt,0.5,2,CB3,4,203376,Virgil van Dijk,Center Back,90.0,0.9961802750195612,0.8991405618794013,73.0,0.612449460916442,60.0,0.5613207547169812,72.0,0.910377358490566,72.0,0.8008338948787062,90.0,1.0,87.0,0.9988207547169812
3-5-2,sqrt,0.5,3,LWB,42,252145,Nuno Mendes,Left Back,86.0,0.99502880398078,0.8589311928558677,95.0,0.9995788409703504,65.0,0.7434299191374663,76.0,0.9648332210242587,82.0,0.984332884097035,80.0,0.9880390835579514,77.0,0.8747051886792453
3-5-2,sqrt,0.5,4,RWB,8,235212,Achraf Hakimi,Right Back,89.0,0.8337612402261589,0.8530118759503204,92.0,0.9960832210242587,79.0,0.985427897574124,82.0,0.993766846361186,83.0,0.9884181266846361,82.0,0.9939353099730458,79.0,0.928108153638814
3-5-2,sqrt,0.5,5,DM,29,256079,Moisés Caicedo,Defensive Midfielder,87.0,0.9827188664274614,0.8662413534479729,71.0,0.5314605795148248,64.0,0.7079262129380054,78.0,0.9788999326145552,81.0,0.9784787735849056,84.0,0.9973466981132075,82.0,0.9767941374663073
3-5-2,sqrt,0.5,6,CM1,11,251854,Pedri,Central Midfielder,89.0,0.8770553125530485,0.8626448070430534,77.0,0.7560646900269542,73.0,0.9365313342318059,85.0,0.9979363207547169,91.0,0.9997894204851752,78.0,0.9791947439353099,77.0,0.8747051886792453
3-5-2,sqrt,0.5,7,CM2,14,239053,Federico Valverde,Central Midfielder,89.0,0.6911176064634604,0.82127366743812,88.0,0.9748146900269542,84.0,0.9978520889487871,84.0,0.9966307277628033,84.0,0.9919137466307277,83.0,0.995788409703504,85.0,0.9954093665768194
3-5-2,sqrt,0.5,8,ST1,18,231478,Lautaro Martínez,Striker,88.0,0.9957760401692644,0.8790707288372382,81.0,0.867713948787062,88.0,0.9994103773584906,75.0,0.9548096361185984,84.0,0.9919137466307277,51.0,0.33878032345013476,83.0,0.9852594339622641
3-5-2,sqrt,0.5,9,ST2,6,239085,Erling Haaland,Striker,90.0,0.9999611285147314,0.8999912539158146,86.0,0.9560731132075472,91.0,0.9999157681940701,70.0,0.866576819407008,80.0,0.9699292452830188,45.0,0.29274764150943394,88.0,0.9994946091644205
3-5-2,sqrt,1.0,0,CB1,31,207865,Marquinhos,Center Back,87.0,0.9802460611648384,0.8657035183033523,78.0,0.7868092991913747,56.0,0.4365734501347709,75.0,0.9548096361185984,74.0,0.8688510781671159,89.0,0.9999157681940701,80.0,0.948997641509434
3-5-2,sqrt,1.0,1,CB2,43,205452,Antonio Rüdiger,Center Back,86.0,0.9947861711270808,0.8588790267923224,79.0,0.8138477088948787,55.0,0.4134518194070081,72.0,0.910377358490566,70.0,0.7179919137466307,84.0,0.9973466981132075,86.0,0.9975151617250674
3-5-2,sqrt,1.0,2,CB3,4,203376,Virgil van Dijk,Center Back,90.0,0.9961802750195612,0.8991405618794013,73.0,0.612449460916442,60.0,0.5613207547169812,72.0,0.910377358490566,72.0,0.8008338948787062,90.0,1.0,87.0,0.9988207547169812
3-5-2,sqrt,1.0,3,LWB,42,252145,Nuno Mendes,Left Back,86.0,0.99502880398078,0.8589311928558677,95.0,0.9995788409703504,65.0,0.7434299191374663,76.0,0.9648332210242587,82.0,0.984332884097035,80.0,0.9880390835579514,77.0,0.8747051886792453
3-5-2,sqrt,1.0,4,RWB,8,235212,Achraf Hakimi,Right Back,89.0,0.8337612402261589,0.8530118759503204,92.0,0.9960832210242587,79.0,0.985427897574124,82.0,0.993766846361186,83.0,0.9884181266846361,82.0,0.9939353099730458,79.0,0.928108153638814
3-5-2,sqrt,1.0,5,DM,29,256079,Moisés Caicedo,Defensive Midfielder,87.0,0.9827188664274614,0.8662413534479729,71.0,0.5314605795148248,64.0,0.7079262129380054,78.0,0.9788999326145552,81.0,0.9784787735849056,84.0,0.9973466981132075,82.0,0.9767941374663073
3-5-2,sqrt,1.0,6,CM1,11,251854,Pedri,Central Midfielder,89.0,0.8770553125530485,0.8626448070430534,77.0,0.7560646900269542,73.0,0.9365313342318059,85.0,0.9979363207547169,91.0,0.9997894204851752,78.0,0.9791947439353099,77.0,0.8747051886792453
3-5-2,sqrt,1.0,7,CM2,14,239053,Federico Valverde,Central Midfielder,89.0,0.6911176064634604,0.82127366743812,88.0,0.9748146900269542,84.0,0.9978520889487871,84.0,0.9966307277628033,84.0,0.9919137466307277,83.0,0.995788409703504,85.0,0.9954093665768194
3-5-2,sqrt,1.0,8,ST1,18,231478,Lautaro Martínez,Striker,88.0,0.9957760401692644,0.8790707288372382,81.0,0.867713948787062,88.0,0.9994103773584906,75.0,0.9548096361185984,84.0,0.9919137466307277,51.0,0.33878032345013476,83.0,0.9852594339622641
3-5-2,sqrt,1.0,9,ST2,6,239085,Erling Haaland,Striker,90.0,0.9999611285147314,0.8999912539158146,86.0,0.9560731132075472,91.0,0.9999157681940701,70.0,0.866576819407008,80.0,0.9699292452830188,45.0,0.29274764150943394,88.0,0.9994946091644205
3-5-2,log,0.0,0,CB1,36,213331,Jonathan Tah,Center Back,87.0,0.9997990044585502,0.8699562834697346,63.0,0.24536725067385445,38.0,0.154144204851752,60.0,0.47224561994609165,63.0,0.33722203504043125,87.0,0.9995788409703504,86.0,0.9975151617250674
3-5-2,log,0.0,1,CB2,21,232580,Gabriel,Center Back,88.0,0.9997095821450804,0.8799361080719177,64.0,0.2726162398921833,44.0,0.23269036388140163,64.0,0.66661051212938,65.0,0.44326987870619944,88.0,0.9997894204851752,84.0,0.991661051212938
3-5-2,log,0.0,2,CB3,4,203376,Virgil van Dijk,Center Back,90.0,0.9961802750195612,0.8991405618794013,73.0,0.612449460916442,60.0,0.5613207547169812,72.0,0.910377358490566,72.0,0.8008338948787062,90.0,1.0,87.0,0.9988207547169812
3-5-2,log,0.0,3,LWB,42,252145,Nuno Mendes,Left Back,86.0,0.99502880398078,0.8589311928558677,95.0,0.9995788409703504,65.0,0.7434299191374663,76.0,0.9648332210242587,82.0,0.984332884097035,80.0,0.9880390835579514,77.0,0.8747051886792453
3-5-2,log,0.0,4,RWB,8,235212,Achraf Hakimi,Right Back,89.0,0.8337612402261589,0.8530118759503204,92.0,0.9960832210242587,79.0,0.985427897574124,82.0,0.993766846361186,83.0,0.9884181266846361,82.0,0.9939353099730458,79.0,0.928108153638814
3-5-2,log,0.0,5,DM,29,256079,Moisés Caicedo,Defensive Midfielder,87.0,0.9827188664274614,0.8662413534479729,71.0,0.5314605795148248,64.0,0.7079262129380054,78.0,0.9788999326145552,81.0,0.9784787735849056,84.0,0.9973466981132075,82.0,0.9767941374663073
3-5-2,log,0.0,6,CM1,10,255253,Vitinha,Central Midfielder,89.0,0.795899749002126,0.8445876941529731,72.0,0.5712601078167115,80.0,0.9888814016172507,86.0,0.998862870619946,90.0,0.9993682614555256,75.0,0.9551886792452831,70.0,0.5805677223719676
3-5-2,log,0.0,7,CM2,11,251854,Pedri,Central Midfielder,89.0,0.8770553125530485,0.8626448070430534,77.0,0.7560646900269542,73.0,0.9365313342318059,85.0,0.9979363207547169,91.0,0.9997894204851752,78.0,0.9791947439353099,77.0,0.8747051886792453
3-5-2,log,0.0,8,ST1,13,202126,Harry Kane,Striker,89.0,0.9841806203997862,0.8864801880389525,64.0,0.2726162398921833,92.0,1.0,83.0,0.9952830188679245,82.0,0.984332884097035,48.0,0.31620619946091644,82.0,0.9767941374663073
3-5-2,log,0.0,9,ST2,6,239085,Erling Haaland,Striker,90.0,0.9999611285147314,0.8999912539158146,86.0,0.9560731132075472,91.0,0.9999157681940701,70.0,0.866576819407008,80.0,0.9699292452830188,45.0,0.29274764150943394,88.0,0.9994946091644205
3-5-2,log,0.05,0,CB1,34,243715,William Saliba,Center Back,87.0,0.9987626893446114,0.869730884932453,77.0,0.7560646900269542,39.0,0.16682109164420486,68.0,0.8125842318059299,72.0,0.8008338948787062,87.0,0.9995788409703504,83.0,0.9852594339622641
3-5-2,log,0.05,1,CB2,21,232580,Gabriel,Center Back,88.0,0.9997095821450804,0.8799361080719177,64.0,0.2726162398921833,44.0,0.23269036388140163,64.0,0.66661051212938,65.0,0.44326987870619944,88.0,0.9997894204851752,84.0,0.991661051212938
3-5-2,log,0.05,2,CB3,4,203376,Virgil van Dijk,Center Back,90.0,0.9961802750195612,0.8991405618794013,73.0,0.612449460916442,60.0,0.5613207547169812,72.0,0.910377358490566,72.0,0.8008338948787062,90.0,1.0,87.0,0.9988207547169812
3-5-2,log,0.05,3,LWB,42,252145,Nuno Mendes,Left Back,86.0,0.99502880398078,0.8589311928558677,95.0,0.9995788409703504,65.0,0.7434299191374663,76.0,0.9648332210242587,82.0,0.984332884097035,80.0,0.9880390835579514,77.0,0.8747051886792453
3-5-2,log,0.05,4,RWB,8,235212,Achraf Hakimi,Right Back,89.0,0.8337612402261589,0.8530118759503204,92.0,0.9960832210242587,79.0,0.985427897574124,82.0,0.993766846361186,83.0,0.9884181266846361,82.0,0.9939353099730458,79.0,0.928108153638814
3-5-2,log,0.05,5,DM,29,256079,Moisés Caicedo,Defensive Midfielder,87.0,0.9827188664274614,0.8662413534479729,71.0,0.5314605795148248,64.0,0.7079262129380054,78.0,0.9788999326145552,81.0,0.9784787735849056,84.0,0.9973466981132075,82.0,0.9767941374663073
3-5-2,log,0.05,6,CM1,11,251854,Pedri,Central Midfielder,89.0,0.8770553125530485,0.8626448070430534,77.0,0.7560646900269542,73.0,0.9365313342318059,85.0,0.9979363207547169,91.0,0.9997894204851752,78.0,0.9791947439353099,77.0,0.8747051886792453
3-5-2,log,0.05,7,CM2,10,255253,Vitinha,Central Midfielder,89.0,0.795899749002126,0.8445876941529731,72.0,0.5712601078167115,80.0,0.9888814016172507,86.0,0.998862870619946,90.0,0.9993682614555256,75.0,0.9551886792452831,70.0,0.5805677223719676
3-5-2,log,0.05,8,ST1,13,202126,Harry Kane,Striker,89.0,0.9841806203997862,0.8864801880389525,64.0,0.2726162398921833,92.0,1.0,83.0,0.9952830188679245,82.0,0.984332884097035,48.0,0.31620619946091644,82.0,0.9767941374663073
3-5-2,log,0.05,9,ST2,6,239085,Erling Haaland,Striker,90.0,0.9999611285147314,0.8999912539158146,86.0,0.9560731132075472,91.0,0.9999157681940701,70.0,0.866576819407008,80.0,0.9699292452830188,45.0,0.29274764150943394,88.0,0.9994946091644205
3-5-2,log,0.1,0,CB1,31,207865,Marquinhos,Center Back,87.0,0.9802460611648384,0.8657035183033523,78.0,0.7868092991913747,56.0,0.4365734501347709,75.0,0.9548096361185984,74.0,0.8688510781671159,89.0,0.9999157681940701,80.0,0.948997641509434
3-5-2,log,0.1,1,CB2,21,232580,Gabriel,Center Back,88.0,0.9997095821450804,0.8799361080719177,64.0,0.2726162398921833,44.0,0.23269036388140163,64.0,0.66661051212938,65.0,0.44326987870619944,88.0,0.9997894204851752,84.0,0.991661051212938
3-5-2,log,0.1,2,CB3,4,203376,Virgil van Dijk,Center Back,90.0,0.9961802750195612,0.8991405618794013,73.0,0.612449460916442,60.0,0.5613207547169812,72.0,0.910377358490566,72.0,0.8008338948787062,90.0,1.0,87.0,0.9988207547169812
3-5-2,log,0.1,3,LWB,42,252145,Nuno Mendes,Left Back,86.0,0.99502880398078,0.8589311928558677,95.0,0.9995788409703504,65.0,0.7434299191374663,76.0,0.9648332210242587,82.0,0.984332884097035,80.0,0.9880390835579514,77.0,0.8747051886792453
3-5-2,log,0.1,4,RWB,8,235212,Achraf Hakimi,Right Back,89.0,0.8337612402261589,0.8530118759503204,92.0,0.9960832210242587,79.0,0.985427897574124,82.0,0.993766846361186,83.0,0.9884181266846361,82.0,0.9939353099730458,79.0,0.928108153638814
3-5-2,log,0.1,5,DM,29,256079,Moisés Caicedo,Defensive Midfielder,87.0,0.9827188664274614,0.8662413534479729,71.0,0.5314605795148248,64.0,0.7079262129380054,78.0,0.9788999326145552,81.0,0.9784787735849056,84.0,0.9973466981132075,82.0,0.9767941374663073
3-5-2,log,0.1,6,CM1,11,251854,Pedri,Central Midfielder,89.0,0.8770553125530485,0.8626448070430534,77.0,0.7560646900269542,73.0,0.9365313342318059,85.0,0.9979363207547169,91.0,0.9997894204851752,78.0,0.9791947439353099,77.0,0.8747051886792453
3-5-2,log,0.1,7,CM2,10,255253,Vitinha,Central Midfielder,89.0,0.795899749002126,0.8445876941529731,72.0,0.5712601078167115,80.0,0.9888814016172507,86.0,0.998862870619946,90.0,0.9993682614555256,75.0,0.9551886792452831,70.0,0.5805677223719676
3-5-2,log,0.1,8,ST1,13,202126,Harry Kane,Striker,89.0,0.9841806203997862,0.8864801880389525,64.0,0.2726162398921833,92.0,1.0,83.0,0.9952830188679245,82.0,0.984332884097035,48.0,0.31620619946091644,82.0,0.9767941374663073
3-5-2,log,0.1,9,ST2,6,239085,Erling Haaland,Striker,90.0,0.9999611285147314,0.8999912539158146,86.0,0.9560731132075472,91.0,0.9999157681940701,70.0,0.866576819407008,80.0,0.9699292452830188,45.0,0.29274764150943394,88.0,0.9994946091644205
3-5-2,log,0.25,0,CB1,31,207865,Marquinhos,Center Back,87.0,0.9802460611648384,0.8657035183033523,78.0,0.7868092991913747,56.0,0.4365734501347709,75.0,0.9548096361185984,74.0,0.8688510781671159,89.0,0.9999157681940701,80.0,0.948997641509434
3-5-2,log,0.25,1,CB2,25,237383,Alessandro Bastoni,Center Back,87.0,0.9849969460502416,0.8667368357659275,74.0,0.6517014824797843,46.0,0.26014993261455527,75.0,0.9548096361185984,76.0,0.9156839622641509,88.0,0.9997894204851752,82.0,0.9767941374663073
3-5-2,log,0.25,2,CB3,4,203376,Virgil van Dijk,Center Back,90.0,0.9961802750195612,0.8991405618794013,73.0,0.612449460916442,60.0,0.5613207547169812,72.0,0.910377358490566,72.0,0.8008338948787062,90.0,1.0,87.0,0.9988207547169812
3-5-2,log,0.25,3,LWB,42,252145,Nuno Mendes,Left Back,86.0,0.99502880398078,0.8589311928558677,95.0,0.9995788409703504,65.0,0.7434299191374663,76.0,0.9648332210242587,82.0,0.984332884097035,80.0,0.9880390835579514,77.0,0.8747051886792453
3-5-2,log,0.25,4,RWB,8,235212,Achraf Hakimi,Right Back,89.0,0.8337612402261589,0.8530118759503204,92.0,0.9960832210242587,79.0,0.985427897574124,82.0,0.993766846361186,83.0,0.9884181266846361,82.0,0.9939353099730458,79.0,0.928108153638814
3-5-2,log,0.25,5,DM,29,256079,Moisés Caicedo,Defensive Midfielder,87.0,0.9827188664274614,0.8662413534479729,71.0,0.5314605795148248,64.0,0.7079262129380054,78.0,0.9788999326145552,81.0,0.9784787735849056,84.0,0.9973466981132075,82.0,0.9767941374663073
3-5-2,log,0.25,6,CM1,11,251854,Pedri,Central Midfielder,89.0,0.8770553125530485,0.8626448070430534,77.0,0.7560646900269542,73.0,0.9365313342318059,85.0,0.9979363207547169,91.0,0.9997894204851752,78.0,0.9791947439353099,77.0,0.8747051886792453
3-5-2,log,0.25,7,CM2,10,255253,Vitinha,Central Midfielder,89.0,0.795899749002126,0.8445876941529731,72.0,0.5712601078167115,80.0,0.9888814016172507,86.0,0.998862870619946,90.0,0.9993682614555256,75.0,0.9551886792452831,70.0,0.5805677223719676
3-5-2,log,0.25,8,ST1,18,231478,Lautaro Martínez,Striker,88.0,0.9957760401692644,0.8790707288372382,81.0,0.867713948787062,88.0,0.9994103773584906,75.0,0.9548096361185984,84.0,0.9919137466307277,51.0,0.33878032345013476,83.0,0.9852594339622641
3-5-2,log,0.25,9,ST2,6,239085,Erling Haaland,Striker,90.0,0.9999611285147314,0.8999912539158146,86.0,0.9560731132075472,91.0,0.9999157681940701,70.0,0.866576819407008,80.0,0.9699292452830188,45.0,0.29274764150943394,88.0,0.9994946091644205
3-5-2,log,0.5,0,CB1,31,207865,Marquinhos,Center Back,87.0,0.9802460611648384,0.8657035183033523,78.0,0.7868092991913747,56.0,0.4365734501347709,75.0,0.9548096361185984,74.0,0.8688510781671159,89.0,0.9999157681940701,80.0,0.948997641509434
3-5-2,log,0.5,1,CB2,25,237383,Alessandro Bastoni,Center Back,87.0,0.9849969460502416,0.8667368357659275,74.0,0.6517014824797843,46.0,0.26014993261455527,75.0,0.9548096361185984,76.0,0.9156839622641509,88.0,0.9997894204851752,82.0,0.9767941374663073
3-5-2,log,0.5,2,CB3,4,203376,Virgil van Dijk,Center Back,90.0,0.9961802750195612,0.8991405618794013,73.0,0.612449460916442,60.0,0.5613207547169812,72.0,0.910377358490566,72.0,0.8008338948787062,90.0,1.0,87.0,0.9988207547169812
3-5-2,log,0.5,3,LWB,42,252145,Nuno Mendes,Left Back,86.0,0.99502880398078,0.8589311928558677,95.0,0.9995788409703504,65.0,0.7434299191374663,76.0,0.9648332210242587,82.0,0.984332884097035,80.0,0.9880390835579514,77.0,0.8747051886792453
3-5-2,log,0.5,4,RWB,8,235212,Achraf Hakimi,Right Back,89.0,0.8337612402261589,0.8530118759503204,92.0,0.9960832210242587,79.0,0.985427897574124,82.0,0.993766846361186,83.0,0.9884181266846361,82.0,0.9939353099730458,79.0,0.928108153638814
3-5-2,log,0.5,5,DM,29,256079,Moisés Caicedo,Defensive Midfielder,87.0,0.9827188664274614,0.8662413534479729,71.0,0.5314605795148248,64.0,0.7079262129380054,78.0,0.9788999326145552,81.0,0.9784787735849056,84.0,0.9973466981132075,82.0,0.9767941374663073
3-5-2,log,0.5,6,CM1,11,251854,Pedri,Central Midfielder,89.0,0.8770553125530485,0.8626448070430534,77.0,0.7560646900269542,73.0,0.9365313342318059,85.0,0.9979363207547169,91.0,0.9997894204851752,78.0,0.9791947439353099,77.0,0.8747051886792453
3-5-2,log,0.5,7,CM2,14,239053,Federico Valverde,Central Midfielder,89.0,0.6911176064634604,0.82127366743812,88.0,0.9748146900269542,84.0,0.9978520889487871,84.0,0.9966307277628033,84.0,0.9919137466307277,83.0,0.995788409703504,85.0,0.9954093665768194
3-5-2,log,0.5,8,ST1,18,231478,Lautaro Martínez,Striker,88.0,0.9957760401692644,0.8790707288372382,81.0,0.867713948787062,88.0,0.9994103773584906,75.0,0.9548096361185984,84.0,0.9919137466307277,51.0,0.33878032345013476,83.0,0.9852594339622641
3-5-2,log,0.5,9,ST2,6,239085,Erling Haaland,Striker,90.0,0.9999611285147314,0.8999912539158146,86.0,0.9560731132075472,91.0,0.9999157681940701,70.0,0.866576819407008,80.0,0.9699292452830188,45.0,0.29274764150943394,88.0,0.9994946091644205
3-5-2,log,1.0,0,CB1,31,207865,Marquinhos,Center Back,87.0,0.9802460611648384,0.8657035183033523,78.0,0.7868092991913747,56.0,0.4365734501347709,75.0,0.9548096361185984,74.0,0.8688510781671159,89.0,0.9999157681940701,80.0,0.948997641509434
3-5-2,log,1.0,1,CB2,43,205452,Antonio Rüdiger,Center Back,86.0,0.9947861711270808,0.8588790267923224,79.0,0.8138477088948787,55.0,0.4134518194070081,72.0,0.910377358490566,70.0,0.7179919137466307,84.0,0.9973466981132075,86.0,0.9975151617250674
3-5-2,log,1.0,2,CB3,4,203376,Virgil van Dijk,Center Back,90.0,0.9961802750195612,0.8991405618794013,73.0,0.612449460916442,60.0,0.5613207547169812,72.0,0.910377358490566,72.0,0.8008338948787062,90.0,1.0,87.0,0.9988207547169812
3-5-2,log,1.0,3,LWB,42,252145,Nuno Mendes,Left Back,86.0,0.99502880398078,0.8589311928558677,95.0,0.9995788409703504,65.0,0.7434299191374663,76.0,0.9648332210242587,82.0,0.984332884097035,80.0,0.9880390835579514,77.0,0.8747051886792453
3-5-2,log,1.0,4,RWB,8,235212,Achraf Hakimi,Right Back,89.0,0.8337612402261589,0.8530118759503204,92.0,0.9960832210242587,79.0,0.985427897574124,82.0,0.993766846361186,83.0,0.9884181266846361,82.0,0.9939353099730458,79.0,0.928108153638814
3-5-2,log,1.0,5,DM,29,256079,Moisés Caicedo,Defensive Midfielder,87.0,0.9827188664274614,0.8662413534479729,71.0,0.5314605795148248,64.0,0.7079262129380054,78.0,0.9788999326145552,81.0,0.9784787735849056,84.0,0.9973466981132075,82.0,0.9767941374663073
3-5-2,log,1.0,6,CM1,11,251854,Pedri,Central Midfielder,89.0,0.8770553125530485,0.8626448070430534,77.0,0.7560646900269542,73.0,0.9365313342318059,85.0,0.9979363207547169,91.0,0.9997894204851752,78.0,0.9791947439353099,77.0,0.8747051886792453
3-5-2,log,1.0,7,CM2,14,239053,Federico Valverde,Central Midfielder,89.0,0.6911176064634604,0.82127366743812,88.0,0.9748146900269542,84.0,0.9978520889487871,84.0,0.9966307277628033,84.0,0.9919137466307277,83.0,0.995788409703504,85.0,0.9954093665768194
3-5-2,log,1.0,8,ST1,18,231478,Lautaro Martínez,Striker,88.0,0.9957760401692644,0.8790707288372382,81.0,0.867713948787062,88.0,0.9994103773584906,75.0,0.9548096361185984,84.0,0.9919137466307277,51.0,0.33878032345013476,83.0,0.9852594339622641
3-5-2,log,1.0,9,ST2,6,239085,Erling Haaland,Striker,90.0,0.9999611285147314,0.8999912539158146,86.0,0.9560731132075472,91.0,0.9999157681940701,70.0,0.866576819407008,80.0,0.9699292452830188,45.0,0.29274764150943394,88.0,0.9994946091644205
3-5-2,exp,0.0,0,CB1,36,213331,Jonathan Tah,Center Back,87.0,0.9997990044585502,0.8699562834697346,63.0,0.24536725067385445,38.0,0.154144204851752,60.0,0.47224561994609165,63.0,0.33722203504043125,87.0,0.9995788409703504,86.0,0.9975151617250674
3-5-2,exp,0.0,1,CB2,21,232580,Gabriel,Center Back,88.0,0.9997095821450804,0.8799361080719177,64.0,0.2726162398921833,44.0,0.23269036388140163,64.0,0.66661051212938,65.0,0.44326987870619944,88.0,0.9997894204851752,84.0,0.991661051212938
3-5-2,exp,0.0,2,CB3,4,203376,Virgil van Dijk,Center Back,90.0,0.9961802750195612,0.8991405618794013,73.0,0.612449460916442,60.0,0.5613207547169812,72.0,0.910377358490566,72.0,0.8008338948787062,90.0,1.0,87.0,0.9988207547169812
3-5-2,exp,0.0,3,LWB,42,252145,Nuno Mendes,Left Back,86.0,0.99502880398078,0.8589311928558677,95.0,0.9995788409703504,65.0,0.7434299191374663,76.0,0.9648332210242587,82.0,0.984332884097035,80.0,0.9880390835579514,77.0,0.8747051886792453
3-5-2,exp,0.0,4,RWB,8,235212,Achraf Hakimi,Right Back,89.0,0.8337612402261589,0.8530118759503204,92.0,0.9960832210242587,79.0,0.985427897574124,82.0,0.993766846361186,83.0,0.9884181266846361,82.0,0.9939353099730458,79.0,0.928108153638814
3-5-2,exp,0.0,5,DM,29,256079,Moisés Caicedo,Defensive Midfielder,87.0,0.9827188664274614,0.8662413534479729,71.0,0.5314605795148248,64.0,0.7079262129380054,78.0,0.9788999326145552,81.0,0.9784787735849056,84.0,0.9973466981132075,82.0,0.9767941374663073
3-5-2,exp,0.0,6,CM1,10,255253,Vitinha,Central Midfielder,89.0,0.795899749002126,0.8445876941529731,72.0,0.5712601078167115,80.0,0.9888814016172507,86.0,0.998862870619946,90.0,0.9993682614555256,75.0,0.9551886792452831,70.0,0.5805677223719676
3-5-2,exp,0.0,7,CM2,11,251854,Pedri,Central Midfielder,89.0,0.8770553125530485,0.8626448070430534,77.0,0.7560646900269542,73.0,0.9365313342318059,85.0,0.9979363207547169,91.0,0.9997894204851752,78.0,0.9791947439353099,77.0,0.8747051886792453
3-5-2,exp,0.0,8,ST1,13,202126,Harry Kane,Striker,89.0,0.9841806203997862,0.8864801880389525,64.0,0.2726162398921833,92.0,1.0,83.0,0.9952830188679245,82.0,0.984332884097035,48.0,0.31620619946091644,82.0,0.9767941374663073
3-5-2,exp,0.0,9,ST2,6,239085,Erling Haaland,Striker,90.0,0.9999611285147314,0.8999912539158146,86.0,0.9560731132075472,91.0,0.9999157681940701,70.0,0.866576819407008,80.0,0.9699292452830188,45.0,0.29274764150943394,88.0,0.9994946091644205
3-5-2,exp,0.05,0,CB1,34,243715,William Saliba,Center Back,87.0,0.9987626893446114,0.869730884932453,77.0,0.7560646900269542,39.0,0.16682109164420486,68.0,0.8125842318059299,72.0,0.8008338948787062,87.0,0.9995788409703504,83.0,0.9852594339622641
3-5-2,exp,0.05,1,CB2,21,232580,Gabriel,Center Back,88.0,0.9997095821450804,0.8799361080719177,64.0,0.2726162398921833,44.0,0.23269036388140163,64.0,0.66661051212938,65.0,0.44326987870619944,88.0,0.9997894204851752,84.0,0.991661051212938
3-5-2,exp,0.05,2,CB3,4,203376,Virgil van Dijk,Center Back,90.0,0.9961802750195612,0.8991405618794013,73.0,0.612449460916442,60.0,0.5613207547169812,72.0,0.910377358490566,72.0,0.8008338948787062,90.0,1.0,87.0,0.9988207547169812
3-5-2,exp,0.05,3,LWB,42,252145,Nuno Mendes,Left Back,86.0,0.99502880398078,0.8589311928558677,95.0,0.9995788409703504,65.0,0.7434299191374663,76.0,0.9648332210242587,82.0,0.984332884097035,80.0,0.9880390835579514,77.0,0.8747051886792453
3-5-2,exp,0.05,4,RWB,8,235212,Achraf Hakimi,Right Back,89.0,0.8337612402261589,0.8530118759503204,92.0,0.9960832210242587,79.0,0.985427897574124,82.0,0.993766846361186,83.0,0.9884181266846361,82.0,0.9939353099730458,79.0,0.928108153638814
3-5-2,exp,0.05,5,DM,29,256079,Moisés Caicedo,Defensive Midfielder,87.0,0.9827188664274614,0.8662413534479729,71.0,0.5314605795148248,64.0,0.7079262129380054,78.0,0.9788999326145552,81.0,0.9784787735849056,84.0,0.9973466981132075,82.0,0.9767941374663073
3-5-2,exp,0.05,6,CM1,11,251854,Pedri,Central Midfielder,89.0,0.8770553125530485,0.8626448070430534,77.0,0.7560646900269542,73.0,0.9365313342318059,85.0,0.9979363207547169,91.0,0.9997894204851752,78.0,0.9791947439353099,77.0,0.8747051886792453
3-5-2,exp,0.05,7,CM2,10,255253,Vitinha,Central Midfielder,89.0,0.795899749002126,0.8445876941529731,72.0,0.5712601078167115,80.0,0.9888814016172507,86.0,0.998862870619946,90.0,0.9993682614555256,75.0,0.9551886792452831,70.0,0.5805677223719676
3-5-2,exp,0.05,8,ST1,13,202126,Harry Kane,Striker,89.0,0.9841806203997862,0.8864801880389525,64.0,0.2726162398921833,92.0,1.0,83.0,0.9952830188679245,82.0,0.984332884097035,48.0,0.31620619946091644,82.0,0.9767941374663073
3-5-2,exp,0.05,9,ST2,6,239085,Erling Haaland,Striker,90.0,0.9999611285147314,0.8999912539158146,86.0,0.9560731132075472,91.0,0.9999157681940701,70.0,0.866576819407008,80.0,0.9699292452830188,45.0,0.29274764150943394,88.0,0.9994946091644205
3-5-2,exp,0.1,0,CB1,34,243715,William Saliba,Center Back,87.0,0.9987626893446114,0.869730884932453,77.0,0.7560646900269542,39.0,0.16682109164420486,68.0,0.8125842318059299,72.0,0.8008338948787062,87.0,0.9995788409703504,83.0,0.9852594339622641
3-5-2,exp,0.1,1,CB2,21,232580,Gabriel,Center Back,88.0,0.9997095821450804,0.8799361080719177,64.0,0.2726162398921833,44.0,0.23269036388140163,64.0,0.66661051212938,65.0,0.44326987870619944,88.0,0.9997894204851752,84.0,0.991661051212938
3-5-2,exp,0.1,2,CB3,4,203376,Virgil van Dijk,Center Back,90.0,0.9961802750195612,0.8991405618794013,73.0,0.612449460916442,60.0,0.5613207547169812,72.0,0.910377358490566,72.0,0.8008338948787062,90.0,1.0,87.0,0.9988207547169812
3-5-2,exp,0.1,3,LWB,42,252145,Nuno Mendes,Left Back,86.0,0.99502880398078,0.8589311928558677,95.0,0.9995788409703504,65.0,0.7434299191374663,76.0,0.9648332210242587,82.0,0.984332884097035,80.0,0.9880390835579514,77.0,0.8747051886792453
3-5-2,exp,0.1,4,RWB,8,235212,Achraf Hakimi,Right Back,89.0,0.8337612402261589,0.8530118759503204,92.0,0.9960832210242587,79.0,0.985427897574124,82.0,0.993766846361186,83.0,0.9884181266846361,82.0,0.9939353099730458,79.0,0.928108153638814
3-5-2,exp,0.1,5,DM,29,256079,Moisés Caicedo,Defensive Midfielder,87.0,0.9827188664274614,0.8662413534479729,71.0,0.5314605795148248,64.0,0.7079262129380054,78.0,0.9788999326145552,81.0,0.9784787735849056,84.0,0.9973466981132075,82.0,0.9767941374663073
3-5-2,exp,0.1,6,CM1,11,251854,Pedri,Central Midfielder,89.0,0.8770553125530485,0.8626448070430534,77.0,0.7560646900269542,73.0,0.9365313342318059,85.0,0.9979363207547169,91.0,0.9997894204851752,78.0,0.9791947439353099,77.0,0.8747051886792453
3-5-2,exp,0.1,7,CM2,10,255253,Vitinha,Central Midfielder,89.0,0.795899749002126,0.8445876941529731,72.0,0.5712601078167115,80.0,0.9888814016172507,86.0,0.998862870619946,90.0,0.9993682614555256,75.0,0.9551886792452831,70.0,0.5805677223719676
3-5-2,exp,0.1,8,ST1,13,202126,Harry Kane,Striker,89.0,0.9841806203997862,0.8864801880389525,64.0,0.2726162398921833,92.0,1.0,83.0,0.9952830188679245,82.0,0.984332884097035,48.0,0.31620619946091644,82.0,0.9767941374663073
3-5-2,exp,0.1,9,ST2,6,239085,Erling Haaland,Striker,90.0,0.9999611285147314,0.8999912539158146,86.0,0.9560731132075472,91.0,0.9999157681940701,70.0,0.866576819407008,80.0,0.9699292452830188,45.0,0.29274764150943394,88.0,0.9994946091644205
3-5-2,exp,0.25,0,CB1,31,207865,Marquinhos,Center Back,87.0,0.9802460611648384,0.8657035183033523,78.0,0.7868092991913747,56.0,0.4365734501347709,75.0,0.9548096361185984,74.0,0.8688510781671159,89.0,0.9999157681940701,80.0,0.948997641509434
3-5-2,exp,0.25,1,CB2,21,232580,Gabriel,Center Back,88.0,0.9997095821450804,0.8799361080719177,64.0,0.2726162398921833,44.0,0.23269036388140163,64.0,0.66661051212938,65.0,0.44326987870619944,88.0,0.9997894204851752,84.0,0.991661051212938
3-5-2,exp,0.25,2,CB3,4,203376,Virgil van Dijk,Center Back,90.0,0.9961802750195612,0.8991405618794013,73.0,0.612449460916442,60.0,0.5613207547169812,72.0,0.910377358490566,72.0,0.8008338948787062,90.0,1.0,87.0,0.9988207547169812
3-5-2,exp,0.25,3,LWB,42,252145,Nuno Mendes,Left Back,86.0,0.99502880398078,0.8589311928558677,95.0,0.9995788409703504,65.0,0.7434299191374663,76.0,0.9648332210242587,82.0,0.984332884097035,80.0,0.9880390835579514,77.0,0.8747051886792453
3-5-2,exp,0.25,4,RWB,8,235212,Achraf Hakimi,Right Back,89.0,0.8337612402261589,0.8530118759503204,92.0,0.9960832210242587,79.0,0.985427897574124,82.0,0.993766846361186,83.0,0.9884181266846361,82.0,0.9939353099730458,79.0,0.928108153638814
3-5-2,exp,0.25,5,DM,29,256079,Moisés Caicedo,Defensive Midfielder,87.0,0.9827188664274614,0.8662413534479729,71.0,0.5314605795148248,64.0,0.7079262129380054,78.0,0.9788999326145552,81.0,0.9784787735849056,84.0,0.9973466981132075,82.0,0.9767941374663073
3-5-2,exp,0.25,6,CM1,11,251854,Pedri,Central Midfielder,89.0,0.8770553125530485,0.8626448070430534,77.0,0.7560646900269542,73.0,0.9365313342318059,85.0,0.9979363207547169,91.0,0.9997894204851752,78.0,0.9791947439353099,77.0,0.8747051886792453
3-5-2,exp,0.25,7,CM2,10,255253,Vitinha,Central Midfielder,89.0,0.795899749002126,0.8445876941529731,72.0,0.5712601078167115,80.0,0.9888814016172507,86.0,0.998862870619946,90.0,0.9993682614555256,75.0,0.9551886792452831,70.0,0.5805677223719676
3-5-2,exp,0.25,8,ST1,18,231478,Lautaro Martínez,Striker,88.0,0.9957760401692644,0.8790707288372382,81.0,0.867713948787062,88.0,0.9994103773584906,75.0,0.9548096361185984,84.0,0.9919137466307277,51.0,0.33878032345013476,83.0,0.9852594339622641
3-5-2,exp,0.25,9,ST2,6,239085,Erling Haaland,Striker,90.0,0.9999611285147314,0.8999912539158146,86.0,0.9560731132075472,91.0,0.9999157681940701,70.0,0.866576819407008,80.0,0.9699292452830188,45.0,0.29274764150943394,88.0,0.9994946091644205
3-5-2,exp,0.5,0,CB1,31,207865,Marquinhos,Center Back,87.0,0.9802460611648384,0.8657035183033523,78.0,0.7868092991913747,56.0,0.4365734501347709,75.0,0.9548096361185984,74.0,0.8688510781671159,89.0,0.9999157681940701,80.0,0.948997641509434
3-5-2,exp,0.5,1,CB2,25,237383,Alessandro Bastoni,Center Back,87.0,0.9849969460502416,0.8667368357659275,74.0,0.6517014824797843,46.0,0.26014993261455527,75.0,0.9548096361185984,76.0,0.9156839622641509,88.0,0.9997894204851752,82.0,0.9767941374663073
3-5-2,exp,0.5,2,CB3,4,203376,Virgil van Dijk,Center Back,90.0,0.9961802750195612,0.8991405618794013,73.0,0.612449460916442,60.0,0.5613207547169812,72.0,0.910377358490566,72.0,0.8008338948787062,90.0,1.0,87.0,0.9988207547169812
3-5-2,exp,0.5,3,LWB,42,252145,Nuno Mendes,Left Back,86.0,0.99502880398078,0.8589311928558677,95.0,0.9995788409703504,65.0,0.7434299191374663,76.0,0.9648332210242587,82.0,0.984332884097035,80.0,0.9880390835579514,77.0,0.8747051886792453
3-5-2,exp,0.5,4,RWB,8,235212,Achraf Hakimi,Right Back,89.0,0.8337612402261589,0.8530118759503204,92.0,0.9960832210242587,79.0,0.985427897574124,82.0,0.993766846361186,83.0,0.9884181266846361,82.0,0.9939353099730458,79.0,0.928108153638814
3-5-2,exp,0.5,5,DM,29,256079,Moisés Caicedo,Defensive Midfielder,87.0,0.9827188664274614,0.8662413534479729,71.0,0.5314605795148248,64.0,0.7079262129380054,78.0,0.9788999326145552,81.0,0.9784787735849056,84.0,0.9973466981132075,82.0,0.9767941374663073
3-5-2,exp,0.5,6,CM1,11,251854,Pedri,Central Midfielder,89.0,0.8770553125530485,0.8626448070430534,77.0,0.7560646900269542,73.0,0.9365313342318059,85.0,0.9979363207547169,91.0,0.9997894204851752,78.0,0.9791947439353099,77.0,0.8747051886792453
3-5-2,exp,0.5,7,CM2,10,255253,Vitinha,Central Midfielder,89.0,0.795899749002126,0.8445876941529731,72.0,0.5712601078167115,80.0,0.9888814016172507,86.0,0.998862870619946,90.0,0.9993682614555256,75.0,0.9551886792452831,70.0,0.5805677223719676
3-5-2,exp,0.5,8,ST1,18,231478,Lautaro Martínez,Striker,88.0,0.9957760401692644,0.8790707288372382,81.0,0.867713948787062,88.0,0.9994103773584906,75.0,0.9548096361185984,84.0,0.9919137466307277,51.0,0.33878032345013476,83.0,0.9852594339622641
3-5-2,exp,0.5,9,ST2,6,239085,Erling Haaland,Striker,90.0,0.9999611285147314,0.8999912539158146,86.0,0.9560731132075472,91.0,0.9999157681940701,70.0,0.866576819407008,80.0,0.9699292452830188,45.0,0.29274764150943394,88.0,0.9994946091644205
3-5-2,exp,1.0,0,CB1,31,207865,Marquinhos,Center Back,87.0,0.9802460611648384,0.8657035183033523,78.0,0.7868092991913747,56.0,0.4365734501347709,75.0,0.9548096361185984,74.0,0.8688510781671159,89.0,0.9999157681940701,80.0,0.948997641509434
3-5-2,exp,1.0,1,CB2,25,237383,Alessandro Bastoni,Center Back,87.0,0.9849969460502416,0.8667368357659275,74.0,0.6517014824797843,46.0,0.26014993261455527,75.0,0.9548096361185984,76.0,0.9156839622641509,88.0,0.9997894204851752,82.0,0.9767941374663073
3-5-2,exp,1.0,2,CB3,4,203376,Virgil van Dijk,Center Back,90.0,0.9961802750195612,0.8991405618794013,73.0,0.612449460916442,60.0,0.5613207547169812,72.0,0.910377358490566,72.0,0.8008338948787062,90.0,1.0,87.0,0.9988207547169812
3-5-2,exp,1.0,3,LWB,42,252145,Nuno Mendes,Left Back,86.0,0.99502880398078,0.8589311928558677,95.0,0.9995788409703504,65.0,0.7434299191374663,76.0,0.9648332210242587,82.0,0.984332884097035,80.0,0.9880390835579514,77.0,0.8747051886792453
3-5-2,exp,1.0,4,RWB,8,235212,Achraf Hakimi,Right Back,89.0,0.8337612402261589,0.8530118759503204,92.0,0.9960832210242587,79.0,0.985427897574124,82.0,0.993766846361186,83.0,0.9884181266846361,82.0,0.9939353099730458,79.0,0.928108153638814
3-5-2,exp,1.0,5,DM,29,256079,Moisés Caicedo,Defensive Midfielder,87.0,0.9827188664274614,0.8662413534479729,71.0,0.5314605795148248,64.0,0.7079262129380054,78.0,0.9788999326145552,81.0,0.9784787735849056,84.0,0.9973466981132075,82.0,0.9767941374663073
3-5-2,exp,1.0,6,CM1,11,251854,Pedri,Central Midfielder,89.0,0.8770553125530485,0.8626448070430534,77.0,0.7560646900269542,73.0,0.9365313342318059,85.0,0.9979363207547169,91.0,0.9997894204851752,78.0,0.9791947439353099,77.0,0.8747051886792453
3-5-2,exp,1.0,7,CM2,14,239053,Federico Valverde,Central Midfielder,89.0,0.6911176064634604,0.82127366743812,88.0,0.9748146900269542,84.0,0.9978520889487871,84.0,0.9966307277628033,84.0,0.9919137466307277,83.0,0.995788409703504,85.0,0.9954093665768194
3-5-2,exp,1.0,8,ST1,18,231478,Lautaro Martínez,Striker,88.0,0.9957760401692644,0.8790707288372382,81.0,0.867713948787062,88.0,0.9994103773584906,75.0,0.9548096361185984,84.0,0.9919137466307277,51.0,0.33878032345013476,83.0,0.9852594339622641
3-5-2,exp,1.0,9,ST2,6,239085,Erling Haaland,Striker,90.0,0.9999611285147314,0.8999912539158146,86.0,0.9560731132075472,91.0,0.9999157681940701,70.0,0.866576819407008,80.0,0.9699292452830188,45.0,0.29274764150943394,88.0,0.9994946091644205
3-4-3,sqrt,0.0,0,CB1,21,232580,Gabriel,Center Back,88.0,0.9997095821450804,0.8799361080719177,64.0,0.2726162398921833,44.0,0.23269036388140163,64.0,0.66661051212938,65.0,0.44326987870619944,88.0,0.9997894204851752,84.0,0.991661051212938
3-4-3,sqrt,0.0,1,CB2,36,213331,Jonathan Tah,Center Back,87.0,0.9997990044585502,0.8699562834697346,63.0,0.24536725067385445,38.0,0.154144204851752,60.0,0.47224561994609165,63.0,0.33722203504043125,87.0,0.9995788409703504,86.0,0.9975151617250674
3-4-3,sqrt,0.0,2,CB3,4,203376,Virgil van Dijk,Center Back,90.0,0.9961802750195612,0.8991405618794013,73.0,0.612449460916442,60.0,0.5613207547169812,72.0,0.910377358490566,72.0,0.8008338948787062,90.0,1.0,87.0,0.9988207547169812
3-4-3,sqrt,0.0,3,LWB,42,252145,Nuno Mendes,Left Back,86.0,0.99502880398078,0.8589311928558677,95.0,0.9995788409703504,65.0,0.7434299191374663,76.0,0.9648332210242587,82.0,0.984332884097035,80.0,0.9880390835579514,77.0,0.8747051886792453
3-4-3,sqrt,0.0,4,RWB,8,235212,Achraf Hakimi,Right Back,89.0,0.8337612402261589,0.8530118759503204,92.0,0.9960832210242587,79.0,0.985427897574124,82.0,0.993766846361186,83.0,0.9884181266846361,82.0,0.9939353099730458,79.0,0.928108153638814
3-4-3,sqrt,0.0,5,CM1,10,255253,Vitinha,Central Midfielder,89.0,0.795899749002126,0.8445876941529731,72.0,0.5712601078167115,80.0,0.9888814016172507,86.0,0.998862870619946,90.0,0.9993682614555256,75.0,0.9551886792452831,70.0,0.5805677223719676
3-4-3,sqrt,0.0,6,CM2,11,251854,Pedri,Central Midfielder,89.0,0.8770553125530485,0.8626448070430534,77.0,0.7560646900269542,73.0,0.9365313342318059,85.0,0.9979363207547169,91.0,0.9997894204851752,78.0,0.9791947439353099,77.0,0.8747051886792453
3-4-3,sqrt,0.0,7,LW,15,238794,Vini Jr.,Left Winger,89.0,0.804790673085482,0.8465659247615198,95.0,0.9995788409703504,84.0,0.9978520889487871,81.0,0.9917452830188679,91.0,0.9997894204851752,29.0,0.10335242587601078,69.0,0.5345771563342318
3-4-3,sqrt,0.0,8,RW,0,209331,Mohamed Salah,Right Midfielder,91.0,0.6368583257414466,0.827385269106179,89.0,0.9816374663072777,88.0,0.9994103773584906,86.0,0.998862870619946,90.0,0.9993682614555256,45.0,0.29274764150943394,76.0,0.8431182614555256
3-4-3,sqrt,0.0,9,ST,6,239085,Erling Haaland,Striker,90.0,0.9999611285147314,0.8999912539158146,86.0,0.9560731132075472,91.0,0.9999157681940701,70.0,0.866576819407008,80.0,0.9699292452830188,45.0,0.29274764150943394,88.0,0.9994946091644205
3-4-3,sqrt,0.05,0,CB1,34,243715,William Saliba,Center Back,87.0,0.9987626893446114,0.869730884932453,77.0,0.7560646900269542,39.0,0.16682109164420486,68.0,0.8125842318059299,72.0,0.8008338948787062,87.0,0.9995788409703504,83.0,0.9852594339622641
3-4-3,sqrt,0.05,1,CB2,21,232580,Gabriel,Center Back,88.0,0.9997095821450804,0.8799361080719177,64.0,0.2726162398921833,44.0,0.23269036388140163,64.0,0.66661051212938,65.0,0.44326987870619944,88.0,0.9997894204851752,84.0,0.991661051212938
3-4-3,sqrt,0.05,2,CB3,4,203376,Virgil van Dijk,Center Back,90.0,0.9961802750195612,0.8991405618794013,73.0,0.612449460916442,60.0,0.5613207547169812,72.0,0.910377358490566,72.0,0.8008338948787062,90.0,1.0,87.0,0.9988207547169812
3-4-3,sqrt,0.05,3,LWB,42,252145,Nuno Mendes,Left Back,86.0,0.99502880398078,0.8589311928558677,95.0,0.9995788409703504,65.0,0.7434299191374663,76.0,0.9648332210242587,82.0,0.984332884097035,80.0,0.9880390835579514,77.0,0.8747051886792453
3-4-3,sqrt,0.05,4,RWB,8,235212,Achraf Hakimi,Right Back,89.0,0.8337612402261589,0.8530118759503204,92.0,0.9960832210242587,79.0,0.985427897574124,82.0,0.993766846361186,83.0,0.9884181266846361,82.0,0.9939353099730458,79.0,0.928108153638814
3-4-3,sqrt,0.05,5,CM1,10,255253,Vitinha,Central Midfielder,89.0,0.795899749002126,0.8445876941529731,72.0,0.5712601078167115,80.0,0.9888814016172507,86.0,0.998862870619946,90.0,0.9993682614555256,75.0,0.9551886792452831,70.0,0.5805677223719676
3-4-3,sqrt,0.05,6,CM2,11,251854,Pedri,Central Midfielder,89.0,0.8770553125530485,0.8626448070430534,77.0,0.7560646900269542,73.0,0.9365313342318059,85.0,0.9979363207547169,91.0,0.9997894204851752,78.0,0.9791947439353099,77.0,0.8747051886792453
3-4-3,sqrt,0.05,7,LW,15,238794,Vini Jr.,Left Winger,89.0,0.804790673085482,0.8465659247615198,95.0,0.9995788409703504,84.0,0.9978520889487871,81.0,0.9917452830188679,91.0,0.9997894204851752,29.0,0.10335242587601078,69.0,0.5345771563342318
3-4-3,sqrt,0.05,8,RW,0,209331,Mohamed Salah,Right Midfielder,91.0,0.6368583257414466,0.827385269106179,89.0,0.9816374663072777,88.0,0.9994103773584906,86.0,0.998862870619946,90.0,0.9993682614555256,45.0,0.29274764150943394,76.0,0.8431182614555256
3-4-3,sqrt,0.05,9,ST,6,239085,Erling Haaland,Striker,90.0,0.9999611285147314,0.8999912539158146,86.0,0.9560731132075472,91.0,0.9999157681940701,70.0,0.866576819407008,80.0,0.9699292452830188,45.0,0.29274764150943394,88.0,0.9994946091644205
3-4-3,sqrt,0.1,0,CB1,31,207865,Marquinhos,Center Back,87.0,0.9802460611648384,0.8657035183033523,78.0,0.7868092991913747,56.0,0.4365734501347709,75.0,0.9548096361185984,74.0,0.8688510781671159,89.0,0.9999157681940701,80.0,0.948997641509434
3-4-3,sqrt,0.1,1,CB2,21,232580,Gabriel,Center Back,88.0,0.9997095821450804,0.8799361080719177,64.0,0.2726162398921833,44.0,0.23269036388140163,64.0,0.66661051212938,65.0,0.44326987870619944,88.0,0.9997894204851752,84.0,0.991661051212938
3-4-3,sqrt,0.1,2,CB3,4,203376,Virgil van Dijk,Center Back,90.0,0.9961802750195612,0.8991405618794013,73.0,0.612449460916442,60.0,0.5613207547169812,72.0,0.910377358490566,72.0,0.8008338948787062,90.0,1.0,87.0,0.9988207547169812
3-4-3,sqrt,0.1,3,LWB,42,252145,Nuno Mendes,Left Back,86.0,0.99502880398078,0.8589311928558677,95.0,0.9995788409703504,65.0,0.7434299191374663,76.0,0.9648332210242587,82.0,0.984332884097035,80.0,0.9880390835579514,77.0,0.8747051886792453
3-4-3,sqrt,0.1,4,RWB,8,235212,Achraf Hakimi,Right Back,89.0,0.8337612402261589,0.8530118759503204,92.0,0.9960832210242587,79.0,0.985427897574124,82.0,0.993766846361186,83.0,0.9884181266846361,82.0,0.9939353099730458,79.0,0.928108153638814
3-4-3,sqrt,0.1,5,CM1,10,255253,Vitinha,Central Midfielder,89.0,0.795899749002126,0.8445876941529731,72.0,0.5712601078167115,80.0,0.9888814016172507,86.0,0.998862870619946,90.0,0.9993682614555256,75.0,0.9551886792452831,70.0,0.5805677223719676
3-4-3,sqrt,0.1,6,CM2,11,251854,Pedri,Central Midfielder,89.0,0.8770553125530485,0.8626448070430534,77.0,0.7560646900269542,73.0,0.9365313342318059,85.0,0.9979363207547169,91.0,0.9997894204851752,78.0,0.9791947439353099,77.0,0.8747051886792453
3-4-3,sqrt,0.1,7,LW,15,238794,Vini Jr.,Left Winger,89.0,0.804790673085482,0.8465659247615198,95.0,0.9995788409703504,84.0,0.9978520889487871,81.0,0.9917452830188679,91.0,0.9997894204851752,29.0,0.10335242587601078,69.0,0.5345771563342318
3-4-3,sqrt,0.1,8,RW,0,209331,Mohamed Salah,Right Midfielder,91.0,0.6368583257414466,0.827385269106179,89.0,0.9816374663072777,88.0,0.9994103773584906,86.0,0.998862870619946,90.0,0.9993682614555256,45.0,0.29274764150943394,76.0,0.8431182614555256
3-4-3,sqrt,0.1,9,ST,6,239085,Erling Haaland,Striker,90.0,0.9999611285147314,0.8999912539158146,86.0,0.9560731132075472,91.0,0.9999157681940701,70.0,0.866576819407008,80.0,0.9699292452830188,45.0,0.29274764150943394,88.0,0.9994946091644205
3-4-3,sqrt,0.25,0,CB1,31,207865,Marquinhos,Center Back,87.0,0.9802460611648384,0.8657035183033523,78.0,0.7868092991913747,56.0,0.4365734501347709,75.0,0.9548096361185984,74.0,0.8688510781671159,89.0,0.9999157681940701,80.0,0.948997641509434
3-4-3,sqrt,0.25,1,CB2,25,237383,Alessandro Bastoni,Center Back,87.0,0.9849969460502416,0.8667368357659275,74.0,0.6517014824797843,46.0,0.26014993261455527,75.0,0.9548096361185984,76.0,0.9156839622641509,88.0,0.9997894204851752,82.0,0.9767941374663073
3-4-3,sqrt,0.25,2,CB3,4,203376,Virgil van Dijk,Center Back,90.0,0.9961802750195612,0.8991405618794013,73.0,0.612449460916442,60.0,0.5613207547169812,72.0,0.910377358490566,72.0,0.8008338948787062,90.0,1.0,87.0,0.9988207547169812
3-4-3,sqrt,0.25,3,LWB,42,252145,Nuno Mendes,Left Back,86.0,0.99502880398078,0.8589311928558677,95.0,0.9995788409703504,65.0,0.7434299191374663,76.0,0.9648332210242587,82.0,0.984332884097035,80.0,0.9880390835579514,77.0,0.8747051886792453
3-4-3,sqrt,0.25,4,RWB,8,235212,Achraf Hakimi,Right Back,89.0,0.8337612402261589,0.8530118759503204,92.0,0.9960832210242587,79.0,0.985427897574124,82.0,0.993766846361186,83.0,0.9884181266846361,82.0,0.9939353099730458,79.0,0.928108153638814
3-4-3,sqrt,0.25,5,CM1,10,255253,Vitinha,Central Midfielder,89.0,0.795899749002126,0.8445876941529731,72.0,0.5712601078167115,80.0,0.9888814016172507,86.0,0.998862870619946,90.0,0.9993682614555256,75.0,0.9551886792452831,70.0,0.5805677223719676
3-4-3,sqrt,0.25,6,CM2,11,251854,Pedri,Central Midfielder,89.0,0.8770553125530485,0.8626448070430534,77.0,0.7560646900269542,73.0,0.9365313342318059,85.0,0.9979363207547169,91.0,0.9997894204851752,78.0,0.9791947439353099,77.0,0.8747051886792453
3-4-3,sqrt,0.25,7,LW,15,238794,Vini Jr.,Left Winger,89.0,0.804790673085482,0.8465659247615198,95.0,0.9995788409703504,84.0,0.9978520889487871,81.0,0.9917452830188679,91.0,0.9997894204851752,29.0,0.10335242587601078,69.0,0.5345771563342318
3-4-3,sqrt,0.25,8,RW,0,209331,Mohamed Salah,Right Midfielder,91.0,0.6368583257414466,0.827385269106179,89.0,0.9816374663072777,88.0,0.9994103773584906,86.0,0.998862870619946,90.0,0.9993682614555256,45.0,0.29274764150943394,76.0,0.8431182614555256
3-4-3,sqrt,0.25,9,ST,6,239085,Erling Haaland,Striker,90.0,0.9999611285147314,0.8999912539158146,86.0,0.9560731132075472,91.0,0.9999157681940701,70.0,0.866576819407008,80.0,0.9699292452830188,45.0,0.29274764150943394,88.0,0.9994946091644205
3-4-3,sqrt,0.5,0,CB1,31,207865,Marquinhos,Center Back,87.0,0.9802460611648384,0.8657035183033523,78.0,0.7868092991913747,56.0,0.4365734501347709,75.0,0.9548096361185984,74.0,0.8688510781671159,89.0,0.9999157681940701,80.0,0.948997641509434
3-4-3,sqrt,0.5,1,CB2,25,237383,Alessandro Bastoni,Center Back,87.0,0.9849969460502416,0.8667368357659275,74.0,0.6517014824797843,46.0,0.26014993261455527,75.0,0.9548096361185984,76.0,0.9156839622641509,88.0,0.9997894204851752,82.0,0.9767941374663073
3-4-3,sqrt,0.5,2,CB3,4,203376,Virgil van Dijk,Center Back,90.0,0.9961802750195612,0.8991405618794013,73.0,0.612449460916442,60.0,0.5613207547169812,72.0,0.910377358490566,72.0,0.8008338948787062,90.0,1.0,87.0,0.9988207547169812
3-4-3,sqrt,0.5,3,LWB,42,252145,Nuno Mendes,Left Back,86.0,0.99502880398078,0.8589311928558677,95.0,0.9995788409703504,65.0,0.7434299191374663,76.0,0.9648332210242587,82.0,0.984332884097035,80.0,0.9880390835579514,77.0,0.8747051886792453
3-4-3,sqrt,0.5,4,RWB,8,235212,Achraf Hakimi,Right Back,89.0,0.8337612402261589,0.8530118759503204,92.0,0.9960832210242587,79.0,0.985427897574124,82.0,0.993766846361186,83.0,0.9884181266846361,82.0,0.9939353099730458,79.0,0.928108153638814
3-4-3,sqrt,0.5,5,CM1,14,239053,Federico Valverde,Central Midfielder,89.0,0.6911176064634604,0.82127366743812,88.0,0.9748146900269542,84.0,0.9978520889487871,84.0,0.9966307277628033,84.0,0.9919137466307277,83.0,0.995788409703504,85.0,0.9954093665768194
3-4-3,sqrt,0.5,6,CM2,11,251854,Pedri,Central Midfielder,89.0,0.8770553125530485,0.8626448070430534,77.0,0.7560646900269542,73.0,0.9365313342318059,85.0,0.9979363207547169,91.0,0.9997894204851752,78.0,0.9791947439353099,77.0,0.8747051886792453
3-4-3,sqrt,0.5,7,LW,15,238794,Vini Jr.,Left Winger,89.0,0.804790673085482,0.8465659247615198,95.0,0.9995788409703504,84.0,0.9978520889487871,81.0,0.9917452830188679,91.0,0.9997894204851752,29.0,0.10335242587601078,69.0,0.5345771563342318
3-4-3,sqrt,0.5,8,RW,0,209331,Mohamed Salah,Right Midfielder,91.0,0.6368583257414466,0.827385269106179,89.0,0.9816374663072777,88.0,0.9994103773584906,86.0,0.998862870619946,90.0,0.9993682614555256,45.0,0.29274764150943394,76.0,0.8431182614555256
3-4-3,sqrt,0.5,9,ST,6,239085,Erling Haaland,Striker,90.0,0.9999611285147314,0.8999912539158146,86.0,0.9560731132075472,91.0,0.9999157681940701,70.0,0.866576819407008,80.0,0.9699292452830188,45.0,0.29274764150943394,88.0,0.9994946091644205
3-4-3,sqrt,1.0,0,CB1,31,207865,Marquinhos,Center Back,87.0,0.9802460611648384,0.8657035183033523,78.0,0.7868092991913747,56.0,0.4365734501347709,75.0,0.9548096361185984,74.0,0.8688510781671159,89.0,0.9999157681940701,80.0,0.948997641509434
3-4-3,sqrt,1.0,1,CB2,43,205452,Antonio Rüdiger,Center Back,86.0,0.9947861711270808,0.8588790267923224,79.0,0.8138477088948787,55.0,0.4134518194070081,72.0,0.910377358490566,70.0,0.7179919137466307,84.0,0.9973466981132075,86.0,0.9975151617250674
3-4-3,sqrt,1.0,2,CB3,4,203376,Virgil van Dijk,Center Back,90.0,0.9961802750195612,0.8991405618794013,73.0,0.612449460916442,60.0,0.5613207547169812,72.0,0.910377358490566,72.0,0.8008338948787062,90.0,1.0,87.0,0.9988207547169812
3-4-3,sqrt,1.0,3,LWB,42,252145,Nuno Mendes,Left Back,86.0,0.99502880398078,0.8589311928558677,95.0,0.9995788409703504,65.0,0.7434299191374663,76.0,0.9648332210242587,82.0,0.984332884097035,80.0,0.9880390835579514,77.0,0.8747051886792453
3-4-3,sqrt,1.0,4,RWB,8,235212,Achraf Hakimi,Right Back,89.0,0.8337612402261589,0.8530118759503204,92.0,0.9960832210242587,79.0,0.985427897574124,82.0,0.993766846361186,83.0,0.9884181266846361,82.0,0.9939353099730458,79.0,0.928108153638814
3-4-3,sqrt,1.0,5,CM1,14,239053,Federico Valverde,Central Midfielder,89.0,0.6911176064634604,0.82127366743812,88.0,0.9748146900269542,84.0,0.9978520889487871,84.0,0.9966307277628033,84.0,0.9919137466307277,83.0,0.995788409703504,85.0,0.9954093665768194
3-4-3,sqrt,1.0,6,CM2,11,251854,Pedri,Central Midfielder,89.0,0.8770553125530485,0.8626448070430534,77.0,0.7560646900269542,73.0,0.9365313342318059,85.0,0.9979363207547169,91.0,0.9997894204851752,78.0,0.9791947439353099,77.0,0.8747051886792453
3-4-3,sqrt,1.0,7,LW,15,238794,Vini Jr.,Left Winger,89.0,0.804790673085482,0.8465659247615198,95.0,0.9995788409703504,84.0,0.9978520889487871,81.0,0.9917452830188679,91.0,0.9997894204851752,29.0,0.10335242587601078,69.0,0.5345771563342318
3-4-3,sqrt,1.0,8,RW,0,209331,Mohamed Salah,Right Midfielder,91.0,0.6368583257414466,0.827385269106179,89.0,0.9816374663072777,88.0,0.9994103773584906,86.0,0.998862870619946,90.0,0.9993682614555256,45.0,0.29274764150943394,76.0,0.8431182614555256
3-4-3,sqrt,1.0,9,ST,6,239085,Erling Haaland,Striker,90.0,0.9999611285147314,0.8999912539158146,86.0,0.9560731132075472,91.0,0.9999157681940701,70.0,0.866576819407008,80.0,0.9699292452830188,45.0,0.29274764150943394,88.0,0.9994946091644205
3-4-3,log,0.0,0,CB1,21,232580,Gabriel,Center Back,88.0,0.9997095821450804,0.8799361080719177,64.0,0.2726162398921833,44.0,0.23269036388140163,64.0,0.66661051212938,65.0,0.44326987870619944,88.0,0.9997894204851752,84.0,0.991661051212938
3-4-3,log,0.0,1,CB2,36,213331,Jonathan Tah,Center Back,87.0,0.9997990044585502,0.8699562834697346,63.0,0.24536725067385445,38.0,0.154144204851752,60.0,0.47224561994609165,63.0,0.33722203504043125,87.0,0.9995788409703504,86.0,0.9975151617250674
3-4-3,log,0.0,2,CB3,4,203376,Virgil van Dijk,Center Back,90.0,0.9961802750195612,0.8991405618794013,73.0,0.612449460916442,60.0,0.5613207547169812,72.0,0.910377358490566,72.0,0.8008338948787062,90.0,1.0,87.0,0.9988207547169812
3-4-3,log,0.0,3,LWB,42,252145,Nuno Mendes,Left Back,86.0,0.99502880398078,0.8589311928558677,95.0,0.9995788409703504,65.0,0.7434299191374663,76.0,0.9648332210242587,82.0,0.984332884097035,80.0,0.9880390835579514,77.0,0.8747051886792453
3-4-3,log,0.0,4,RWB,8,235212,Achraf Hakimi,Right Back,89.0,0.8337612402261589,0.8530118759503204,92.0,0.9960832210242587,79.0,0.985427897574124,82.0,0.993766846361186,83.0,0.9884181266846361,82.0,0.9939353099730458,79.0,0.928108153638814
3-4-3,log,0.0,5,CM1,10,255253,Vitinha,Central Midfielder,89.0,0.795899749002126,0.8445876941529731,72.0,0.5712601078167115,80.0,0.9888814016172507,86.0,0.998862870619946,90.0,0.9993682614555256,75.0,0.9551886792452831,70.0,0.5805677223719676
3-4-3,log,0.0,6,CM2,11,251854,Pedri,Central Midfielder,89.0,0.8770553125530485,0.8626448070430534,77.0,0.7560646900269542,73.0,0.9365313342318059,85.0,0.9979363207547169,91.0,0.9997894204851752,78.0,0.9791947439353099,77.0,0.8747051886792453
3-4-3,log,0.0,7,LW,15,238794,Vini Jr.,Left Winger,89.0,0.804790673085482,0.8465659247615198,95.0,0.9995788409703504,84.0,0.9978520889487871,81.0,0.9917452830188679,91.0,0.9997894204851752,29.0,0.10335242587601078,69.0,0.5345771563342318
3-4-3,log,0.0,8,RW,0,209331,Mohamed Salah,Right Midfielder,91.0,0.6368583257414466,0.827385269106179,89.0,0.9816374663072777,88.0,0.9994103773584906,86.0,0.998862870619946,90.0,0.9993682614555256,45.0,0.29274764150943394,76.0,0.8431182614555256
3-4-3,log,0.0,9,ST,6,239085,Erling Haaland,Striker,90.0,0.9999611285147314,0.8999912539158146,86.0,0.9560731132075472,91.0,0.9999157681940701,70.0,0.866576819407008,80.0,0.9699292452830188,45.0,0.29274764150943394,88.0,0.9994946091644205
3-4-3,log,0.05,0,CB1,34,243715,William Saliba,Center Back,87.0,0.9987626893446114,0.869730884932453,77.0,0.7560646900269542,39.0,0.16682109164420486,68.0,0.8125842318059299,72.0,0.8008338948787062,87.0,0.9995788409703504,83.0,0.9852594339622641
3-4-3,log,0.05,1,CB2,21,232580,Gabriel,Center Back,88.0,0.9997095821450804,0.8799361080719177,64.0,0.2726162398921833,44.0,0.23269036388140163,64.0,0.66661051212938,65.0,0.44326987870619944,88.0,0.9997894204851752,84.0,0.991661051212938
3-4-3,log,0.05,2,CB3,4,203376,Virgil van Dijk,Center Back,90.0,0.9961802750195612,0.8991405618794013,73.0,0.612449460916442,60.0,0.5613207547169812,72.0,0.910377358490566,72.0,0.8008338948787062,90.0,1.0,87.0,0.9988207547169812
3-4-3,log,0.05,3,LWB,42,252145,Nuno Mendes,Left Back,86.0,0.99502880398078,0.8589311928558677,95.0,0.9995788409703504,65.0,0.7434299191374663,76.0,0.9648332210242587,82.0,0.984332884097035,80.0,0.9880390835579514,77.0,0.8747051886792453
3-4-3,log,0.05,4,RWB,8,235212,Achraf Hakimi,Right Back,89.0,0.8337612402261589,0.8530118759503204,92.0,0.9960832210242587,79.0,0.985427897574124,82.0,0.993766846361186,83.0,0.9884181266846361,82.0,0.9939353099730458,79.0,0.928108153638814
3-4-3,log,0.05,5,CM1,10,255253,Vitinha,Central Midfielder,89.0,0.795899749002126,0.8445876941529731,72.0,0.5712601078167115,80.0,0.9888814016172507,86.0,0.998862870619946,90.0,0.9993682614555256,75.0,0.9551886792452831,70.0,0.5805677223719676
3-4-3,log,0.05,6,CM2,11,251854,Pedri,Central Midfielder,89.0,0.8770553125530485,0.8626448070430534,77.0,0.7560646900269542,73.0,0.9365313342318059,85.0,0.9979363207547169,91.0,0.9997894204851752,78.0,0.9791947439353099,77.0,0.8747051886792453
3-4-3,log,0.05,7,LW,15,238794,Vini Jr.,Left Winger,89.0,0.804790673085482,0.8465659247615198,95.0,0.9995788409703504,84.0,0.9978520889487871,81.0,0.9917452830188679,91.0,0.9997894204851752,29.0,0.10335242587601078,69.0,0.5345771563342318
3-4-3,log,0.05,8,RW,0,209331,Mohamed Salah,Right Midfielder,91.0,0.6368583257414466,0.827385269106179,89.0,0.9816374663072777,88.0,0.9994103773584906,86.0,0.998862870619946,90.0,0.9993682614555256,45.0,0.29274764150943394,76.0,0.8431182614555256
3-4-3,log,0.05,9,ST,6,239085,Erling Haaland,Striker,90.0,0.9999611285147314,0.8999912539158146,86.0,0.9560731132075472,91.0,0.9999157681940701,70.0,0.866576819407008,80.0,0.9699292452830188,45.0,0.29274764150943394,88.0,0.9994946091644205
3-4-3,log,0.1,0,CB1,31,207865,Marquinhos,Center Back,87.0,0.9802460611648384,0.8657035183033523,78.0,0.7868092991913747,56.0,0.4365734501347709,75.0,0.9548096361185984,74.0,0.8688510781671159,89.0,0.9999157681940701,80.0,0.948997641509434
3-4-3,log,0.1,1,CB2,21,232580,Gabriel,Center Back,88.0,0.9997095821450804,0.8799361080719177,64.0,0.2726162398921833,44.0,0.23269036388140163,64.0,0.66661051212938,65.0,0.44326987870619944,88.0,0.9997894204851752,84.0,0.991661051212938
3-4-3,log,0.1,2,CB3,4,203376,Virgil van Dijk,Center Back,90.0,0.9961802750195612,0.8991405618794013,73.0,0.612449460916442,60.0,0.5613207547169812,72.0,0.910377358490566,72.0,0.8008338948787062,90.0,1.0,87.0,0.9988207547169812
3-4-3,log,0.1,3,LWB,42,252145,Nuno Mendes,Left Back,86.0,0.99502880398078,0.8589311928558677,95.0,0.9995788409703504,65.0,0.7434299191374663,76.0,0.9648332210242587,82.0,0.984332884097035,80.0,0.9880390835579514,77.0,0.8747051886792453
3-4-3,log,0.1,4,RWB,8,235212,Achraf Hakimi,Right Back,89.0,0.8337612402261589,0.8530118759503204,92.0,0.9960832210242587,79.0,0.985427897574124,82.0,0.993766846361186,83.0,0.9884181266846361,82.0,0.9939353099730458,79.0,0.928108153638814
3-4-3,log,0.1,5,CM1,10,255253,Vitinha,Central Midfielder,89.0,0.795899749002126,0.8445876941529731,72.0,0.5712601078167115,80.0,0.9888814016172507,86.0,0.998862870619946,90.0,0.9993682614555256,75.0,0.9551886792452831,70.0,0.5805677223719676
3-4-3,log,0.1,6,CM2,11,251854,Pedri,Central Midfielder,89.0,0.8770553125530485,0.8626448070430534,77.0,0.7560646900269542,73.0,0.9365313342318059,85.0,0.9979363207547169,91.0,0.9997894204851752,78.0,0.9791947439353099,77.0,0.8747051886792453
3-4-3,log,0.1,7,LW,15,238794,Vini Jr.,Left Winger,89.0,0.804790673085482,0.8465659247615198,95.0,0.9995788409703504,84.0,0.9978520889487871,81.0,0.9917452830188679,91.0,0.9997894204851752,29.0,0.10335242587601078,69.0,0.5345771563342318
3-4-3,log,0.1,8,RW,0,209331,Mohamed Salah,Right Midfielder,91.0,0.6368583257414466,0.827385269106179,89.0,0.9816374663072777,88.0,0.9994103773584906,86.0,0.998862870619946,90.0,0.9993682614555256,45.0,0.29274764150943394,76.0,0.8431182614555256
3-4-3,log,0.1,9,ST,6,239085,Erling Haaland,Striker,90.0,0.9999611285147314,0.8999912539158146,86.0,0.9560731132075472,91.0,0.9999157681940701,70.0,0.866576819407008,80.0,0.9699292452830188,45.0,0.29274764150943394,88.0,0.9994946091644205
3-4-3,log,0.25,0,CB1,31,207865,Marquinhos,Center Back,87.0,0.9802460611648384,0.8657035183033523,78.0,0.7868092991913747,56.0,0.4365734501347709,75.0,0.9548096361185984,74.0,0.8688510781671159,89.0,0.9999157681940701,80.0,0.948997641509434
3-4-3,log,0.25,1,CB2,25,237383,Alessandro Bastoni,Center Back,87.0,0.9849969460502416,0.8667368357659275,74.0,0.6517014824797843,46.0,0.26014993261455527,75.0,0.9548096361185984,76.0,0.9156839622641509,88.0,0.9997894204851752,82.0,0.9767941374663073
3-4-3,log,0.25,2,CB3,4,203376,Virgil van Dijk,Center Back,90.0,0.9961802750195612,0.8991405618794013,73.0,0.612449460916442,60.0,0.5613207547169812,72.0,0.910377358490566,72.0,0.8008338948787062,90.0,1.0,87.0,0.9988207547169812
3-4-3,log,0.25,3,LWB,42,252145,Nuno Mendes,Left Back,86.0,0.99502880398078,0.8589311928558677,95.0,0.9995788409703504,65.0,0.7434299191374663,76.0,0.9648332210242587,82.0,0.984332884097035,80.0,0.9880390835579514,77.0,0.8747051886792453
3-4-3,log,0.25,4,RWB,8,235212,Achraf Hakimi,Right Back,89.0,0.8337612402261589,0.8530118759503204,92.0,0.9960832210242587,79.0,0.985427897574124,82.0,0.993766846361186,83.0,0.9884181266846361,82.0,0.9939353099730458,79.0,0.928108153638814
3-4-3,log,0.25,5,CM1,10,255253,Vitinha,Central Midfielder,89.0,0.795899749002126,0.8445876941529731,72.0,0.5712601078167115,80.0,0.9888814016172507,86.0,0.998862870619946,90.0,0.9993682614555256,75.0,0.9551886792452831,70.0,0.5805677223719676
3-4-3,log,0.25,6,CM2,11,251854,Pedri,Central Midfielder,89.0,0.8770553125530485,0.8626448070430534,77.0,0.7560646900269542,73.0,0.9365313342318059,85.0,0.9979363207547169,91.0,0.9997894204851752,78.0,0.9791947439353099,77.0,0.8747051886792453
3-4-3,log,0.25,7,LW,15,238794,Vini Jr.,Left Winger,89.0,0.804790673085482,0.8465659247615198,95.0,0.9995788409703504,84.0,0.9978520889487871,81.0,0.9917452830188679,91.0,0.9997894204851752,29.0,0.10335242587601078,69.0,0.5345771563342318
3-4-3,log,0.25,8,RW,0,209331,Mohamed Salah,Right Midfielder,91.0,0.6368583257414466,0.827385269106179,89.0,0.9816374663072777,88.0,0.9994103773584906,86.0,0.998862870619946,90.0,0.9993682614555256,45.0,0.29274764150943394,76.0,0.8431182614555256
3-4-3,log,0.25,9,ST,6,239085,Erling Haaland,Striker,90.0,0.9999611285147314,0.8999912539158146,86.0,0.9560731132075472,91.0,0.9999157681940701,70.0,0.866576819407008,80.0,0.9699292452830188,45.0,0.29274764150943394,88.0,0.9994946091644205
3-4-3,log,0.5,0,CB1,31,207865,Marquinhos,Center Back,87.0,0.9802460611648384,0.8657035183033523,78.0,0.7868092991913747,56.0,0.4365734501347709,75.0,0.9548096361185984,74.0,0.8688510781671159,89.0,0.9999157681940701,80.0,0.948997641509434
3-4-3,log,0.5,1,CB2,25,237383,Alessandro Bastoni,Center Back,87.0,0.9849969460502416,0.8667368357659275,74.0,0.6517014824797843,46.0,0.26014993261455527,75.0,0.9548096361185984,76.0,0.9156839622641509,88.0,0.9997894204851752,82.0,0.9767941374663073
3-4-3,log,0.5,2,CB3,4,203376,Virgil van Dijk,Center Back,90.0,0.9961802750195612,0.8991405618794013,73.0,0.612449460916442,60.0,0.5613207547169812,72.0,0.910377358490566,72.0,0.8008338948787062,90.0,1.0,87.0,0.9988207547169812
3-4-3,log,0.5,3,LWB,42,252145,Nuno Mendes,Left Back,86.0,0.99502880398078,0.8589311928558677,95.0,0.9995788409703504,65.0,0.7434299191374663,76.0,0.9648332210242587,82.0,0.984332884097035,80.0,0.9880390835579514,77.0,0.8747051886792453
3-4-3,log,0.5,4,RWB,8,235212,Achraf Hakimi,Right Back,89.0,0.8337612402261589,0.8530118759503204,92.0,0.9960832210242587,79.0,0.985427897574124,82.0,0.993766846361186,83.0,0.9884181266846361,82.0,0.9939353099730458,79.0,0.928108153638814
3-4-3,log,0.5,5,CM1,14,239053,Federico Valverde,Central Midfielder,89.0,0.6911176064634604,0.82127366743812,88.0,0.9748146900269542,84.0,0.9978520889487871,84.0,0.9966307277628033,84.0,0.9919137466307277,83.0,0.995788409703504,85.0,0.9954093665768194
3-4-3,log,0.5,6,CM2,11,251854,Pedri,Central Midfielder,89.0,0.8770553125530485,0.8626448070430534,77.0,0.7560646900269542,73.0,0.9365313342318059,85.0,0.9979363207547169,91.0,0.9997894204851752,78.0,0.9791947439353099,77.0,0.8747051886792453
3-4-3,log,0.5,7,LW,15,238794,Vini Jr.,Left Winger,89.0,0.804790673085482,0.8465659247615198,95.0,0.9995788409703504,84.0,0.9978520889487871,81.0,0.9917452830188679,91.0,0.9997894204851752,29.0,0.10335242587601078,69.0,0.5345771563342318
3-4-3,log,0.5,8,RW,0,209331,Mohamed Salah,Right Midfielder,91.0,0.6368583257414466,0.827385269106179,89.0,0.9816374663072777,88.0,0.9994103773584906,86.0,0.998862870619946,90.0,0.9993682614555256,45.0,0.29274764150943394,76.0,0.8431182614555256
3-4-3,log,0.5,9,ST,6,239085,Erling Haaland,Striker,90.0,0.9999611285147314,0.8999912539158146,86.0,0.9560731132075472,91.0,0.9999157681940701,70.0,0.866576819407008,80.0,0.9699292452830188,45.0,0.29274764150943394,88.0,0.9994946091644205
3-4-3,log,1.0,0,CB1,176,208333,Emre Can,Center Back,82.0,0.9152249854983756,0.802621122027167,77.0,0.7560646900269542,76.0,0.968707884097035,72.0,0.910377358490566,74.0,0.8688510781671159,82.0,0.9939353099730458,84.0,0.991661051212938
3-4-3,log,1.0,1,CB2,31,207865,Marquinhos,Center Back,87.0,0.9802460611648384,0.8657035183033523,78.0,0.7868092991913747,56.0,0.4365734501347709,75.0,0.9548096361185984,74.0,0.8688510781671159,89.0,0.9999157681940701,80.0,0.948997641509434
3-4-3,log,1.0,2,CB3,4,203376,Virgil van Dijk,Center Back,90.0,0.9961802750195612,0.8991405618794013,73.0,0.612449460916442,60.0,0.5613207547169812,72.0,0.910377358490566,72.0,0.8008338948787062,90.0,1.0,87.0,0.9988207547169812
3-4-3,log,1.0,3,LWB,42,252145,Nuno Mendes,Left Back,86.0,0.99502880398078,0.8589311928558677,95.0,0.9995788409703504,65.0,0.7434299191374663,76.0,0.9648332210242587,82.0,0.984332884097035,80.0,0.9880390835579514,77.0,0.8747051886792453
3-4-3,log,1.0,4,RWB,8,235212,Achraf Hakimi,Right Back,89.0,0.8337612402261589,0.8530118759503204,92.0,0.9960832210242587,79.0,0.985427897574124,82.0,0.993766846361186,83.0,0.9884181266846361,82.0,0.9939353099730458,79.0,0.928108153638814
3-4-3,log,1.0,5,CM1,11,251854,Pedri,Central Midfielder,89.0,0.8770553125530485,0.8626448070430534,77.0,0.7560646900269542,73.0,0.9365313342318059,85.0,0.9979363207547169,91.0,0.9997894204851752,78.0,0.9791947439353099,77.0,0.8747051886792453
3-4-3,log,1.0,6,CM2,14,239053,Federico Valverde,Central Midfielder,89.0,0.6911176064634604,0.82127366743812,88.0,0.9748146900269542,84.0,0.9978520889487871,84.0,0.9966307277628033,84.0,0.9919137466307277,83.0,0.995788409703504,85.0,0.9954093665768194
3-4-3,log,1.0,7,LW,15,238794,Vini Jr.,Left Winger,89.0,0.804790673085482,0.8465659247615198,95.0,0.9995788409703504,84.0,0.9978520889487871,81.0,0.9917452830188679,91.0,0.9997894204851752,29.0,0.10335242587601078,69.0,0.5345771563342318
3-4-3,log,1.0,8,RW,0,209331,Mohamed Salah,Right Midfielder,91.0,0.6368583257414466,0.827385269106179,89.0,0.9816374663072777,88.0,0.9994103773584906,86.0,0.998862870619946,90.0,0.9993682614555256,45.0,0.29274764150943394,76.0,0.8431182614555256
3-4-3,log,1.0,9,ST,6,239085,Erling Haaland,Striker,90.0,0.9999611285147314,0.8999912539158146,86.0,0.9560731132075472,91.0,0.9999157681940701,70.0,0.866576819407008,80.0,0.9699292452830188,45.0,0.29274764150943394,88.0,0.9994946091644205
3-4-3,exp,0.0,0,CB1,21,232580,Gabriel,Center Back,88.0,0.9997095821450804,0.8799361080719177,64.0,0.2726162398921833,44.0,0.23269036388140163,64.0,0.66661051212938,65.0,0.44326987870619944,88.0,0.9997894204851752,84.0,0.991661051212938
3-4-3,exp,0.0,1,CB2,36,213331,Jonathan Tah,Center Back,87.0,0.9997990044585502,0.8699562834697346,63.0,0.24536725067385445,38.0,0.154144204851752,60.0,0.47224561994609165,63.0,0.33722203504043125,87.0,0.9995788409703504,86.0,0.9975151617250674
3-4-3,exp,0.0,2,CB3,4,203376,Virgil van Dijk,Center Back,90.0,0.9961802750195612,0.8991405618794013,73.0,0.612449460916442,60.0,0.5613207547169812,72.0,0.910377358490566,72.0,0.8008338948787062,90.0,1.0,87.0,0.9988207547169812
3-4-3,exp,0.0,3,LWB,42,252145,Nuno Mendes,Left Back,86.0,0.99502880398078,0.8589311928558677,95.0,0.9995788409703504,65.0,0.7434299191374663,76.0,0.9648332210242587,82.0,0.984332884097035,80.0,0.9880390835579514,77.0,0.8747051886792453
3-4-3,exp,0.0,4,RWB,8,235212,Achraf Hakimi,Right Back,89.0,0.8337612402261589,0.8530118759503204,92.0,0.9960832210242587,79.0,0.985427897574124,82.0,0.993766846361186,83.0,0.9884181266846361,82.0,0.9939353099730458,79.0,0.928108153638814
3-4-3,exp,0.0,5,CM1,10,255253,Vitinha,Central Midfielder,89.0,0.795899749002126,0.8445876941529731,72.0,0.5712601078167115,80.0,0.9888814016172507,86.0,0.998862870619946,90.0,0.9993682614555256,75.0,0.9551886792452831,70.0,0.5805677223719676
3-4-3,exp,0.0,6,CM2,11,251854,Pedri,Central Midfielder,89.0,0.8770553125530485,0.8626448070430534,77.0,0.7560646900269542,73.0,0.9365313342318059,85.0,0.9979363207547169,91.0,0.9997894204851752,78.0,0.9791947439353099,77.0,0.8747051886792453
3-4-3,exp,0.0,7,LW,15,238794,Vini Jr.,Left Winger,89.0,0.804790673085482,0.8465659247615198,95.0,0.9995788409703504,84.0,0.9978520889487871,81.0,0.9917452830188679,91.0,0.9997894204851752,29.0,0.10335242587601078,69.0,0.5345771563342318
3-4-3,exp,0.0,8,RW,0,209331,Mohamed Salah,Right Midfielder,91.0,0.6368583257414466,0.827385269106179,89.0,0.9816374663072777,88.0,0.9994103773584906,86.0,0.998862870619946,90.0,0.9993682614555256,45.0,0.29274764150943394,76.0,0.8431182614555256
3-4-3,exp,0.0,9,ST,6,239085,Erling Haaland,Striker,90.0,0.9999611285147314,0.8999912539158146,86.0,0.9560731132075472,91.0,0.9999157681940701,70.0,0.866576819407008,80.0,0.9699292452830188,45.0,0.29274764150943394,88.0,0.9994946091644205
3-4-3,exp,0.05,0,CB1,34,243715,William Saliba,Center Back,87.0,0.9987626893446114,0.869730884932453,77.0,0.7560646900269542,39.0,0.16682109164420486,68.0,0.8125842318059299,72.0,0.8008338948787062,87.0,0.9995788409703504,83.0,0.9852594339622641
3-4-3,exp,0.05,1,CB2,21,232580,Gabriel,Center Back,88.0,0.9997095821450804,0.8799361080719177,64.0,0.2726162398921833,44.0,0.23269036388140163,64.0,0.66661051212938,65.0,0.44326987870619944,88.0,0.9997894204851752,84.0,0.991661051212938
3-4-3,exp,0.05,2,CB3,4,203376,Virgil van Dijk,Center Back,90.0,0.9961802750195612,0.8991405618794013,73.0,0.612449460916442,60.0,0.5613207547169812,72.0,0.910377358490566,72.0,0.8008338948787062,90.0,1.0,87.0,0.9988207547169812
3-4-3,exp,0.05,3,LWB,42,252145,Nuno Mendes,Left Back,86.0,0.99502880398078,0.8589311928558677,95.0,0.9995788409703504,65.0,0.7434299191374663,76.0,0.9648332210242587,82.0,0.984332884097035,80.0,0.9880390835579514,77.0,0.8747051886792453
3-4-3,exp,0.05,4,RWB,8,235212,Achraf Hakimi,Right Back,89.0,0.8337612402261589,0.8530118759503204,92.0,0.9960832210242587,79.0,0.985427897574124,82.0,0.993766846361186,83.0,0.9884181266846361,82.0,0.9939353099730458,79.0,0.928108153638814
3-4-3,exp,0.05,5,CM1,10,255253,Vitinha,Central Midfielder,89.0,0.795899749002126,0.8445876941529731,72.0,0.5712601078167115,80.0,0.9888814016172507,86.0,0.998862870619946,90.0,0.9993682614555256,75.0,0.9551886792452831,70.0,0.5805677223719676
3-4-3,exp,0.05,6,CM2,11,251854,Pedri,Central Midfielder,89.0,0.8770553125530485,0.8626448070430534,77.0,0.7560646900269542,73.0,0.9365313342318059,85.0,0.9979363207547169,91.0,0.9997894204851752,78.0,0.9791947439353099,77.0,0.8747051886792453
3-4-3,exp,0.05,7,LW,15,238794,Vini Jr.,Left Winger,89.0,0.804790673085482,0.8465659247615198,95.0,0.9995788409703504,84.0,0.9978520889487871,81.0,0.9917452830188679,91.0,0.9997894204851752,29.0,0.10335242587601078,69.0,0.5345771563342318
3-4-3,exp,0.05,8,RW,0,209331,Mohamed Salah,Right Midfielder,91.0,0.6368583257414466,0.827385269106179,89.0,0.9816374663072777,88.0,0.9994103773584906,86.0,0.998862870619946,90.0,0.9993682614555256,45.0,0.29274764150943394,76.0,0.8431182614555256
3-4-3,exp,0.05,9,ST,6,239085,Erling Haaland,Striker,90.0,0.9999611285147314,0.8999912539158146,86.0,0.9560731132075472,91.0,0.9999157681940701,70.0,0.866576819407008,80.0,0.9699292452830188,45.0,0.29274764150943394,88.0,0.9994946091644205
3-4-3,exp,0.1,0,CB1,34,243715,William Saliba,Center Back,87.0,0.9987626893446114,0.869730884932453,77.0,0.7560646900269542,39.0,0.16682109164420486,68.0,0.8125842318059299,72.0,0.8008338948787062,87.0,0.9995788409703504,83.0,0.9852594339622641
3-4-3,exp,0.1,1,CB2,21,232580,Gabriel,Center Back,88.0,0.9997095821450804,0.8799361080719177,64.0,0.2726162398921833,44.0,0.23269036388140163,64.0,0.66661051212938,65.0,0.44326987870619944,88.0,0.9997894204851752,84.0,0.991661051212938
3-4-3,exp,0.1,2,CB3,4,203376,Virgil van Dijk,Center Back,90.0,0.9961802750195612,0.8991405618794013,73.0,0.612449460916442,60.0,0.5613207547169812,72.0,0.910377358490566,72.0,0.8008338948787062,90.0,1.0,87.0,0.9988207547169812
3-4-3,exp,0.1,3,LWB,42,252145,Nuno Mendes,Left Back,86.0,0.99502880398078,0.8589311928558677,95.0,0.9995788409703504,65.0,0.7434299191374663,76.0,0.9648332210242587,82.0,0.984332884097035,80.0,0.9880390835579514,77.0,0.8747051886792453
3-4-3,exp,0.1,4,RWB,8,235212,Achraf Hakimi,Right Back,89.0,0.8337612402261589,0.8530118759503204,92.0,0.9960832210242587,79.0,0.985427897574124,82.0,0.993766846361186,83.0,0.9884181266846361,82.0,0.9939353099730458,79.0,0.928108153638814
3-4-3,exp,0.1,5,CM1,10,255253,Vitinha,Central Midfielder,89.0,0.795899749002126,0.8445876941529731,72.0,0.5712601078167115,80.0,0.9888814016172507,86.0,0.998862870619946,90.0,0.9993682614555256,75.0,0.9551886792452831,70.0,0.5805677223719676
3-4-3,exp,0.1,6,CM2,11,251854,Pedri,Central Midfielder,89.0,0.8770553125530485,0.8626448070430534,77.0,0.7560646900269542,73.0,0.9365313342318059,85.0,0.9979363207547169,91.0,0.9997894204851752,78.0,0.9791947439353099,77.0,0.8747051886792453
3-4-3,exp,0.1,7,LW,15,238794,Vini Jr.,Left Winger,89.0,0.804790673085482,0.8465659247615198,95.0,0.9995788409703504,84.0,0.9978520889487871,81.0,0.9917452830188679,91.0,0.9997894204851752,29.0,0.10335242587601078,69.0,0.5345771563342318
3-4-3,exp,0.1,8,RW,0,209331,Mohamed Salah,Right Midfielder,91.0,0.6368583257414466,0.827385269106179,89.0,0.9816374663072777,88.0,0.9994103773584906,86.0,0.998862870619946,90.0,0.9993682614555256,45.0,0.29274764150943394,76.0,0.8431182614555256
3-4-3,exp,0.1,9,ST,6,239085,Erling Haaland,Striker,90.0,0.9999611285147314,0.8999912539158146,86.0,0.9560731132075472,91.0,0.9999157681940701,70.0,0.866576819407008,80.0,0.9699292452830188,45.0,0.29274764150943394,88.0,0.9994946091644205
3-4-3,exp,0.25,0,CB1,31,207865,Marquinhos,Center Back,87.0,0.9802460611648384,0.8657035183033523,78.0,0.7868092991913747,56.0,0.4365734501347709,75.0,0.9548096361185984,74.0,0.8688510781671159,89.0,0.9999157681940701,80.0,0.948997641509434
3-4-3,exp,0.25,1,CB2,21,232580,Gabriel,Center Back,88.0,0.9997095821450804,0.8799361080719177,64.0,0.2726162398921833,44.0,0.23269036388140163,64.0,0.66661051212938,65.0,0.44326987870619944,88.0,0.9997894204851752,84.0,0.991661051212938
3-4-3,exp,0.25,2,CB3,4,203376,Virgil van Dijk,Center Back,90.0,0.9961802750195612,0.8991405618794013,73.0,0.612449460916442,60.0,0.5613207547169812,72.0,0.910377358490566,72.0,0.8008338948787062,90.0,1.0,87.0,0.9988207547169812
3-4-3,exp,0.25,3,LWB,42,252145,Nuno Mendes,Left Back,86.0,0.99502880398078,0.8589311928558677,95.0,0.9995788409703504,65.0,0.7434299191374663,76.0,0.9648332210242587,82.0,0.984332884097035,80.0,0.9880390835579514,77.0,0.8747051886792453
3-4-3,exp,0.25,4,RWB,8,235212,Achraf Hakimi,Right Back,89.0,0.8337612402261589,0.8530118759503204,92.0,0.9960832210242587,79.0,0.985427897574124,82.0,0.993766846361186,83.0,0.9884181266846361,82.0,0.9939353099730458,79.0,0.928108153638814
3-4-3,exp,0.25,5,CM1,10,255253,Vitinha,Central Midfielder,89.0,0.795899749002126,0.8445876941529731,72.0,0.5712601078167115,80.0,0.9888814016172507,86.0,0.998862870619946,90.0,0.9993682614555256,75.0,0.9551886792452831,70.0,0.5805677223719676
3-4-3,exp,0.25,6,CM2,11,251854,Pedri,Central Midfielder,89.0,0.8770553125530485,0.8626448070430534,77.0,0.7560646900269542,73.0,0.9365313342318059,85.0,0.9979363207547169,91.0,0.9997894204851752,78.0,0.9791947439353099,77.0,0.8747051886792453
3-4-3,exp,0.25,7,LW,15,238794,Vini Jr.,Left Winger,89.0,0.804790673085482,0.8465659247615198,95.0,0.9995788409703504,84.0,0.9978520889487871,81.0,0.9917452830188679,91.0,0.9997894204851752,29.0,0.10335242587601078,69.0,0.5345771563342318
3-4-3,exp,0.25,8,RW,0,209331,Mohamed Salah,Right Midfielder,91.0,0.6368583257414466,0.827385269106179,89.0,0.9816374663072777,88.0,0.9994103773584906,86.0,0.998862870619946,90.0,0.9993682614555256,45.0,0.29274764150943394,76.0,0.8431182614555256
3-4-3,exp,0.25,9,ST,6,239085,Erling Haaland,Striker,90.0,0.9999611285147314,0.8999912539158146,86.0,0.9560731132075472,91.0,0.9999157681940701,70.0,0.866576819407008,80.0,0.9699292452830188,45.0,0.29274764150943394,88.0,0.9994946091644205
3-4-3,exp,0.5,0,CB1,31,207865,Marquinhos,Center Back,87.0,0.9802460611648384,0.8657035183033523,78.0,0.7868092991913747,56.0,0.4365734501347709,75.0,0.9548096361185984,74.0,0.8688510781671159,89.0,0.9999157681940701,80.0,0.948997641509434
3-4-3,exp,0.5,1,CB2,25,237383,Alessandro Bastoni,Center Back,87.0,0.9849969460502416,0.8667368357659275,74.0,0.6517014824797843,46.0,0.26014993261455527,75.0,0.9548096361185984,76.0,0.9156839622641509,88.0,0.9997894204851752,82.0,0.9767941374663073
3-4-3,exp,0.5,2,CB3,4,203376,Virgil van Dijk,Center Back,90.0,0.9961802750195612,0.8991405618794013,73.0,0.612449460916442,60.0,0.5613207547169812,72.0,0.910377358490566,72.0,0.8008338948787062,90.0,1.0,87.0,0.9988207547169812
3-4-3,exp,0.5,3,LWB,42,252145,Nuno Mendes,Left Back,86.0,0.99502880398078,0.8589311928558677,95.0,0.9995788409703504,65.0,0.7434299191374663,76.0,0.9648332210242587,82.0,0.984332884097035,80.0,0.9880390835579514,77.0,0.8747051886792453
3-4-3,exp,0.5,4,RWB,8,235212,Achraf Hakimi,Right Back,89.0,0.8337612402261589,0.8530118759503204,92.0,0.9960832210242587,79.0,0.985427897574124,82.0,0.993766846361186,83.0,0.9884181266846361,82.0,0.9939353099730458,79.0,0.928108153638814
3-4-3,exp,0.5,5,CM1,10,255253,Vitinha,Central Midfielder,89.0,0.795899749002126,0.8445876941529731,72.0,0.5712601078167115,80.0,0.9888814016172507,86.0,0.998862870619946,90.0,0.9993682614555256,75.0,0.9551886792452831,70.0,0.5805677223719676
3-4-3,exp,0.5,6,CM2,11,251854,Pedri,Central Midfielder,89.0,0.8770553125530485,0.8626448070430534,77.0,0.7560646900269542,73.0,0.9365313342318059,85.0,0.9979363207547169,91.0,0.9997894204851752,78.0,0.9791947439353099,77.0,0.8747051886792453
3-4-3,exp,0.5,7,LW,15,238794,Vini Jr.,Left Winger,89.0,0.804790673085482,0.8465659247615198,95.0,0.9995788409703504,84.0,0.9978520889487871,81.0,0.9917452830188679,91.0,0.9997894204851752,29.0,0.10335242587601078,69.0,0.5345771563342318
3-4-3,exp,0.5,8,RW,0,209331,Mohamed Salah,Right Midfielder,91.0,0.6368583257414466,0.827385269106179,89.0,0.9816374663072777,88.0,0.9994103773584906,86.0,0.998862870619946,90.0,0.9993682614555256,45.0,0.29274764150943394,76.0,0.8431182614555256
3-4-3,exp,0.5,9,ST,6,239085,Erling Haaland,Striker,90.0,0.9999611285147314,0.8999912539158146,86.0,0.9560731132075472,91.0,0.9999157681940701,70.0,0.866576819407008,80.0,0.9699292452830188,45.0,0.29274764150943394,88.0,0.9994946091644205
3-4-3,exp,1.0,0,CB1,31,207865,Marquinhos,Center Back,87.0,0.9802460611648384,0.8657035183033523,78.0,0.7868092991913747,56.0,0.4365734501347709,75.0,0.9548096361185984,74.0,0.8688510781671159,89.0,0.9999157681940701,80.0,0.948997641509434
3-4-3,exp,1.0,1,CB2,25,237383,Alessandro Bastoni,Center Back,87.0,0.9849969460502416,0.8667368357659275,74.0,0.6517014824797843,46.0,0.26014993261455527,75.0,0.9548096361185984,76.0,0.9156839622641509,88.0,0.9997894204851752,82.0,0.9767941374663073
3-4-3,exp,1.0,2,CB3,4,203376,Virgil van Dijk,Center Back,90.0,0.9961802750195612,0.8991405618794013,73.0,0.612449460916442,60.0,0.5613207547169812,72.0,0.910377358490566,72.0,0.8008338948787062,90.0,1.0,87.0,0.9988207547169812
3-4-3,exp,1.0,3,LWB,42,252145,Nuno Mendes,Left Back,86.0,0.99502880398078,0.8589311928558677,95.0,0.9995788409703504,65.0,0.7434299191374663,76.0,0.9648332210242587,82.0,0.984332884097035,80.0,0.9880390835579514,77.0,0.8747051886792453
3-4-3,exp,1.0,4,RWB,8,235212,Achraf Hakimi,Right Back,89.0,0.8337612402261589,0.8530118759503204,92.0,0.9960832210242587,79.0,0.985427897574124,82.0,0.993766846361186,83.0,0.9884181266846361,82.0,0.9939353099730458,79.0,0.928108153638814
3-4-3,exp,1.0,5,CM1,14,239053,Federico Valverde,Central Midfielder,89.0,0.6911176064634604,0.82127366743812,88.0,0.9748146900269542,84.0,0.9978520889487871,84.0,0.9966307277628033,84.0,0.9919137466307277,83.0,0.995788409703504,85.0,0.9954093665768194
3-4-3,exp,1.0,6,CM2,11,251854,Pedri,Central Midfielder,89.0,0.8770553125530485,0.8626448070430534,77.0,0.7560646900269542,73.0,0.9365313342318059,85.0,0.9979363207547169,91.0,0.9997894204851752,78.0,0.9791947439353099,77.0,0.8747051886792453
3-4-3,exp,1.0,7,LW,15,238794,Vini Jr.,Left Winger,89.0,0.804790673085482,0.8465659247615198,95.0,0.9995788409703504,84.0,0.9978520889487871,81.0,0.9917452830188679,91.0,0.9997894204851752,29.0,0.10335242587601078,69.0,0.5345771563342318
3-4-3,exp,1.0,8,RW,0,209331,Mohamed Salah,Right Midfielder,91.0,0.6368583257414466,0.827385269106179,89.0,0.9816374663072777,88.0,0.9994103773584906,86.0,0.998862870619946,90.0,0.9993682614555256,45.0,0.29274764150943394,76.0,0.8431182614555256
3-4-3,exp,1.0,9,ST,6,239085,Erling Haaland,Striker,90.0,0.9999611285147314,0.8999912539158146,86.0,0.9560731132075472,91.0,0.9999157681940701,70.0,0.866576819407008,80.0,0.9699292452830188,45.0,0.29274764150943394,88.0,0.9994946091644205
5-3-2,sqrt,0.0,0,LB,42,252145,Nuno Mendes,Left Back,86.0,0.99502880398078,0.8589311928558677,95.0,0.9995788409703504,65.0,0.7434299191374663,76.0,0.9648332210242587,82.0,0.984332884097035,80.0,0.9880390835579514,77.0,0.8747051886792453
5-3-2,sqrt,0.0,1,CB1,4,203376,Virgil van Dijk,Center Back,90.0,0.9961802750195612,0.8991405618794013,73.0,0.612449460916442,60.0,0.5613207547169812,72.0,0.910377358490566,72.0,0.8008338948787062,90.0,1.0,87.0,0.9988207547169812
5-3-2,sqrt,0.0,2,CB2,36,213331,Jonathan Tah,Center Back,87.0,0.9997990044585502,0.8699562834697346,63.0,0.24536725067385445,38.0,0.154144204851752,60.0,0.47224561994609165,63.0,0.33722203504043125,87.0,0.9995788409703504,86.0,0.9975151617250674
5-3-2,sqrt,0.0,3,CB3,21,232580,Gabriel,Center Back,88.0,0.9997095821450804,0.8799361080719177,64.0,0.2726162398921833,44.0,0.23269036388140163,64.0,0.66661051212938,65.0,0.44326987870619944,88.0,0.9997894204851752,84.0,0.991661051212938
5-3-2,sqrt,0.0,4,RB,8,235212,Achraf Hakimi,Right Back,89.0,0.8337612402261589,0.8530118759503204,92.0,0.9960832210242587,79.0,0.985427897574124,82.0,0.993766846361186,83.0,0.9884181266846361,82.0,0.9939353099730458,79.0,0.928108153638814
5-3-2,sqrt,0.0,5,DM,29,256079,Moisés Caicedo,Defensive Midfielder,87.0,0.9827188664274614,0.8662413534479729,71.0,0.5314605795148248,64.0,0.7079262129380054,78.0,0.9788999326145552,81.0,0.9784787735849056,84.0,0.9973466981132075,82.0,0.9767941374663073
5-3-2,sqrt,0.0,6,CM1,11,251854,Pedri,Central Midfielder,89.0,0.8770553125530485,0.8626448070430534,77.0,0.7560646900269542,73.0,0.9365313342318059,85.0,0.9979363207547169,91.0,0.9997894204851752,78.0,0.9791947439353099,77.0,0.8747051886792453
5-3-2,sqrt,0.0,7,CM2,10,255253,Vitinha,Central Midfielder,89.0,0.795899749002126,0.8445876941529731,72.0,0.5712601078167115,80.0,0.9888814016172507,86.0,0.998862870619946,90.0,0.9993682614555256,75.0,0.9551886792452831,70.0,0.5805677223719676
5-3-2,sqrt,0.0,8,ST1,13,202126,Harry Kane,Striker,89.0,0.9841806203997862,0.8864801880389525,64.0,0.2726162398921833,92.0,1.0,83.0,0.9952830188679245,82.0,0.984332884097035,48.0,0.31620619946091644,82.0,0.9767941374663073
5-3-2,sqrt,0.0,9,ST2,6,239085,Erling Haaland,Striker,90.0,0.9999611285147314,0.8999912539158146,86.0,0.9560731132075472,91.0,0.9999157681940701,70.0,0.866576819407008,80.0,0.9699292452830188,45.0,0.29274764150943394,88.0,0.9994946091644205
5-3-2,sqrt,0.05,0,LB,42,252145,Nuno Mendes,Left Back,86.0,0.99502880398078,0.8589311928558677,95.0,0.9995788409703504,65.0,0.7434299191374663,76.0,0.9648332210242587,82.0,0.984332884097035,80.0,0.9880390835579514,77.0,0.8747051886792453
5-3-2,sqrt,0.05,1,CB1,21,232580,Gabriel,Center Back,88.0,0.9997095821450804,0.8799361080719177,64.0,0.2726162398921833,44.0,0.23269036388140163,64.0,0.66661051212938,65.0,0.44326987870619944,88.0,0.9997894204851752,84.0,0.991661051212938
5-3-2,sqrt,0.05,2,CB2,4,203376,Virgil van Dijk,Center Back,90.0,0.9961802750195612,0.8991405618794013,73.0,0.612449460916442,60.0,0.5613207547169812,72.0,0.910377358490566,72.0,0.8008338948787062,90.0,1.0,87.0,0.9988207547169812
5-3-2,sqrt,0.05,3,CB3,34,243715,William Saliba,Center Back,87.0,0.9987626893446114,0.869730884932453,77.0,0.7560646900269542,39.0,0.16682109164420486,68.0,0.8125842318059299,72.0,0.8008338948787062,87.0,0.9995788409703504,83.0,0.9852594339622641
5-3-2,sqrt,0.05,4,RB,8,235212,Achraf Hakimi,Right Back,89.0,0.8337612402261589,0.8530118759503204,92.0,0.9960832210242587,79.0,0.985427897574124,82.0,0.993766846361186,83.0,0.9884181266846361,82.0,0.9939353099730458,79.0,0.928108153638814
5-3-2,sqrt,0.05,5,DM,29,256079,Moisés Caicedo,Defensive Midfielder,87.0,0.9827188664274614,0.8662413534479729,71.0,0.5314605795148248,64.0,0.7079262129380054,78.0,0.9788999326145552,81.0,0.9784787735849056,84.0,0.9973466981132075,82.0,0.9767941374663073
5-3-2,sqrt,0.05,6,CM1,11,251854,Pedri,Central Midfielder,89.0,0.8770553125530485,0.8626448070430534,77.0,0.7560646900269542,73.0,0.9365313342318059,85.0,0.9979363207547169,91.0,0.9997894204851752,78.0,0.9791947439353099,77.0,0.8747051886792453
5-3-2,sqrt,0.05,7,CM2,10,255253,Vitinha,Central Midfielder,89.0,0.795899749002126,0.8445876941529731,72.0,0.5712601078167115,80.0,0.9888814016172507,86.0,0.998862870619946,90.0,0.9993682614555256,75.0,0.9551886792452831,70.0,0.5805677223719676
5-3-2,sqrt,0.05,8,ST1,13,202126,Harry Kane,Striker,89.0,0.9841806203997862,0.8864801880389525,64.0,0.2726162398921833,92.0,1.0,83.0,0.9952830188679245,82.0,0.984332884097035,48.0,0.31620619946091644,82.0,0.9767941374663073
5-3-2,sqrt,0.05,9,ST2,6,239085,Erling Haaland,Striker,90.0,0.9999611285147314,0.8999912539158146,86.0,0.9560731132075472,91.0,0.9999157681940701,70.0,0.866576819407008,80.0,0.9699292452830188,45.0,0.29274764150943394,88.0,0.9994946091644205
5-3-2,sqrt,0.1,0,LB,42,252145,Nuno Mendes,Left Back,86.0,0.99502880398078,0.8589311928558677,95.0,0.9995788409703504,65.0,0.7434299191374663,76.0,0.9648332210242587,82.0,0.984332884097035,80.0,0.9880390835579514,77.0,0.8747051886792453
5-3-2,sqrt,0.1,1,CB1,34,243715,William Saliba,Center Back,87.0,0.9987626893446114,0.869730884932453,77.0,0.7560646900269542,39.0,0.16682109164420486,68.0,0.8125842318059299,72.0,0.8008338948787062,87.0,0.9995788409703504,83.0,0.9852594339622641
5-3-2,sqrt,0.1,2,CB2,4,203376,Virgil van Dijk,Center Back,90.0,0.9961802750195612,0.8991405618794013,73.0,0.612449460916442,60.0,0.5613207547169812,72.0,0.910377358490566,72.0,0.8008338948787062,90.0,1.0,87.0,0.9988207547169812
5-3-2,sqrt,0.1,3,CB3,21,232580,Gabriel,Center Back,88.0,0.9997095821450804,0.8799361080719177,64.0,0.2726162398921833,44.0,0.23269036388140163,64.0,0.66661051212938,65.0,0.44326987870619944,88.0,0.9997894204851752,84.0,0.991661051212938
5-3-2,sqrt,0.1,4,RB,8,235212,Achraf Hakimi,Right Back,89.0,0.8337612402261589,0.8530118759503204,92.0,0.9960832210242587,79.0,0.985427897574124,82.0,0.993766846361186,83.0,0.9884181266846361,82.0,0.9939353099730458,79.0,0.928108153638814
5-3-2,sqrt,0.1,5,DM,29,256079,Moisés Caicedo,Defensive Midfielder,87.0,0.9827188664274614,0.8662413534479729,71.0,0.5314605795148248,64.0,0.7079262129380054,78.0,0.9788999326145552,81.0,0.9784787735849056,84.0,0.9973466981132075,82.0,0.9767941374663073
5-3-2,sqrt,0.1,6,CM1,11,251854,Pedri,Central Midfielder,89.0,0.8770553125530485,0.8626448070430534,77.0,0.7560646900269542,73.0,0.9365313342318059,85.0,0.9979363207547169,91.0,0.9997894204851752,78.0,0.9791947439353099,77.0,0.8747051886792453
5-3-2,sqrt,0.1,7,CM2,10,255253,Vitinha,Central Midfielder,89.0,0.795899749002126,0.8445876941529731,72.0,0.5712601078167115,80.0,0.9888814016172507,86.0,0.998862870619946,90.0,0.9993682614555256,75.0,0.9551886792452831,70.0,0.5805677223719676
5-3-2,sqrt,0.1,8,ST1,13,202126,Harry Kane,Striker,89.0,0.9841806203997862,0.8864801880389525,64.0,0.2726162398921833,92.0,1.0,83.0,0.9952830188679245,82.0,0.984332884097035,48.0,0.31620619946091644,82.0,0.9767941374663073
5-3-2,sqrt,0.1,9,ST2,6,239085,Erling Haaland,Striker,90.0,0.9999611285147314,0.8999912539158146,86.0,0.9560731132075472,91.0,0.9999157681940701,70.0,0.866576819407008,80.0,0.9699292452830188,45.0,0.29274764150943394,88.0,0.9994946091644205
5-3-2,sqrt,0.25,0,LB,42,252145,Nuno Mendes,Left Back,86.0,0.99502880398078,0.8589311928558677,95.0,0.9995788409703504,65.0,0.7434299191374663,76.0,0.9648332210242587,82.0,0.984332884097035,80.0,0.9880390835579514,77.0,0.8747051886792453
5-3-2,sqrt,0.25,1,CB1,25,237383,Alessandro Bastoni,Center Back,87.0,0.9849969460502416,0.8667368357659275,74.0,0.6517014824797843,46.0,0.26014993261455527,75.0,0.9548096361185984,76.0,0.9156839622641509,88.0,0.9997894204851752,82.0,0.9767941374663073
5-3-2,sqrt,0.25,2,CB2,4,203376,Virgil van Dijk,Center Back,90.0,0.9961802750195612,0.8991405618794013,73.0,0.612449460916442,60.0,0.5613207547169812,72.0,0.910377358490566,72.0,0.8008338948787062,90.0,1.0,87.0,0.9988207547169812
5-3-2,sqrt,0.25,3,CB3,31,207865,Marquinhos,Center Back,87.0,0.9802460611648384,0.8657035183033523,78.0,0.7868092991913747,56.0,0.4365734501347709,75.0,0.9548096361185984,74.0,0.8688510781671159,89.0,0.9999157681940701,80.0,0.948997641509434
5-3-2,sqrt,0.25,4,RB,8,235212,Achraf Hakimi,Right Back,89.0,0.8337612402261589,0.8530118759503204,92.0,0.9960832210242587,79.0,0.985427897574124,82.0,0.993766846361186,83.0,0.9884181266846361,82.0,0.9939353099730458,79.0,0.928108153638814
5-3-2,sqrt,0.25,5,DM,29,256079,Moisés Caicedo,Defensive Midfielder,87.0,0.9827188664274614,0.8662413534479729,71.0,0.5314605795148248,64.0,0.7079262129380054,78.0,0.9788999326145552,81.0,0.9784787735849056,84.0,0.9973466981132075,82.0,0.9767941374663073
5-3-2,sqrt,0.25,6,CM1,11,251854,Pedri,Central Midfielder,89.0,0.8770553125530485,0.8626448070430534,77.0,0.7560646900269542,73.0,0.9365313342318059,85.0,0.9979363207547169,91.0,0.9997894204851752,78.0,0.9791947439353099,77.0,0.8747051886792453
5-3-2,sqrt,0.25,7,CM2,10,255253,Vitinha,Central Midfielder,89.0,0.795899749002126,0.8445876941529731,72.0,0.5712601078167115,80.0,0.9888814016172507,86.0,0.998862870619946,90.0,0.9993682614555256,75.0,0.9551886792452831,70.0,0.5805677223719676
5-3-2,sqrt,0.25,8,ST1,18,231478,Lautaro Martínez,Striker,88.0,0.9957760401692644,0.8790707288372382,81.0,0.867713948787062,88.0,0.9994103773584906,75.0,0.9548096361185984,84.0,0.9919137466307277,51.0,0.33878032345013476,83.0,0.9852594339622641
5-3-2,sqrt,0.25,9,ST2,6,239085,Erling Haaland,Striker,90.0,0.9999611285147314,0.8999912539158146,86.0,0.9560731132075472,91.0,0.9999157681940701,70.0,0.866576819407008,80.0,0.9699292452830188,45.0,0.29274764150943394,88.0,0.9994946091644205
5-3-2,sqrt,0.5,0,LB,42,252145,Nuno Mendes,Left Back,86.0,0.99502880398078,0.8589311928558677,95.0,0.9995788409703504,65.0,0.7434299191374663,76.0,0.9648332210242587,82.0,0.984332884097035,80.0,0.9880390835579514,77.0,0.8747051886792453
5-3-2,sqrt,0.5,1,CB1,25,237383,Alessandro Bastoni,Center Back,87.0,0.9849969460502416,0.8667368357659275,74.0,0.6517014824797843,46.0,0.26014993261455527,75.0,0.9548096361185984,76.0,0.9156839622641509,88.0,0.9997894204851752,82.0,0.9767941374663073
5-3-2,sqrt,0.5,2,CB2,4,203376,Virgil van Dijk,Center Back,90.0,0.9961802750195612,0.8991405618794013,73.0,0.612449460916442,60.0,0.5613207547169812,72.0,0.910377358490566,72.0,0.8008338948787062,90.0,1.0,87.0,0.9988207547169812
5-3-2,sqrt,0.5,3,CB3,31,207865,Marquinhos,Center Back,87.0,0.9802460611648384,0.8657035183033523,78.0,0.7868092991913747,56.0,0.4365734501347709,75.0,0.9548096361185984,74.0,0.8688510781671159,89.0,0.9999157681940701,80.0,0.948997641509434
5-3-2,sqrt,0.5,4,RB,8,235212,Achraf Hakimi,Right Back,89.0,0.8337612402261589,0.8530118759503204,92.0,0.9960832210242587,79.0,0.985427897574124,82.0,0.993766846361186,83.0,0.9884181266846361,82.0,0.9939353099730458,79.0,0.928108153638814
5-3-2,sqrt,0.5,5,DM,29,256079,Moisés Caicedo,Defensive Midfielder,87.0,0.9827188664274614,0.8662413534479729,71.0,0.5314605795148248,64.0,0.7079262129380054,78.0,0.9788999326145552,81.0,0.9784787735849056,84.0,0.9973466981132075,82.0,0.9767941374663073
5-3-2,sqrt,0.5,6,CM1,11,251854,Pedri,Central Midfielder,89.0,0.8770553125530485,0.8626448070430534,77.0,0.7560646900269542,73.0,0.9365313342318059,85.0,0.9979363207547169,91.0,0.9997894204851752,78.0,0.9791947439353099,77.0,0.8747051886792453
5-3-2,sqrt,0.5,7,CM2,14,239053,Federico Valverde,Central Midfielder,89.0,0.6911176064634604,0.82127366743812,88.0,0.9748146900269542,84.0,0.9978520889487871,84.0,0.9966307277628033,84.0,0.9919137466307277,83.0,0.995788409703504,85.0,0.9954093665768194
5-3-2,sqrt,0.5,8,ST1,18,231478,Lautaro Martínez,Striker,88.0,0.9957760401692644,0.8790707288372382,81.0,0.867713948787062,88.0,0.9994103773584906,75.0,0.9548096361185984,84.0,0.9919137466307277,51.0,0.33878032345013476,83.0,0.9852594339622641
5-3-2,sqrt,0.5,9,ST2,6,239085,Erling Haaland,Striker,90.0,0.9999611285147314,0.8999912539158146,86.0,0.9560731132075472,91.0,0.9999157681940701,70.0,0.866576819407008,80.0,0.9699292452830188,45.0,0.29274764150943394,88.0,0.9994946091644205
5-3-2,sqrt,1.0,0,LB,42,252145,Nuno Mendes,Left Back,86.0,0.99502880398078,0.8589311928558677,95.0,0.9995788409703504,65.0,0.7434299191374663,76.0,0.9648332210242587,82.0,0.984332884097035,80.0,0.9880390835579514,77.0,0.8747051886792453
5-3-2,sqrt,1.0,1,CB1,43,205452,Antonio Rüdiger,Center Back,86.0,0.9947861711270808,0.8588790267923224,79.0,0.8138477088948787,55.0,0.4134518194070081,72.0,0.910377358490566,70.0,0.7179919137466307,84.0,0.9973466981132075,86.0,0.9975151617250674
5-3-2,sqrt,1.0,2,CB2,4,203376,Virgil van Dijk,Center Back,90.0,0.9961802750195612,0.8991405618794013,73.0,0.612449460916442,60.0,0.5613207547169812,72.0,0.910377358490566,72.0,0.8008338948787062,90.0,1.0,87.0,0.9988207547169812
5-3-2,sqrt,1.0,3,CB3,31,207865,Marquinhos,Center Back,87.0,0.9802460611648384,0.8657035183033523,78.0,0.7868092991913747,56.0,0.4365734501347709,75.0,0.9548096361185984,74.0,0.8688510781671159,89.0,0.9999157681940701,80.0,0.948997641509434
5-3-2,sqrt,1.0,4,RB,8,235212,Achraf Hakimi,Right Back,89.0,0.8337612402261589,0.8530118759503204,92.0,0.9960832210242587,79.0,0.985427897574124,82.0,0.993766846361186,83.0,0.9884181266846361,82.0,0.9939353099730458,79.0,0.928108153638814
5-3-2,sqrt,1.0,5,DM,29,256079,Moisés Caicedo,Defensive Midfielder,87.0,0.9827188664274614,0.8662413534479729,71.0,0.5314605795148248,64.0,0.7079262129380054,78.0,0.9788999326145552,81.0,0.9784787735849056,84.0,0.9973466981132075,82.0,0.9767941374663073
5-3-2,sqrt,1.0,6,CM1,11,251854,Pedri,Central Midfielder,89.0,0.8770553125530485,0.8626448070430534,77.0,0.7560646900269542,73.0,0.9365313342318059,85.0,0.9979363207547169,91.0,0.9997894204851752,78.0,0.9791947439353099,77.0,0.8747051886792453
5-3-2,sqrt,1.0,7,CM2,14,239053,Federico Valverde,Central Midfielder,89.0,0.6911176064634604,0.82127366743812,88.0,0.9748146900269542,84.0,0.9978520889487871,84.0,0.9966307277628033,84.0,0.9919137466307277,83.0,0.995788409703504,85.0,0.9954093665768194
5-3-2,sqrt,1.0,8,ST1,18,231478,Lautaro Martínez,Striker,88.0,0.9957760401692644,0.8790707288372382,81.0,0.867713948787062,88.0,0.9994103773584906,75.0,0.9548096361185984,84.0,0.9919137466307277,51.0,0.33878032345013476,83.0,0.9852594339622641
5-3-2,sqrt,1.0,9,ST2,6,239085,Erling Haaland,Striker,90.0,0.9999611285147314,0.8999912539158146,86.0,0.9560731132075472,91.0,0.9999157681940701,70.0,0.866576819407008,80.0,0.9699292452830188,45.0,0.29274764150943394,88.0,0.9994946091644205
5-3-2,log,0.0,0,LB,42,252145,Nuno Mendes,Left Back,86.0,0.99502880398078,0.8589311928558677,95.0,0.9995788409703504,65.0,0.7434299191374663,76.0,0.9648332210242587,82.0,0.984332884097035,80.0,0.9880390835579514,77.0,0.8747051886792453
5-3-2,log,0.0,1,CB1,4,203376,Virgil van Dijk,Center Back,90.0,0.9961802750195612,0.8991405618794013,73.0,0.612449460916442,60.0,0.5613207547169812,72.0,0.910377358490566,72.0,0.8008338948787062,90.0,1.0,87.0,0.9988207547169812
5-3-2,log,0.0,2,CB2,36,213331,Jonathan Tah,Center Back,87.0,0.9997990044585502,0.8699562834697346,63.0,0.24536725067385445,38.0,0.154144204851752,60.0,0.47224561994609165,63.0,0.33722203504043125,87.0,0.9995788409703504,86.0,0.9975151617250674
5-3-2,log,0.0,3,CB3,21,232580,Gabriel,Center Back,88.0,0.9997095821450804,0.8799361080719177,64.0,0.2726162398921833,44.0,0.23269036388140163,64.0,0.66661051212938,65.0,0.44326987870619944,88.0,0.9997894204851752,84.0,0.991661051212938
5-3-2,log,0.0,4,RB,8,235212,Achraf Hakimi,Right Back,89.0,0.8337612402261589,0.8530118759503204,92.0,0.9960832210242587,79.0,0.985427897574124,82.0,0.993766846361186,83.0,0.9884181266846361,82.0,0.9939353099730458,79.0,0.928108153638814
5-3-2,log,0.0,5,DM,29,256079,Moisés Caicedo,Defensive Midfielder,87.0,0.9827188664274614,0.8662413534479729,71.0,0.5314605795148248,64.0,0.7079262129380054,78.0,0.9788999326145552,81.0,0.9784787735849056,84.0,0.9973466981132075,82.0,0.9767941374663073
5-3-2,log,0.0,6,CM1,11,251854,Pedri,Central Midfielder,89.0,0.8770553125530485,0.8626448070430534,77.0,0.7560646900269542,73.0,0.9365313342318059,85.0,0.9979363207547169,91.0,0.9997894204851752,78.0,0.9791947439353099,77.0,0.8747051886792453
5-3-2,log,0.0,7,CM2,10,255253,Vitinha,Central Midfielder,89.0,0.795899749002126,0.8445876941529731,72.0,0.5712601078167115,80.0,0.9888814016172507,86.0,0.998862870619946,90.0,0.9993682614555256,75.0,0.9551886792452831,70.0,0.5805677223719676
5-3-2,log,0.0,8,ST1,13,202126,Harry Kane,Striker,89.0,0.9841806203997862,0.8864801880389525,64.0,0.2726162398921833,92.0,1.0,83.0,0.9952830188679245,82.0,0.984332884097035,48.0,0.31620619946091644,82.0,0.9767941374663073
5-3-2,log,0.0,9,ST2,6,239085,Erling Haaland,Striker,90.0,0.9999611285147314,0.8999912539158146,86.0,0.9560731132075472,91.0,0.9999157681940701,70.0,0.866576819407008,80.0,0.9699292452830188,45.0,0.29274764150943394,88.0,0.9994946091644205
5-3-2,log,0.05,0,LB,42,252145,Nuno Mendes,Left Back,86.0,0.99502880398078,0.8589311928558677,95.0,0.9995788409703504,65.0,0.7434299191374663,76.0,0.9648332210242587,82.0,0.984332884097035,80.0,0.9880390835579514,77.0,0.8747051886792453
5-3-2,log,0.05,1,CB1,21,232580,Gabriel,Center Back,88.0,0.9997095821450804,0.8799361080719177,64.0,0.2726162398921833,44.0,0.23269036388140163,64.0,0.66661051212938,65.0,0.44326987870619944,88.0,0.9997894204851752,84.0,0.991661051212938
5-3-2,log,0.05,2,CB2,4,203376,Virgil van Dijk,Center Back,90.0,0.9961802750195612,0.8991405618794013,73.0,0.612449460916442,60.0,0.5613207547169812,72.0,0.910377358490566,72.0,0.8008338948787062,90.0,1.0,87.0,0.9988207547169812
5-3-2,log,0.05,3,CB3,34,243715,William Saliba,Center Back,87.0,0.9987626893446114,0.869730884932453,77.0,0.7560646900269542,39.0,0.16682109164420486,68.0,0.8125842318059299,72.0,0.8008338948787062,87.0,0.9995788409703504,83.0,0.9852594339622641
5-3-2,log,0.05,4,RB,8,235212,Achraf Hakimi,Right Back,89.0,0.8337612402261589,0.8530118759503204,92.0,0.9960832210242587,79.0,0.985427897574124,82.0,0.993766846361186,83.0,0.9884181266846361,82.0,0.9939353099730458,79.0,0.928108153638814
5-3-2,log,0.05,5,DM,29,256079,Moisés Caicedo,Defensive Midfielder,87.0,0.9827188664274614,0.8662413534479729,71.0,0.5314605795148248,64.0,0.7079262129380054,78.0,0.9788999326145552,81.0,0.9784787735849056,84.0,0.9973466981132075,82.0,0.9767941374663073
5-3-2,log,0.05,6,CM1,11,251854,Pedri,Central Midfielder,89.0,0.8770553125530485,0.8626448070430534,77.0,0.7560646900269542,73.0,0.9365313342318059,85.0,0.9979363207547169,91.0,0.9997894204851752,78.0,0.9791947439353099,77.0,0.8747051886792453
5-3-2,log,0.05,7,CM2,10,255253,Vitinha,Central Midfielder,89.0,0.795899749002126,0.8445876941529731,72.0,0.5712601078167115,80.0,0.9888814016172507,86.0,0.998862870619946,90.0,0.9993682614555256,75.0,0.9551886792452831,70.0,0.5805677223719676
5-3-2,log,0.05,8,ST1,13,202126,Harry Kane,Striker,89.0,0.9841806203997862,0.8864801880389525,64.0,0.2726162398921833,92.0,1.0,83.0,0.9952830188679245,82.0,0.984332884097035,48.0,0.31620619946091644,82.0,0.9767941374663073
5-3-2,log,0.05,9,ST2,6,239085,Erling Haaland,Striker,90.0,0.9999611285147314,0.8999912539158146,86.0,0.9560731132075472,91.0,0.9999157681940701,70.0,0.866576819407008,80.0,0.9699292452830188,45.0,0.29274764150943394,88.0,0.9994946091644205
5-3-2,log,0.1,0,LB,42,252145,Nuno Mendes,Left Back,86.0,0.99502880398078,0.8589311928558677,95.0,0.9995788409703504,65.0,0.7434299191374663,76.0,0.9648332210242587,82.0,0.984332884097035,80.0,0.9880390835579514,77.0,0.8747051886792453
5-3-2,log,0.1,1,CB1,21,232580,Gabriel,Center Back,88.0,0.9997095821450804,0.8799361080719177,64.0,0.2726162398921833,44.0,0.23269036388140163,64.0,0.66661051212938,65.0,0.44326987870619944,88.0,0.9997894204851752,84.0,0.991661051212938
5-3-2,log,0.1,2,CB2,4,203376,Virgil van Dijk,Center Back,90.0,0.9961802750195612,0.8991405618794013,73.0,0.612449460916442,60.0,0.5613207547169812,72.0,0.910377358490566,72.0,0.8008338948787062,90.0,1.0,87.0,0.9988207547169812
5-3-2,log,0.1,3,CB3,31,207865,Marquinhos,Center Back,87.0,0.9802460611648384,0.8657035183033523,78.0,0.7868092991913747,56.0,0.4365734501347709,75.0,0.9548096361185984,74.0,0.8688510781671159,89.0,0.9999157681940701,80.0,0.948997641509434
5-3-2,log,0.1,4,RB,8,235212,Achraf Hakimi,Right Back,89.0,0.8337612402261589,0.8530118759503204,92.0,0.9960832210242587,79.0,0.985427897574124,82.0,0.993766846361186,83.0,0.9884181266846361,82.0,0.9939353099730458,79.0,0.928108153638814
5-3-2,log,0.1,5,DM,29,256079,Moisés Caicedo,Defensive Midfielder,87.0,0.9827188664274614,0.8662413534479729,71.0,0.5314605795148248,64.0,0.7079262129380054,78.0,0.9788999326145552,81.0,0.9784787735849056,84.0,0.9973466981132075,82.0,0.9767941374663073
5-3-2,log,0.1,6,CM1,11,251854,Pedri,Central Midfielder,89.0,0.8770553125530485,0.8626448070430534,77.0,0.7560646900269542,73.0,0.9365313342318059,85.0,0.9979363207547169,91.0,0.9997894204851752,78.0,0.9791947439353099,77.0,0.8747051886792453
5-3-2,log,0.1,7,CM2,10,255253,Vitinha,Central Midfielder,89.0,0.795899749002126,0.8445876941529731,72.0,0.5712601078167115,80.0,0.9888814016172507,86.0,0.998862870619946,90.0,0.9993682614555256,75.0,0.9551886792452831,70.0,0.5805677223719676
5-3-2,log,0.1,8,ST1,6,239085,Erling Haaland,Striker,90.0,0.9999611285147314,0.8999912539158146,86.0,0.9560731132075472,91.0,0.9999157681940701,70.0,0.866576819407008,80.0,0.9699292452830188,45.0,0.29274764150943394,88.0,0.9994946091644205
5-3-2,log,0.1,9,ST2,13,202126,Harry Kane,Striker,89.0,0.9841806203997862,0.8864801880389525,64.0,0.2726162398921833,92.0,1.0,83.0,0.9952830188679245,82.0,0.984332884097035,48.0,0.31620619946091644,82.0,0.9767941374663073
5-3-2,log,0.25,0,LB,42,252145,Nuno Mendes,Left Back,86.0,0.99502880398078,0.8589311928558677,95.0,0.9995788409703504,65.0,0.7434299191374663,76.0,0.9648332210242587,82.0,0.984332884097035,80.0,0.9880390835579514,77.0,0.8747051886792453
5-3-2,log,0.25,1,CB1,25,237383,Alessandro Bastoni,Center Back,87.0,0.9849969460502416,0.8667368357659275,74.0,0.6517014824797843,46.0,0.26014993261455527,75.0,0.9548096361185984,76.0,0.9156839622641509,88.0,0.9997894204851752,82.0,0.9767941374663073
5-3-2,log,0.25,2,CB2,4,203376,Virgil van Dijk,Center Back,90.0,0.9961802750195612,0.8991405618794013,73.0,0.612449460916442,60.0,0.5613207547169812,72.0,0.910377358490566,72.0,0.8008338948787062,90.0,1.0,87.0,0.9988207547169812
5-3-2,log,0.25,3,CB3,31,207865,Marquinhos,Center Back,87.0,0.9802460611648384,0.8657035183033523,78.0,0.7868092991913747,56.0,0.4365734501347709,75.0,0.9548096361185984,74.0,0.8688510781671159,89.0,0.9999157681940701,80.0,0.948997641509434
5-3-2,log,0.25,4,RB,8,235212,Achraf Hakimi,Right Back,89.0,0.8337612402261589,0.8530118759503204,92.0,0.9960832210242587,79.0,0.985427897574124,82.0,0.993766846361186,83.0,0.9884181266846361,82.0,0.9939353099730458,79.0,0.928108153638814
5-3-2,log,0.25,5,DM,29,256079,Moisés Caicedo,Defensive Midfielder,87.0,0.9827188664274614,0.8662413534479729,71.0,0.5314605795148248,64.0,0.7079262129380054,78.0,0.9788999326145552,81.0,0.9784787735849056,84.0,0.9973466981132075,82.0,0.9767941374663073
5-3-2,log,0.25,6,CM1,11,251854,Pedri,Central Midfielder,89.0,0.8770553125530485,0.8626448070430534,77.0,0.7560646900269542,73.0,0.9365313342318059,85.0,0.9979363207547169,91.0,0.9997894204851752,78.0,0.9791947439353099,77.0,0.8747051886792453
5-3-2,log,0.25,7,CM2,10,255253,Vitinha,Central Midfielder,89.0,0.795899749002126,0.8445876941529731,72.0,0.5712601078167115,80.0,0.9888814016172507,86.0,0.998862870619946,90.0,0.9993682614555256,75.0,0.9551886792452831,70.0,0.5805677223719676
5-3-2,log,0.25,8,ST1,18,231478,Lautaro Martínez,Striker,88.0,0.9957760401692644,0.8790707288372382,81.0,0.867713948787062,88.0,0.9994103773584906,75.0,0.9548096361185984,84.0,0.9919137466307277,51.0,0.33878032345013476,83.0,0.9852594339622641
5-3-2,log,0.25,9,ST2,6,239085,Erling Haaland,Striker,90.0,0.9999611285147314,0.8999912539158146,86.0,0.9560731132075472,91.0,0.9999157681940701,70.0,0.866576819407008,80.0,0.9699292452830188,45.0,0.29274764150943394,88.0,0.9994946091644205
5-3-2,log,0.5,0,LB,42,252145,Nuno Mendes,Left Back,86.0,0.99502880398078,0.8589311928558677,95.0,0.9995788409703504,65.0,0.7434299191374663,76.0,0.9648332210242587,82.0,0.984332884097035,80.0,0.9880390835579514,77.0,0.8747051886792453
5-3-2,log,0.5,1,CB1,25,237383,Alessandro Bastoni,Center Back,87.0,0.9849969460502416,0.8667368357659275,74.0,0.6517014824797843,46.0,0.26014993261455527,75.0,0.9548096361185984,76.0,0.9156839622641509,88.0,0.9997894204851752,82.0,0.9767941374663073
5-3-2,log,0.5,2,CB2,4,203376,Virgil van Dijk,Center Back,90.0,0.9961802750195612,0.8991405618794013,73.0,0.612449460916442,60.0,0.5613207547169812,72.0,0.910377358490566,72.0,0.8008338948787062,90.0,1.0,87.0,0.9988207547169812
5-3-2,log,0.5,3,CB3,31,207865,Marquinhos,Center Back,87.0,0.9802460611648384,0.8657035183033523,78.0,0.7868092991913747,56.0,0.4365734501347709,75.0,0.9548096361185984,74.0,0.8688510781671159,89.0,0.9999157681940701,80.0,0.948997641509434
5-3-2,log,0.5,4,RB,8,235212,Achraf Hakimi,Right Back,89.0,0.8337612402261589,0.8530118759503204,92.0,0.9960832210242587,79.0,0.985427897574124,82.0,0.993766846361186,83.0,0.9884181266846361,82.0,0.9939353099730458,79.0,0.928108153638814
5-3-2,log,0.5,5,DM,29,256079,Moisés Caicedo,Defensive Midfielder,87.0,0.9827188664274614,0.8662413534479729,71.0,0.5314605795148248,64.0,0.7079262129380054,78.0,0.9788999326145552,81.0,0.9784787735849056,84.0,0.9973466981132075,82.0,0.9767941374663073
5-3-2,log,0.5,6,CM1,11,251854,Pedri,Central Midfielder,89.0,0.8770553125530485,0.8626448070430534,77.0,0.7560646900269542,73.0,0.9365313342318059,85.0,0.9979363207547169,91.0,0.9997894204851752,78.0,0.9791947439353099,77.0,0.8747051886792453
5-3-2,log,0.5,7,CM2,14,239053,Federico Valverde,Central Midfielder,89.0,0.6911176064634604,0.82127366743812,88.0,0.9748146900269542,84.0,0.9978520889487871,84.0,0.9966307277628033,84.0,0.9919137466307277,83.0,0.995788409703504,85.0,0.9954093665768194
5-3-2,log,0.5,8,ST1,18,231478,Lautaro Martínez,Striker,88.0,0.9957760401692644,0.8790707288372382,81.0,0.867713948787062,88.0,0.9994103773584906,75.0,0.9548096361185984,84.0,0.9919137466307277,51.0,0.33878032345013476,83.0,0.9852594339622641
5-3-2,log,0.5,9,ST2,6,239085,Erling Haaland,Striker,90.0,0.9999611285147314,0.8999912539158146,86.0,0.9560731132075472,91.0,0.9999157681940701,70.0,0.866576819407008,80.0,0.9699292452830188,45.0,0.29274764150943394,88.0,0.9994946091644205
5-3-2,log,1.0,0,LB,42,252145,Nuno Mendes,Left Back,86.0,0.99502880398078,0.8589311928558677,95.0,0.9995788409703504,65.0,0.7434299191374663,76.0,0.9648332210242587,82.0,0.984332884097035,80.0,0.9880390835579514,77.0,0.8747051886792453
5-3-2,log,1.0,1,CB1,43,205452,Antonio Rüdiger,Center Back,86.0,0.9947861711270808,0.8588790267923224,79.0,0.8138477088948787,55.0,0.4134518194070081,72.0,0.910377358490566,70.0,0.7179919137466307,84.0,0.9973466981132075,86.0,0.9975151617250674
5-3-2,log,1.0,2,CB2,4,203376,Virgil van Dijk,Center Back,90.0,0.9961802750195612,0.8991405618794013,73.0,0.612449460916442,60.0,0.5613207547169812,72.0,0.910377358490566,72.0,0.8008338948787062,90.0,1.0,87.0,0.9988207547169812
5-3-2,log,1.0,3,CB3,31,207865,Marquinhos,Center Back,87.0,0.9802460611648384,0.8657035183033523,78.0,0.7868092991913747,56.0,0.4365734501347709,75.0,0.9548096361185984,74.0,0.8688510781671159,89.0,0.9999157681940701,80.0,0.948997641509434
5-3-2,log,1.0,4,RB,8,235212,Achraf Hakimi,Right Back,89.0,0.8337612402261589,0.8530118759503204,92.0,0.9960832210242587,79.0,0.985427897574124,82.0,0.993766846361186,83.0,0.9884181266846361,82.0,0.9939353099730458,79.0,0.928108153638814
5-3-2,log,1.0,5,DM,29,256079,Moisés Caicedo,Defensive Midfielder,87.0,0.9827188664274614,0.8662413534479729,71.0,0.5314605795148248,64.0,0.7079262129380054,78.0,0.9788999326145552,81.0,0.9784787735849056,84.0,0.9973466981132075,82.0,0.9767941374663073
5-3-2,log,1.0,6,CM1,11,251854,Pedri,Central Midfielder,89.0,0.8770553125530485,0.8626448070430534,77.0,0.7560646900269542,73.0,0.9365313342318059,85.0,0.9979363207547169,91.0,0.9997894204851752,78.0,0.9791947439353099,77.0,0.8747051886792453
5-3-2,log,1.0,7,CM2,14,239053,Federico Valverde,Central Midfielder,89.0,0.6911176064634604,0.82127366743812,88.0,0.9748146900269542,84.0,0.9978520889487871,84.0,0.9966307277628033,84.0,0.9919137466307277,83.0,0.995788409703504,85.0,0.9954093665768194
5-3-2,log,1.0,8,ST1,18,231478,Lautaro Martínez,Striker,88.0,0.9957760401692644,0.8790707288372382,81.0,0.867713948787062,88.0,0.9994103773584906,75.0,0.9548096361185984,84.0,0.9919137466307277,51.0,0.33878032345013476,83.0,0.9852594339622641
5-3-2,log,1.0,9,ST2,6,239085,Erling Haaland,Striker,90.0,0.9999611285147314,0.8999912539158146,86.0,0.9560731132075472,91.0,0.9999157681940701,70.0,0.866576819407008,80.0,0.9699292452830188,45.0,0.29274764150943394,88.0,0.9994946091644205
5-3-2,exp,0.0,0,LB,42,252145,Nuno Mendes,Left Back,86.0,0.99502880398078,0.8589311928558677,95.0,0.9995788409703504,65.0,0.7434299191374663,76.0,0.9648332210242587,82.0,0.984332884097035,80.0,0.9880390835579514,77.0,0.8747051886792453
5-3-2,exp,0.0,1,CB1,4,203376,Virgil van Dijk,Center Back,90.0,0.9961802750195612,0.8991405618794013,73.0,0.612449460916442,60.0,0.5613207547169812,72.0,0.910377358490566,72.0,0.8008338948787062,90.0,1.0,87.0,0.9988207547169812
5-3-2,exp,0.0,2,CB2,36,213331,Jonathan Tah,Center Back,87.0,0.9997990044585502,0.8699562834697346,63.0,0.24536725067385445,38.0,0.154144204851752,60.0,0.47224561994609165,63.0,0.33722203504043125,87.0,0.9995788409703504,86.0,0.9975151617250674
5-3-2,exp,0.0,3,CB3,21,232580,Gabriel,Center Back,88.0,0.9997095821450804,0.8799361080719177,64.0,0.2726162398921833,44.0,0.23269036388140163,64.0,0.66661051212938,65.0,0.44326987870619944,88.0,0.9997894204851752,84.0,0.991661051212938
5-3-2,exp,0.0,4,RB,8,235212,Achraf Hakimi,Right Back,89.0,0.8337612402261589,0.8530118759503204,92.0,0.9960832210242587,79.0,0.985427897574124,82.0,0.993766846361186,83.0,0.9884181266846361,82.0,0.9939353099730458,79.0,0.928108153638814
5-3-2,exp,0.0,5,DM,29,256079,Moisés Caicedo,Defensive Midfielder,87.0,0.9827188664274614,0.8662413534479729,71.0,0.5314605795148248,64.0,0.7079262129380054,78.0,0.9788999326145552,81.0,0.9784787735849056,84.0,0.9973466981132075,82.0,0.9767941374663073
5-3-2,exp,0.0,6,CM1,11,251854,Pedri,Central Midfielder,89.0,0.8770553125530485,0.8626448070430534,77.0,0.7560646900269542,73.0,0.9365313342318059,85.0,0.9979363207547169,91.0,0.9997894204851752,78.0,0.9791947439353099,77.0,0.8747051886792453
5-3-2,exp,0.0,7,CM2,10,255253,Vitinha,Central Midfielder,89.0,0.795899749002126,0.8445876941529731,72.0,0.5712601078167115,80.0,0.9888814016172507,86.0,0.998862870619946,90.0,0.9993682614555256,75.0,0.9551886792452831,70.0,0.5805677223719676
5-3-2,exp,0.0,8,ST1,13,202126,Harry Kane,Striker,89.0,0.9841806203997862,0.8864801880389525,64.0,0.2726162398921833,92.0,1.0,83.0,0.9952830188679245,82.0,0.984332884097035,48.0,0.31620619946091644,82.0,0.9767941374663073
5-3-2,exp,0.0,9,ST2,6,239085,Erling Haaland,Striker,90.0,0.9999611285147314,0.8999912539158146,86.0,0.9560731132075472,91.0,0.9999157681940701,70.0,0.866576819407008,80.0,0.9699292452830188,45.0,0.29274764150943394,88.0,0.9994946091644205
5-3-2,exp,0.05,0,LB,42,252145,Nuno Mendes,Left Back,86.0,0.99502880398078,0.8589311928558677,95.0,0.9995788409703504,65.0,0.7434299191374663,76.0,0.9648332210242587,82.0,0.984332884097035,80.0,0.9880390835579514,77.0,0.8747051886792453
5-3-2,exp,0.05,1,CB1,34,243715,William Saliba,Center Back,87.0,0.9987626893446114,0.869730884932453,77.0,0.7560646900269542,39.0,0.16682109164420486,68.0,0.8125842318059299,72.0,0.8008338948787062,87.0,0.9995788409703504,83.0,0.9852594339622641
5-3-2,exp,0.05,2,CB2,4,203376,Virgil van Dijk,Center Back,90.0,0.9961802750195612,0.8991405618794013,73.0,0.612449460916442,60.0,0.5613207547169812,72.0,0.910377358490566,72.0,0.8008338948787062,90.0,1.0,87.0,0.9988207547169812
5-3-2,exp,0.05,3,CB3,21,232580,Gabriel,Center Back,88.0,0.9997095821450804,0.8799361080719177,64.0,0.2726162398921833,44.0,0.23269036388140163,64.0,0.66661051212938,65.0,0.44326987870619944,88.0,0.9997894204851752,84.0,0.991661051212938
5-3-2,exp,0.05,4,RB,8,235212,Achraf Hakimi,Right Back,89.0,0.8337612402261589,0.8530118759503204,92.0,0.9960832210242587,79.0,0.985427897574124,82.0,0.993766846361186,83.0,0.9884181266846361,82.0,0.9939353099730458,79.0,0.928108153638814
5-3-2,exp,0.05,5,DM,29,256079,Moisés Caicedo,Defensive Midfielder,87.0,0.9827188664274614,0.8662413534479729,71.0,0.5314605795148248,64.0,0.7079262129380054,78.0,0.9788999326145552,81.0,0.9784787735849056,84.0,0.9973466981132075,82.0,0.9767941374663073
5-3-2,exp,0.05,6,CM1,11,251854,Pedri,Central Midfielder,89.0,0.8770553125530485,0.8626448070430534,77.0,0.7560646900269542,73.0,0.9365313342318059,85.0,0.9979363207547169,91.0,0.9997894204851752,78.0,0.9791947439353099,77.0,0.8747051886792453
5-3-2,exp,0.05,7,CM2,10,255253,Vitinha,Central Midfielder,89.0,0.795899749002126,0.8445876941529731,72.0,0.5712601078167115,80.0,0.9888814016172507,86.0,0.998862870619946,90.0,0.9993682614555256,75.0,0.9551886792452831,70.0,0.5805677223719676
5-3-2,exp,0.05,8,ST1,13,202126,Harry Kane,Striker,89.0,0.9841806203997862,0.8864801880389525,64.0,0.2726162398921833,92.0,1.0,83.0,0.9952830188679245,82.0,0.984332884097035,48.0,0.31620619946091644,82.0,0.9767941374663073
5-3-2,exp,0.05,9,ST2,6,239085,Erling Haaland,Striker,90.0,0.9999611285147314,0.8999912539158146,86.0,0.9560731132075472,91.0,0.9999157681940701,70.0,0.866576819407008,80.0,0.9699292452830188,45.0,0.29274764150943394,88.0,0.9994946091644205
5-3-2,exp,0.1,0,LB,42,252145,Nuno Mendes,Left Back,86.0,0.99502880398078,0.8589311928558677,95.0,0.9995788409703504,65.0,0.7434299191374663,76.0,0.9648332210242587,82.0,0.984332884097035,80.0,0.9880390835579514,77.0,0.8747051886792453
5-3-2,exp,0.1,1,CB1,34,243715,William Saliba,Center Back,87.0,0.9987626893446114,0.869730884932453,77.0,0.7560646900269542,39.0,0.16682109164420486,68.0,0.8125842318059299,72.0,0.8008338948787062,87.0,0.9995788409703504,83.0,0.9852594339622641
5-3-2,exp,0.1,2,CB2,4,203376,Virgil van Dijk,Center Back,90.0,0.9961802750195612,0.8991405618794013,73.0,0.612449460916442,60.0,0.5613207547169812,72.0,0.910377358490566,72.0,0.8008338948787062,90.0,1.0,87.0,0.9988207547169812
5-3-2,exp,0.1,3,CB3,21,232580,Gabriel,Center Back,88.0,0.9997095821450804,0.8799361080719177,64.0,0.2726162398921833,44.0,0.23269036388140163,64.0,0.66661051212938,65.0,0.44326987870619944,88.0,0.9997894204851752,84.0,0.991661051212938
5-3-2,exp,0.1,4,RB,8,235212,Achraf Hakimi,Right Back,89.0,0.8337612402261589,0.8530118759503204,92.0,0.9960832210242587,79.0,0.985427897574124,82.0,0.993766846361186,83.0,0.9884181266846361,82.0,0.9939353099730458,79.0,0.928108153638814
5-3-2,exp,0.1,5,DM,29,256079,Moisés Caicedo,Defensive Midfielder,87.0,0.9827188664274614,0.8662413534479729,71.0,0.5314605795148248,64.0,0.7079262129380054,78.0,0.9788999326145552,81.0,0.9784787735849056,84.0,0.9973466981132075,82.0,0.9767941374663073
5-3-2,exp,0.1,6,CM1,11,251854,Pedri,Central Midfielder,89.0,0.8770553125530485,0.8626448070430534,77.0,0.7560646900269542,73.0,0.9365313342318059,85.0,0.9979363207547169,91.0,0.9997894204851752,78.0,0.9791947439353099,77.0,0.8747051886792453
5-3-2,exp,0.1,7,CM2,10,255253,Vitinha,Central Midfielder,89.0,0.795899749002126,0.8445876941529731,72.0,0.5712601078167115,80.0,0.9888814016172507,86.0,0.998862870619946,90.0,0.9993682614555256,75.0,0.9551886792452831,70.0,0.5805677223719676
5-3-2,exp,0.1,8,ST1,13,202126,Harry Kane,Striker,89.0,0.9841806203997862,0.8864801880389525,64.0,0.2726162398921833,92.0,1.0,83.0,0.9952830188679245,82.0,0.984332884097035,48.0,0.31620619946091644,82.0,0.9767941374663073
5-3-2,exp,0.1,9,ST2,6,239085,Erling Haaland,Striker,90.0,0.9999611285147314,0.8999912539158146,86.0,0.9560731132075472,91.0,0.9999157681940701,70.0,0.866576819407008,80.0,0.9699292452830188,45.0,0.29274764150943394,88.0,0.9994946091644205
5-3-2,exp,0.25,0,LB,42,252145,Nuno Mendes,Left Back,86.0,0.99502880398078,0.8589311928558677,95.0,0.9995788409703504,65.0,0.7434299191374663,76.0,0.9648332210242587,82.0,0.984332884097035,80.0,0.9880390835579514,77.0,0.8747051886792453
5-3-2,exp,0.25,1,CB1,21,232580,Gabriel,Center Back,88.0,0.9997095821450804,0.8799361080719177,64.0,0.2726162398921833,44.0,0.23269036388140163,64.0,0.66661051212938,65.0,0.44326987870619944,88.0,0.9997894204851752,84.0,0.991661051212938
5-3-2,exp,0.25,2,CB2,4,203376,Virgil van Dijk,Center Back,90.0,0.9961802750195612,0.8991405618794013,73.0,0.612449460916442,60.0,0.5613207547169812,72.0,0.910377358490566,72.0,0.8008338948787062,90.0,1.0,87.0,0.9988207547169812
5-3-2,exp,0.25,3,CB3,31,207865,Marquinhos,Center Back,87.0,0.9802460611648384,0.8657035183033523,78.0,0.7868092991913747,56.0,0.4365734501347709,75.0,0.9548096361185984,74.0,0.8688510781671159,89.0,0.9999157681940701,80.0,0.948997641509434
5-3-2,exp,0.25,4,RB,8,235212,Achraf Hakimi,Right Back,89.0,0.8337612402261589,0.8530118759503204,92.0,0.9960832210242587,79.0,0.985427897574124,82.0,0.993766846361186,83.0,0.9884181266846361,82.0,0.9939353099730458,79.0,0.928108153638814
5-3-2,exp,0.25,5,DM,29,256079,Moisés Caicedo,Defensive Midfielder,87.0,0.9827188664274614,0.8662413534479729,71.0,0.5314605795148248,64.0,0.7079262129380054,78.0,0.9788999326145552,81.0,0.9784787735849056,84.0,0.9973466981132075,82.0,0.9767941374663073
5-3-2,exp,0.25,6,CM1,11,251854,Pedri,Central Midfielder,89.0,0.8770553125530485,0.8626448070430534,77.0,0.7560646900269542,73.0,0.9365313342318059,85.0,0.9979363207547169,91.0,0.9997894204851752,78.0,0.9791947439353099,77.0,0.8747051886792453
5-3-2,exp,0.25,7,CM2,10,255253,Vitinha,Central Midfielder,89.0,0.795899749002126,0.8445876941529731,72.0,0.5712601078167115,80.0,0.9888814016172507,86.0,0.998862870619946,90.0,0.9993682614555256,75.0,0.9551886792452831,70.0,0.5805677223719676
5-3-2,exp,0.25,8,ST1,18,231478,Lautaro Martínez,Striker,88.0,0.9957760401692644,0.8790707288372382,81.0,0.867713948787062,88.0,0.9994103773584906,75.0,0.9548096361185984,84.0,0.9919137466307277,51.0,0.33878032345013476,83.0,0.9852594339622641
5-3-2,exp,0.25,9,ST2,6,239085,Erling Haaland,Striker,90.0,0.9999611285147314,0.8999912539158146,86.0,0.9560731132075472,91.0,0.9999157681940701,70.0,0.866576819407008,80.0,0.9699292452830188,45.0,0.29274764150943394,88.0,0.9994946091644205
5-3-2,exp,0.5,0,LB,42,252145,Nuno Mendes,Left Back,86.0,0.99502880398078,0.8589311928558677,95.0,0.9995788409703504,65.0,0.7434299191374663,76.0,0.9648332210242587,82.0,0.984332884097035,80.0,0.9880390835579514,77.0,0.8747051886792453
5-3-2,exp,0.5,1,CB1,25,237383,Alessandro Bastoni,Center Back,87.0,0.9849969460502416,0.8667368357659275,74.0,0.6517014824797843,46.0,0.26014993261455527,75.0,0.9548096361185984,76.0,0.9156839622641509,88.0,0.9997894204851752,82.0,0.9767941374663073
5-3-2,exp,0.5,2,CB2,4,203376,Virgil van Dijk,Center Back,90.0,0.9961802750195612,0.8991405618794013,73.0,0.612449460916442,60.0,0.5613207547169812,72.0,0.910377358490566,72.0,0.8008338948787062,90.0,1.0,87.0,0.9988207547169812
5-3-2,exp,0.5,3,CB3,31,207865,Marquinhos,Center Back,87.0,0.9802460611648384,0.8657035183033523,78.0,0.7868092991913747,56.0,0.4365734501347709,75.0,0.9548096361185984,74.0,0.8688510781671159,89.0,0.9999157681940701,80.0,0.948997641509434
5-3-2,exp,0.5,4,RB,8,235212,Achraf Hakimi,Right Back,89.0,0.8337612402261589,0.8530118759503204,92.0,0.9960832210242587,79.0,0.985427897574124,82.0,0.993766846361186,83.0,0.9884181266846361,82.0,0.9939353099730458,79.0,0.928108153638814
5-3-2,exp,0.5,5,DM,29,256079,Moisés Caicedo,Defensive Midfielder,87.0,0.9827188664274614,0.8662413534479729,71.0,0.5314605795148248,64.0,0.7079262129380054,78.0,0.9788999326145552,81.0,0.9784787735849056,84.0,0.9973466981132075,82.0,0.9767941374663073
5-3-2,exp,0.5,6,CM1,11,251854,Pedri,Central Midfielder,89.0,0.8770553125530485,0.8626448070430534,77.0,0.7560646900269542,73.0,0.9365313342318059,85.0,0.9979363207547169,91.0,0.9997894204851752,78.0,0.9791947439353099,77.0,0.8747051886792453
5-3-2,exp,0.5,7,CM2,10,255253,Vitinha,Central Midfielder,89.0,0.795899749002126,0.8445876941529731,72.0,0.5712601078167115,80.0,0.9888814016172507,86.0,0.998862870619946,90.0,0.9993682614555256,75.0,0.9551886792452831,70.0,0.5805677223719676
5-3-2,exp,0.5,8,ST1,18,231478,Lautaro Martínez,Striker,88.0,0.9957760401692644,0.8790707288372382,81.0,0.867713948787062,88.0,0.9994103773584906,75.0,0.9548096361185984,84.0,0.9919137466307277,51.0,0.33878032345013476,83.0,0.9852594339622641
5-3-2,exp,0.5,9,ST2,6,239085,Erling Haaland,Striker,90.0,0.9999611285147314,0.8999912539158146,86.0,0.9560731132075472,91.0,0.9999157681940701,70.0,0.866576819407008,80.0,0.9699292452830188,45.0,0.29274764150943394,88.0,0.9994946091644205
5-3-2,exp,1.0,0,LB,42,252145,Nuno Mendes,Left Back,86.0,0.99502880398078,0.8589311928558677,95.0,0.9995788409703504,65.0,0.7434299191374663,76.0,0.9648332210242587,82.0,0.984332884097035,80.0,0.9880390835579514,77.0,0.8747051886792453
5-3-2,exp,1.0,1,CB1,25,237383,Alessandro Bastoni,Center Back,87.0,0.9849969460502416,0.8667368357659275,74.0,0.6517014824797843,46.0,0.26014993261455527,75.0,0.9548096361185984,76.0,0.9156839622641509,88.0,0.9997894204851752,82.0,0.9767941374663073
5-3-2,exp,1.0,2,CB2,4,203376,Virgil van Dijk,Center Back,90.0,0.9961802750195612,0.8991405618794013,73.0,0.612449460916442,60.0,0.5613207547169812,72.0,0.910377358490566,72.0,0.8008338948787062,90.0,1.0,87.0,0.9988207547169812
5-3-2,exp,1.0,3,CB3,31,207865,Marquinhos,Center Back,87.0,0.9802460611648384,0.8657035183033523,78.0,0.7868092991913747,56.0,0.4365734501347709,75.0,0.9548096361185984,74.0,0.8688510781671159,89.0,0.9999157681940701,80.0,0.948997641509434
5-3-2,exp,1.0,4,RB,8,235212,Achraf Hakimi,Right Back,89.0,0.8337612402261589,0.8530118759503204,92.0,0.9960832210242587,79.0,0.985427897574124,82.0,0.993766846361186,83.0,0.9884181266846361,82.0,0.9939353099730458,79.0,0.928108153638814
5-3-2,exp,1.0,5,DM,29,256079,Moisés Caicedo,Defensive Midfielder,87.0,0.9827188664274614,0.8662413534479729,71.0,0.5314605795148248,64.0,0.7079262129380054,78.0,0.9788999326145552,81.0,0.9784787735849056,84.0,0.9973466981132075,82.0,0.9767941374663073
5-3-2,exp,1.0,6,CM1,11,251854,Pedri,Central Midfielder,89.0,0.8770553125530485,0.8626448070430534,77.0,0.7560646900269542,73.0,0.9365313342318059,85.0,0.9979363207547169,91.0,0.9997894204851752,78.0,0.9791947439353099,77.0,0.8747051886792453
5-3-2,exp,1.0,7,CM2,14,239053,Federico Valverde,Central Midfielder,89.0,0.6911176064634604,0.82127366743812,88.0,0.9748146900269542,84.0,0.9978520889487871,84.0,0.9966307277628033,84.0,0.9919137466307277,83.0,0.995788409703504,85.0,0.9954093665768194
5-3-2,exp,1.0,8,ST1,18,231478,Lautaro Martínez,Striker,88.0,0.9957760401692644,0.8790707288372382,81.0,0.867713948787062,88.0,0.9994103773584906,75.0,0.9548096361185984,84.0,0.9919137466307277,51.0,0.33878032345013476,83.0,0.9852594339622641
5-3-2,exp,1.0,9,ST2,6,239085,Erling Haaland,Striker,90.0,0.9999611285147314,0.8999912539158146,86.0,0.9560731132075472,91.0,0.9999157681940701,70.0,0.866576819407008,80.0,0.9699292452830188,45.0,0.29274764150943394,88.0,0.9994946091644205
